# {'date': u'2017_jun_07_1124', 'frameRate': 99.783882116485074, 'expName': 'pavlovian', u'participant': u'28'}
subj,condition,session_index,induction,cardset,trial,time,cardnumber,trial_type,reward_type,response,RT,RT_in_frames,reward,won_if_correct,reward_sum
28,yoked,1,induction,5,0,49.7287403307,2,go,avoid,1,0.561276289253,-1,1,-1
28,yoked,1,induction,5,1,55.130437733,2,go,avoid,0,-1,-10,0,-11
28,yoked,1,induction,5,2,60.2916229357,2,go,avoid,1,0.491125956065,-1,1,-12
28,yoked,1,induction,5,3,65.6231749642,2,go,avoid,1,0.541245794862,-11,0,-23
28,yoked,1,induction,5,4,70.8344695396,1,go,win,1,0.691573332446,9,1,-14
28,yoked,1,induction,5,5,76.0558260867,3,nogo,win,0,-1,0,0,-14
28,yoked,1,induction,5,6,81.206941104,1,go,win,1,0.461061423582,9,1,-5
28,yoked,1,induction,5,7,86.4683434069,2,go,avoid,1,0.791780652286,-1,1,-6
28,yoked,1,induction,5,8,91.990306873,4,nogo,avoid,1,0.641445042556,-1,1,-7
28,yoked,1,induction,5,9,97.2917910999,4,nogo,avoid,0,-1,-10,0,-17
28,yoked,1,induction,5,10,102.422918357,1,go,win,1,0.461073567891,9,1,-8
28,yoked,1,induction,5,11,107.584102155,3,nogo,win,0,-1,0,0,-8
28,yoked,1,induction,5,12,113.146155755,4,nogo,avoid,1,0.601374213215,-11,0,-19
28,yoked,1,induction,5,13,118.447650845,2,go,avoid,1,0.481099406662,-11,0,-30
28,yoked,1,induction,5,14,124.059807088,4,nogo,avoid,1,0.501147928043,-1,1,-31
28,yoked,1,induction,5,15,129.591790667,3,nogo,win,1,0.431002590321,-1,0,-32
28,yoked,1,induction,5,16,135.03358406,2,go,avoid,1,0.350834988894,-1,1,-33
28,yoked,1,induction,5,17,140.274950461,4,nogo,avoid,0,-1,-10,0,-43
28,yoked,1,induction,5,18,145.666637326,1,go,win,1,0.541245686592,-1,0,-44
28,yoked,1,induction,5,19,151.028257375,3,nogo,win,1,0.551254467649,-1,0,-45
28,yoked,1,induction,5,20,156.780726726,2,go,avoid,1,0.531210577828,-11,0,-56
28,yoked,1,induction,5,21,162.032107181,1,go,win,1,0.48111022466,-1,0,-57
28,yoked,1,induction,5,22,167.574111791,1,go,win,0,-1,10,1,-47
28,yoked,1,induction,5,23,173.176251926,2,go,avoid,0,-1,0,1,-47
28,yoked,1,induction,5,24,178.307380846,2,go,avoid,0,-1,-10,0,-57
28,yoked,1,induction,5,25,183.65897455,1,go,win,1,0.41095622833,9,1,-48
28,yoked,1,induction,5,26,189.241073166,4,nogo,avoid,0,-1,0,1,-48
28,yoked,1,induction,5,27,194.622742335,1,go,win,1,0.571295542446,-1,0,-49
28,yoked,1,induction,5,28,199.763885618,1,go,win,0,-1,10,1,-39
28,yoked,1,induction,5,29,205.416132311,3,nogo,win,0,-1,0,0,-39
28,yoked,1,induction,5,30,210.82783961,1,go,win,0,-1,10,1,-29
28,yoked,1,induction,5,31,216.349828676,2,go,avoid,0,-1,0,1,-29
28,yoked,1,induction,5,32,221.751535955,4,nogo,avoid,0,-1,-10,0,-39
28,yoked,1,induction,5,33,226.972853528,2,go,avoid,0,-1,-10,0,-49
28,yoked,1,induction,5,34,232.444722304,2,go,avoid,1,0.521200801286,-11,0,-60
28,yoked,1,induction,5,35,237.635964184,4,nogo,avoid,0,-1,0,1,-60
28,yoked,1,induction,5,36,242.977542602,3,nogo,win,1,0.511169945134,-1,0,-61
28,yoked,1,induction,5,37,248.569665947,4,nogo,avoid,1,0.491131763559,-1,1,-62
28,yoked,1,induction,5,38,253.841090607,1,go,win,1,0.521205697504,-1,0,-63
28,yoked,1,induction,5,39,259.122537861,1,go,win,1,0.521191288544,-1,0,-64
28,yoked,1,induction,5,40,264.604417383,4,nogo,avoid,1,0.541238630984,-1,1,-65
28,yoked,1,induction,5,41,270.156451147,1,go,win,0,-1,10,1,-55
28,yoked,1,induction,5,42,275.538121134,1,go,win,0,-1,10,1,-45
28,yoked,1,induction,5,43,281.020259493,3,nogo,win,0,-1,10,1,-35
28,yoked,1,induction,5,44,286.291429276,3,nogo,win,0,-1,10,1,-25
28,yoked,1,induction,5,45,291.953697324,2,go,avoid,0,-1,-10,0,-35
28,yoked,1,induction,5,46,297.164992706,3,nogo,win,0,-1,0,0,-35
28,yoked,1,induction,5,47,302.366271868,3,nogo,win,1,0.641459213924,-1,0,-36
28,yoked,1,induction,5,48,307.8281062,1,go,win,0,-1,10,1,-26
28,yoked,1,induction,5,49,313.079482564,3,nogo,win,1,0.60137142225,9,1,-17
28,yoked,1,induction,5,50,318.250725766,1,go,win,1,0.631456796748,9,1,-8
28,yoked,1,induction,5,51,323.502079865,3,nogo,win,0,-1,0,0,-8
28,yoked,1,induction,5,52,328.823616734,3,nogo,win,0,-1,10,1,2
28,yoked,1,induction,5,53,334.325543293,2,go,avoid,1,0.551260293189,-11,0,-9
28,yoked,1,induction,5,54,339.677142018,3,nogo,win,0,-1,0,0,-9
28,yoked,1,induction,5,55,345.289316038,4,nogo,avoid,1,0.491109796736,-1,1,-10
28,yoked,1,induction,5,56,350.801259863,1,go,win,0,-1,10,1,0
28,yoked,1,induction,5,57,356.122784223,4,nogo,avoid,0,-1,0,1,0
28,yoked,1,induction,5,58,361.18375481,2,go,avoid,1,0.521191724632,-11,0,-11
28,yoked,1,induction,5,59,366.46520533,4,nogo,avoid,0,-1,0,1,-11
28,yoked,1,induction,5,60,372.007217534,3,nogo,win,1,0.631438222393,9,1,-2
28,yoked,1,induction,5,61,377.539217273,2,go,avoid,0,-1,-10,0,-12
28,yoked,1,induction,5,62,382.85072549,3,nogo,win,1,0.521203616311,9,1,-3
28,yoked,1,induction,5,63,388.011934208,2,go,avoid,0,-1,0,1,-3
28,yoked,1,induction,5,64,393.333443606,3,nogo,win,1,0.491129697402,-1,0,-4
28,yoked,1,induction,5,65,398.624911431,1,go,win,1,0.451039698219,-1,0,-5
28,yoked,1,induction,5,66,403.936423528,1,go,win,1,0.521197333631,9,1,4
28,yoked,1,induction,5,67,409.408294397,4,nogo,avoid,1,0.491137504888,-1,1,3
28,yoked,1,induction,5,68,414.69975402,4,nogo,avoid,1,0.55125893981,-1,1,2
28,yoked,1,induction,5,69,419.810834395,3,nogo,win,1,0.230564660517,-1,0,1
28,yoked,1,induction,5,70,425.022136489,4,nogo,avoid,1,0.390907523491,-1,1,0
28,yoked,1,induction,5,71,430.273518092,1,go,win,1,0.661497792491,-1,0,-1
28,yoked,1,induction,5,72,435.855614728,2,go,avoid,0,-1,0,1,-1
28,yoked,1,induction,5,73,441.257329941,3,nogo,win,0,-1,0,0,-1
28,yoked,1,induction,5,74,446.709139886,4,nogo,avoid,1,0.51124577338,-1,1,-2
28,yoked,1,induction,5,75,452.070763951,3,nogo,win,0,-1,0,0,-2
28,yoked,1,induction,5,76,457.622797889,2,go,avoid,1,0.781757357004,-11,0,-13
28,yoked,1,induction,5,77,463.255009426,4,nogo,avoid,1,0.771737499302,-11,0,-24
28,yoked,1,induction,5,78,468.76695717,4,nogo,avoid,0,-1,0,1,-24
28,yoked,1,induction,5,79,474.138596867,4,nogo,avoid,0,-1,0,1,-24
28,yoked,2,exp,4,0,668.730325302,4,nogo,win,1,0.641449183892,9,0,9
28,yoked,2,exp,4,1,674.182130255,1,nogo,avoid,0,-1,0,1,9
28,yoked,2,exp,4,2,679.253126783,1,nogo,avoid,1,0.410956559155,-11,1,-2
28,yoked,2,exp,4,3,684.724977815,4,nogo,win,1,0.430995576818,-1,1,-3
28,yoked,2,exp,4,4,689.986407952,3,go,avoid,1,0.551269162323,-1,1,-4
28,yoked,2,exp,4,5,695.277852872,1,nogo,avoid,0,-1,0,1,-4
28,yoked,2,exp,4,6,700.829886492,4,nogo,win,1,0.591348120954,-1,1,-5
28,yoked,2,exp,4,7,706.171460143,1,nogo,avoid,1,0.531216872538,-11,1,-16
28,yoked,2,exp,4,8,711.633297311,1,nogo,avoid,0,-1,0,1,-16
28,yoked,2,exp,4,9,717.185331172,3,go,avoid,1,0.641451980872,-11,0,-27
28,yoked,2,exp,4,10,722.556970195,3,go,avoid,0,-1,0,0,-27
28,yoked,2,exp,4,11,728.098984203,3,go,avoid,0,-1,-10,1,-37
28,yoked,2,exp,4,12,733.270191315,4,nogo,win,1,0.491126542528,-1,1,-38
28,yoked,2,exp,4,13,738.852295007,4,nogo,win,1,0.551256870647,-1,1,-39
28,yoked,2,exp,4,14,744.304109797,3,go,avoid,0,-1,-10,1,-49
28,yoked,2,exp,4,15,749.876213517,2,go,win,1,0.531200334263,9,1,-40
28,yoked,2,exp,4,16,755.087482414,4,nogo,win,0,-1,10,1,-30
28,yoked,2,exp,4,17,760.559341611,2,go,win,1,0.501152493437,-1,0,-31
28,yoked,2,exp,4,18,765.910948092,3,go,avoid,0,-1,-10,1,-41
28,yoked,2,exp,4,19,771.61333059,3,go,avoid,1,0.330776651013,-11,0,-52
28,yoked,2,exp,4,20,777.195427804,2,go,win,1,0.320777617282,9,1,-43
28,yoked,2,exp,4,21,782.496894858,1,nogo,avoid,0,-1,-10,0,-53
28,yoked,2,exp,4,22,787.858521663,3,go,avoid,0,-1,-10,1,-63
28,yoked,2,exp,4,23,793.40052925,1,nogo,avoid,1,0.711614996713,-11,1,-74
28,yoked,2,exp,4,24,798.862378135,1,nogo,avoid,0,-1,0,1,-74
28,yoked,2,exp,4,25,804.424423255,3,go,avoid,1,0.631437626907,-1,1,-75
28,yoked,2,exp,4,26,809.555545763,4,nogo,win,1,0.390903312983,9,0,-66
28,yoked,2,exp,4,27,815.007357419,3,go,avoid,0,-1,-10,1,-76
28,yoked,2,exp,4,28,820.539350156,4,nogo,win,1,0.380957869998,-1,1,-77
28,yoked,2,exp,4,29,826.191604175,3,go,avoid,1,0.501149642321,-1,1,-78
28,yoked,2,exp,4,30,831.763686169,1,nogo,avoid,1,0.501145007755,-11,1,-89
28,yoked,2,exp,4,31,837.015067267,2,go,win,1,0.250610802961,9,1,-80
28,yoked,2,exp,4,32,842.356651315,2,go,win,1,0.471078105357,9,1,-71
28,yoked,2,exp,4,33,847.838532148,4,nogo,win,1,0.652065192416,-1,1,-72
28,yoked,2,exp,4,34,853.24023013,2,go,win,1,0.371643528062,9,1,-63
28,yoked,2,exp,4,35,858.451531813,4,nogo,win,0,-1,10,1,-53
28,yoked,2,exp,4,36,864.11380125,1,nogo,avoid,0,-1,-10,0,-63
28,yoked,2,exp,4,37,869.525535407,1,nogo,avoid,1,0.360851066161,-11,1,-74
28,yoked,2,exp,4,38,874.85708564,2,go,win,1,0.390912146027,-1,0,-75
28,yoked,2,exp,4,39,879.948131246,3,go,avoid,1,0.461067634081,-1,1,-76
28,yoked,2,exp,4,40,885.309747527,2,go,win,1,0.240591760294,9,1,-67
28,yoked,2,exp,4,41,890.861784924,4,nogo,win,1,0.34080302598,-1,1,-68
28,yoked,2,exp,4,42,896.373730851,2,go,win,1,0.241200711061,-1,0,-69
28,yoked,2,exp,4,43,902.046029693,2,go,win,1,0.51117655864,9,1,-60
28,yoked,2,exp,4,44,907.367561918,4,nogo,win,1,0.340804746274,9,0,-51
28,yoked,2,exp,4,45,913.089966688,1,nogo,avoid,0,-1,0,1,-51
28,yoked,2,exp,4,46,918.251150697,2,go,win,1,0.521193168236,9,1,-42
28,yoked,2,exp,4,47,923.342190886,3,go,avoid,0,-1,-10,1,-52
28,yoked,2,exp,4,48,928.924265144,3,go,avoid,1,0.280674890333,-1,1,-53
28,yoked,2,exp,4,49,934.245823627,1,nogo,avoid,0,-1,-10,0,-63
28,yoked,2,exp,4,50,939.376945353,1,nogo,avoid,1,0.270654755941,-1,0,-64
28,yoked,2,exp,4,51,944.538136045,1,nogo,avoid,1,0.611393201748,-11,1,-75
28,yoked,2,exp,4,52,950.130254975,2,go,win,1,0.351404210509,9,1,-66
28,yoked,2,exp,4,53,955.552001539,2,go,win,1,0.320756441433,-1,0,-67
28,yoked,2,exp,4,54,960.823420406,4,nogo,win,1,0.280666339994,-1,1,-68
28,yoked,2,exp,4,55,965.874382756,2,go,win,1,0.441029551753,9,1,-59
28,yoked,2,exp,4,56,971.256049027,4,nogo,win,0,-1,10,1,-49
28,yoked,2,exp,4,57,976.828123637,2,go,win,1,0.561276719326,9,1,-40
28,yoked,2,exp,4,58,982.079505977,2,go,win,0,-1,0,1,-40
28,yoked,2,exp,4,59,987.431116978,4,nogo,win,1,0.481118414099,9,0,-31
28,yoked,2,exp,4,60,992.963103769,4,nogo,win,1,0.521188350212,-1,1,-32
28,yoked,2,exp,4,61,998.434965415,3,go,avoid,0,-1,0,0,-32
28,yoked,2,exp,4,62,1003.98699414,2,go,win,1,0.300720912477,9,1,-23
28,yoked,2,exp,4,63,1009.25842942,3,go,avoid,0,-1,-10,1,-33
28,yoked,2,exp,4,64,1014.98082169,3,go,avoid,1,0.511176874428,-1,1,-34
28,yoked,2,exp,4,65,1020.34244801,1,nogo,avoid,0,-1,0,1,-34
28,yoked,2,exp,4,66,1025.75417997,2,go,win,1,0.481149436522,9,1,-25
28,yoked,2,exp,4,67,1031.40643226,4,nogo,win,1,0.521193231393,-1,1,-26
28,yoked,2,exp,4,68,1036.99855095,4,nogo,win,0,-1,10,1,-16
28,yoked,2,exp,4,69,1042.31006969,3,go,avoid,1,0.491127568088,-1,1,-17
28,yoked,2,exp,4,70,1047.79195148,1,nogo,avoid,0,-1,0,1,-17
28,yoked,2,exp,4,71,1053.16359348,4,nogo,win,1,0.380889175557,-1,1,-18
28,yoked,2,exp,4,72,1058.58534906,1,nogo,avoid,0,-1,-10,0,-28
28,yoked,2,exp,4,73,1063.99708414,2,go,win,1,0.420976146182,9,1,-19
28,yoked,2,exp,4,74,1069.5591363,3,go,avoid,0,-1,-10,1,-29
28,yoked,2,exp,4,75,1075.12118756,4,nogo,win,1,0.290728702777,-1,1,-30
28,yoked,2,exp,4,76,1080.73336107,1,nogo,avoid,0,-1,-10,0,-40
28,yoked,2,exp,4,77,1085.9546749,3,go,avoid,1,0.440976673784,-11,0,-51
28,yoked,2,exp,4,78,1091.34638567,1,nogo,avoid,1,0.491191832473,-11,1,-62
28,yoked,2,exp,4,79,1096.73804644,2,go,win,1,0.521778904065,9,1,-53
28,yoked,3,exp,2,0,1245.70087782,1,go,win,1,0.390911986629,9,1,9
28,yoked,3,exp,2,1,1251.19278301,4,nogo,win,0,-1,0,0,9
28,yoked,3,exp,2,2,1256.8851135,2,nogo,avoid,0,-1,0,1,9
28,yoked,3,exp,2,3,1262.46720544,4,nogo,win,1,0.481112621643,-1,1,8
28,yoked,3,exp,2,4,1267.91902475,1,go,win,1,0.400928821789,-1,0,7
28,yoked,3,exp,2,5,1273.43096903,3,go,avoid,1,0.571306540895,-1,1,6
28,yoked,3,exp,2,6,1279.0331094,1,go,win,1,0.451045063609,9,1,15
28,yoked,3,exp,2,7,1284.74548956,1,go,win,1,0.521868058569,9,1,24
28,yoked,3,exp,2,8,1289.91669411,3,go,avoid,0,-1,-10,1,14
28,yoked,3,exp,2,9,1295.18813301,2,nogo,avoid,1,0.350829181401,-11,1,3
28,yoked,3,exp,2,10,1300.58982401,2,nogo,avoid,0,-1,0,1,3
28,yoked,3,exp,2,11,1306.03164616,1,go,win,1,0.441632361193,9,1,12
28,yoked,3,exp,2,12,1311.23289629,4,nogo,win,1,0.390911508436,9,0,21
28,yoked,3,exp,2,13,1316.64462522,2,nogo,avoid,0,-1,0,1,21
28,yoked,3,exp,2,14,1321.86594927,3,go,avoid,1,0.501149242323,-1,1,20
28,yoked,3,exp,2,15,1326.92691088,2,nogo,avoid,0,-1,0,1,20
28,yoked,3,exp,2,16,1332.1883149,4,nogo,win,1,0.41152831309,-1,1,19
28,yoked,3,exp,2,17,1337.58000295,4,nogo,win,0,-1,10,1,29
28,yoked,3,exp,2,18,1342.96166119,2,nogo,avoid,1,0.501146577672,-1,0,28
28,yoked,3,exp,2,19,1348.32328297,4,nogo,win,1,0.420982368712,-1,1,27
28,yoked,3,exp,2,20,1353.76508494,4,nogo,win,0,-1,0,0,27
28,yoked,3,exp,2,21,1359.05654775,3,go,avoid,1,0.571304489777,-1,1,26
28,yoked,3,exp,2,22,1364.60858308,3,go,avoid,0,-1,-10,1,16
28,yoked,3,exp,2,23,1370.11050753,2,nogo,avoid,1,0.471821157804,-1,0,15
28,yoked,3,exp,2,24,1375.69261063,4,nogo,win,1,0.39091609789,-1,1,14
28,yoked,3,exp,2,25,1381.29475822,2,nogo,avoid,1,0.751690201976,-11,1,3
28,yoked,3,exp,2,26,1386.55615046,3,go,avoid,0,-1,-10,1,-7
28,yoked,3,exp,2,27,1391.77746827,1,go,win,1,0.260633084713,9,1,2
28,yoked,3,exp,2,28,1397.09900546,2,nogo,avoid,0,-1,0,1,2
28,yoked,3,exp,2,29,1402.58088501,1,go,win,1,0.260634453128,9,1,11
28,yoked,3,exp,2,30,1408.08281339,4,nogo,win,0,-1,10,1,21
28,yoked,3,exp,2,31,1413.35423806,2,nogo,avoid,1,0.861955316196,-11,1,10
28,yoked,3,exp,2,32,1418.74592251,2,nogo,avoid,0,-1,0,1,10
28,yoked,3,exp,2,33,1424.15765368,2,nogo,avoid,0,-1,-10,0,0
28,yoked,3,exp,2,34,1429.41906105,3,go,avoid,0,-1,-10,1,-10
28,yoked,3,exp,2,35,1434.64037516,3,go,avoid,1,0.551262708216,-1,1,-11
28,yoked,3,exp,2,36,1439.88172919,4,nogo,win,1,0.461136785664,-1,1,-12
28,yoked,3,exp,2,37,1445.33355232,4,nogo,win,0,-1,0,0,-12
28,yoked,3,exp,2,38,1450.81544043,4,nogo,win,0,-1,10,1,-2
28,yoked,3,exp,2,39,1456.18711357,4,nogo,win,0,-1,0,0,-2
28,yoked,3,exp,2,40,1461.44848077,4,nogo,win,0,-1,10,1,8
28,yoked,3,exp,2,41,1467.14082165,4,nogo,win,0,-1,0,0,8
28,yoked,3,exp,2,42,1472.86322302,4,nogo,win,0,-1,10,1,18
28,yoked,3,exp,2,43,1478.00436526,2,nogo,avoid,0,-1,0,1,18
28,yoked,3,exp,2,44,1483.42611965,1,go,win,1,0.451085634863,-1,0,17
28,yoked,3,exp,2,45,1488.63741665,1,go,win,1,0.831873111608,-1,0,16
28,yoked,3,exp,2,46,1493.898817,1,go,win,0,-1,0,1,16
28,yoked,3,exp,2,47,1499.3005345,4,nogo,win,0,-1,0,0,16
28,yoked,3,exp,2,48,1504.55190947,4,nogo,win,0,-1,10,1,26
28,yoked,3,exp,2,49,1509.88345662,2,nogo,avoid,0,-1,0,1,26
28,yoked,3,exp,2,50,1515.16491382,3,go,avoid,1,0.461067973929,-11,0,15
28,yoked,3,exp,2,51,1520.43634854,3,go,avoid,0,-1,0,0,15
28,yoked,3,exp,2,52,1525.72781257,2,nogo,avoid,0,-1,-10,0,5
28,yoked,3,exp,2,53,1530.94912922,1,go,win,1,0.330777730708,9,1,14
28,yoked,3,exp,2,54,1536.32077254,3,go,avoid,0,-1,0,0,14
28,yoked,3,exp,2,55,1541.77258804,2,nogo,avoid,0,-1,0,1,14
28,yoked,3,exp,2,56,1547.2143854,3,go,avoid,0,-1,0,0,14
28,yoked,3,exp,2,57,1552.65618499,1,go,win,1,0.431593225378,9,1,23
28,yoked,3,exp,2,58,1557.85745497,3,go,avoid,0,-1,0,0,23
28,yoked,3,exp,2,59,1563.4195144,2,nogo,avoid,0,-1,0,1,23
28,yoked,3,exp,2,60,1568.81119933,3,go,avoid,0,-1,-10,1,13
28,yoked,3,exp,2,61,1574.32314705,3,go,avoid,1,0.491133853775,-11,0,2
28,yoked,3,exp,2,62,1579.71483778,1,go,win,1,0.340817437949,-1,0,1
28,yoked,3,exp,2,63,1585.37710481,2,nogo,avoid,0,-1,-10,0,-9
28,yoked,3,exp,2,64,1590.84896404,1,go,win,0,-1,10,0,1
28,yoked,3,exp,2,65,1596.06026039,1,go,win,0,-1,10,0,11
28,yoked,3,exp,2,66,1601.63234853,4,nogo,win,0,-1,10,1,21
28,yoked,3,exp,2,67,1607.23448285,4,nogo,win,0,-1,0,0,21
28,yoked,3,exp,2,68,1612.66625774,1,go,win,0,-1,0,1,21
28,yoked,3,exp,2,69,1618.09802769,3,go,avoid,0,-1,-10,1,11
28,yoked,3,exp,2,70,1623.46968073,2,nogo,avoid,0,-1,-10,0,1
28,yoked,3,exp,2,71,1628.98162362,3,go,avoid,0,-1,-10,1,-9
28,yoked,3,exp,2,72,1634.48354738,1,go,win,0,-1,0,1,-9
28,yoked,3,exp,2,73,1639.96542759,2,nogo,avoid,1,0.491134401142,-1,0,-10
28,yoked,3,exp,2,74,1645.32705064,1,go,win,1,0.551269318714,9,1,-1
28,yoked,3,exp,2,75,1650.8890988,3,go,avoid,1,0.431004482043,-1,1,-2
28,yoked,3,exp,2,76,1656.03025486,1,go,win,1,0.541888595108,9,1,7
28,yoked,3,exp,2,77,1661.54220018,1,go,win,1,0.30075186272,-1,0,6
28,yoked,3,exp,2,78,1667.12431369,3,go,avoid,0,-1,-10,1,-4
28,yoked,3,exp,2,79,1672.52600963,3,go,avoid,0,-1,-10,1,-14
28,yoked,4,induction,8,0,1866.57653797,4,nogo,win,1,0.571301292798,9,1,9
28,yoked,4,induction,8,1,1872.11855425,1,go,avoid,0,-1,-10,0,-1
28,yoked,4,induction,8,2,1877.56034006,4,nogo,win,1,0.491135724444,-1,0,-2
28,yoked,4,induction,8,3,1883.05224473,4,nogo,win,1,0.400946848778,-1,0,-3
28,yoked,4,induction,8,4,1888.38380426,4,nogo,win,0,-1,10,1,7
28,yoked,4,induction,8,5,1893.98594378,1,go,avoid,0,-1,0,1,7
28,yoked,4,induction,8,6,1899.52795431,4,nogo,win,0,-1,10,1,17
28,yoked,4,induction,8,7,1904.99981396,3,go,win,1,0.420975391297,-1,0,16
28,yoked,4,induction,8,8,1910.2512022,1,go,avoid,0,-1,0,1,16
28,yoked,4,induction,8,9,1915.91346896,2,nogo,avoid,0,-1,-10,0,6
28,yoked,4,induction,8,10,1921.18489433,2,nogo,avoid,1,0.430999823417,-11,0,-5
28,yoked,4,induction,8,11,1926.41623634,1,go,avoid,1,0.741690443436,-1,1,-6
28,yoked,4,induction,8,12,1932.12861341,1,go,avoid,0,-1,0,1,-6
28,yoked,4,induction,8,13,1937.43010415,2,nogo,avoid,0,-1,-10,0,-16
28,yoked,4,induction,8,14,1943.0723284,4,nogo,win,1,0.441015723241,9,1,-7
28,yoked,4,induction,8,15,1948.35377828,2,nogo,avoid,0,-1,0,1,-7
28,yoked,4,induction,8,16,1953.8156231,3,go,win,1,0.59135157357,9,1,2
28,yoked,4,induction,8,17,1959.4678652,3,go,win,1,0.471084336909,9,1,11
28,yoked,4,induction,8,18,1964.93972596,1,go,avoid,0,-1,0,1,11
28,yoked,4,induction,8,19,1970.44165107,2,nogo,avoid,0,-1,0,1,11
28,yoked,4,induction,8,20,1976.01372843,1,go,avoid,1,0.320759136158,-11,0,0
28,yoked,4,induction,8,21,1981.38539034,3,go,win,1,0.641454350786,-1,0,-1
28,yoked,4,induction,8,22,1986.52651244,1,go,avoid,0,-1,0,1,-1
28,yoked,4,induction,8,23,1991.72778758,4,nogo,win,1,0.671520131385,9,1,8
28,yoked,4,induction,8,24,1997.03930312,3,go,win,0,-1,10,1,18
28,yoked,4,induction,8,25,2002.46105097,3,go,win,0,-1,10,1,28
28,yoked,4,induction,8,26,2007.96297684,3,go,win,0,-1,10,1,38
28,yoked,4,induction,8,27,2013.39475279,2,nogo,avoid,0,-1,-10,0,28
28,yoked,4,induction,8,28,2018.56596122,4,nogo,win,1,0.551259757853,-1,0,27
28,yoked,4,induction,8,29,2023.85743693,2,nogo,avoid,1,0.581344957917,-11,0,16
28,yoked,4,induction,8,30,2029.45957298,4,nogo,win,1,0.571300733402,9,1,25
28,yoked,4,induction,8,31,2034.61073362,4,nogo,win,1,0.491128756053,9,1,34
28,yoked,4,induction,8,32,2039.94229081,3,go,win,0,-1,0,0,34
28,yoked,4,induction,8,33,2045.15358965,2,nogo,avoid,1,0.531211050006,-11,0,23
28,yoked,4,induction,8,34,2050.74570936,4,nogo,win,1,0.45104769217,9,1,32
28,yoked,4,induction,8,35,2056.05721893,2,nogo,avoid,0,-1,0,1,32
28,yoked,4,induction,8,36,2061.17832578,3,go,win,1,0.491128701917,9,1,41
28,yoked,4,induction,8,37,2066.49986106,1,go,avoid,0,-1,-10,0,31
28,yoked,4,induction,8,38,2071.72117211,3,go,win,0,-1,0,0,31
28,yoked,4,induction,8,39,2077.35340023,2,nogo,avoid,1,0.380908161942,-1,1,30
28,yoked,4,induction,8,40,2082.69495709,3,go,win,1,0.521207739601,-1,0,29
28,yoked,4,induction,8,41,2088.23697443,3,go,win,1,0.420970332673,9,1,38
28,yoked,4,induction,8,42,2093.84917286,1,go,avoid,0,-1,0,1,38
28,yoked,4,induction,8,43,2099.29092769,4,nogo,win,1,0.501154908464,9,1,47
28,yoked,4,induction,8,44,2104.54231272,2,nogo,avoid,0,-1,0,1,47
28,yoked,4,induction,8,45,2109.63334617,4,nogo,win,1,0.561275278731,9,1,56
28,yoked,4,induction,8,46,2115.05509941,1,go,avoid,1,0.631428682584,-11,0,45
28,yoked,4,induction,8,47,2120.54700288,3,go,win,1,0.350838303166,-1,0,44
28,yoked,4,induction,8,48,2126.0389073,1,go,avoid,1,0.411017340849,-11,0,33
28,yoked,4,induction,8,49,2131.34040391,2,nogo,avoid,1,0.591349167565,-11,0,22
28,yoked,4,induction,8,50,2136.58176416,2,nogo,avoid,0,-1,0,1,22
28,yoked,4,induction,8,51,2142.17388596,1,go,avoid,0,-1,-10,0,12
28,yoked,4,induction,8,52,2147.80609119,3,go,win,1,0.350830655078,9,1,21
28,yoked,4,induction,8,53,2153.23786513,2,nogo,avoid,1,0.461063790488,-11,0,10
28,yoked,4,induction,8,54,2158.54937899,4,nogo,win,0,-1,0,0,10
28,yoked,4,induction,8,55,2164.11143374,4,nogo,win,1,0.350825500213,9,1,19
28,yoked,4,induction,8,56,2169.51314038,4,nogo,win,1,0.360871980357,9,1,28
28,yoked,4,induction,8,57,2174.86473292,1,go,avoid,1,0.701582904477,-1,1,27
28,yoked,4,induction,8,58,2180.33660261,3,go,win,1,0.701580841328,-1,0,26
28,yoked,4,induction,8,59,2185.71827119,4,nogo,win,1,0.581328458739,9,1,35
28,yoked,4,induction,8,60,2191.03979946,1,go,avoid,1,0.731647972296,-1,1,34
28,yoked,4,induction,8,61,2196.56177087,1,go,avoid,0,-1,0,1,34
28,yoked,4,induction,8,62,2201.82318915,4,nogo,win,1,0.511175824809,9,1,43
28,yoked,4,induction,8,63,2207.0444975,3,go,win,0,-1,10,1,53
28,yoked,4,induction,8,64,2212.44619786,1,go,avoid,1,0.531213068043,-1,1,52
28,yoked,4,induction,8,65,2217.64747542,3,go,win,0,-1,10,1,62
28,yoked,4,induction,8,66,2223.00909319,2,nogo,avoid,1,0.350835313705,-1,1,61
28,yoked,4,induction,8,67,2228.42082896,2,nogo,avoid,0,-1,0,1,61
28,yoked,4,induction,8,68,2233.94279718,2,nogo,avoid,0,-1,-10,0,51
28,yoked,4,induction,8,69,2239.35453057,2,nogo,avoid,0,-1,-10,0,41
28,yoked,4,induction,8,70,2244.92659912,2,nogo,avoid,1,0.471085792542,-1,1,40
28,yoked,4,induction,8,71,2250.03768109,3,go,win,0,-1,10,1,50
28,yoked,4,induction,8,72,2255.59973872,2,nogo,avoid,1,0.571318246109,-1,1,49
28,yoked,4,induction,8,73,2261.021492,4,nogo,win,1,0.390908431757,-1,0,48
28,yoked,4,induction,8,74,2266.41318101,1,go,avoid,1,0.481119424621,-1,1,47
28,yoked,4,induction,8,75,2271.54429907,1,go,avoid,0,-1,0,1,47
28,yoked,4,induction,8,76,2276.92596785,4,nogo,win,0,-1,0,0,47
28,yoked,4,induction,8,77,2282.27756913,1,go,avoid,0,-1,-10,0,37
28,yoked,4,induction,8,78,2287.99997223,3,go,win,0,-1,10,1,47
28,yoked,4,induction,8,79,2293.38163466,3,go,win,0,-1,0,0,47
28,yoked,5,exp,9,0,2557.39379441,4,nogo,win,1,0.300713258374,-1,1,-1
28,yoked,5,exp,9,1,2562.68525497,3,go,avoid,1,0.71161075613,-1,1,-2
28,yoked,5,exp,9,2,2568.20722651,1,go,win,0,-1,10,0,8
28,yoked,5,exp,9,3,2573.46862848,4,nogo,win,0,-1,10,1,18
28,yoked,5,exp,9,4,2579.07077355,1,go,win,0,-1,0,1,18
28,yoked,5,exp,9,5,2584.6328312,3,go,avoid,1,0.300785306185,-1,1,17
28,yoked,5,exp,9,6,2589.77397013,4,nogo,win,1,0.591339832267,9,0,26
28,yoked,5,exp,9,7,2595.28591918,2,nogo,avoid,0,-1,0,1,26
28,yoked,5,exp,9,8,2600.64753871,4,nogo,win,1,0.331382407809,-1,1,25
28,yoked,5,exp,9,9,2605.91896303,3,go,avoid,0,-1,-10,1,15
28,yoked,5,exp,9,10,2611.35073142,2,nogo,avoid,0,-1,0,1,15
28,yoked,5,exp,9,11,2616.9127874,2,nogo,avoid,0,-1,0,1,15
28,yoked,5,exp,9,12,2622.4548052,3,go,avoid,0,-1,-10,1,5
28,yoked,5,exp,9,13,2628.03689756,4,nogo,win,0,-1,10,1,15
28,yoked,5,exp,9,14,2633.27826168,4,nogo,win,0,-1,10,1,25
28,yoked,5,exp,9,15,2638.70000978,1,go,win,0,-1,0,1,25
28,yoked,5,exp,9,16,2644.22198127,2,nogo,avoid,0,-1,-10,0,15
28,yoked,5,exp,9,17,2649.42325373,4,nogo,win,0,-1,10,1,25
28,yoked,5,exp,9,18,2654.90513311,2,nogo,avoid,1,0.461078253584,-1,0,24
28,yoked,5,exp,9,19,2660.33691183,4,nogo,win,0,-1,10,1,34
28,yoked,5,exp,9,20,2665.6384002,3,go,avoid,1,0.240593252017,-11,0,23
28,yoked,5,exp,9,21,2671.18040888,2,nogo,avoid,1,0.471103957878,-11,1,12
28,yoked,5,exp,9,22,2676.45183612,3,go,avoid,0,-1,0,0,12
28,yoked,5,exp,9,23,2682.12415957,4,nogo,win,0,-1,0,0,12
28,yoked,5,exp,9,24,2687.55590362,2,nogo,avoid,1,0.400940890909,-1,0,11
28,yoked,5,exp,9,25,2693.13800325,1,go,win,0,-1,0,1,11
28,yoked,5,exp,9,26,2698.66999752,1,go,win,1,0.300764319809,9,1,20
28,yoked,5,exp,9,27,2703.82116733,2,nogo,avoid,1,0.511173097,-1,0,19
28,yoked,5,exp,9,28,2709.30308169,3,go,avoid,1,0.270643682305,-1,1,18
28,yoked,5,exp,9,29,2714.52436922,1,go,win,1,0.24058594077,-1,0,17
28,yoked,5,exp,9,30,2720.09649915,1,go,win,1,0.320758155712,9,1,26
28,yoked,5,exp,9,31,2725.4079533,3,go,avoid,1,0.24059409111,-1,1,25
28,yoked,5,exp,9,32,2730.81968751,1,go,win,1,0.290694531495,9,1,34
28,yoked,5,exp,9,33,2736.03098225,2,nogo,avoid,1,0.360843565441,-11,1,23
28,yoked,5,exp,9,34,2741.48280796,1,go,win,1,0.16041242057,9,1,32
28,yoked,5,exp,9,35,2746.77425716,1,go,win,1,0.210526806759,-1,0,31
28,yoked,5,exp,9,36,2752.32641947,2,nogo,avoid,1,0.511174185717,-1,0,30
28,yoked,5,exp,9,37,2757.97854272,1,go,win,0,-1,0,1,30
28,yoked,5,exp,9,38,2763.48049431,3,go,avoid,0,-1,-10,1,20
28,yoked,5,exp,9,39,2768.67172662,2,nogo,avoid,1,0.300721375634,-11,1,9
28,yoked,5,exp,9,40,2774.22378669,4,nogo,win,1,0.0902429145308,-1,1,8
28,yoked,5,exp,9,41,2779.45509777,4,nogo,win,0,-1,0,0,8
28,yoked,5,exp,9,42,2784.70647107,3,go,avoid,1,0.681541934943,-1,1,7
28,yoked,5,exp,9,43,2789.9277973,4,nogo,win,0,-1,10,1,17
28,yoked,5,exp,9,44,2795.29943949,2,nogo,avoid,0,-1,0,1,17
28,yoked,5,exp,9,45,2800.92162638,2,nogo,avoid,0,-1,0,1,17
28,yoked,5,exp,9,46,2806.40351085,3,go,avoid,0,-1,-10,1,7
28,yoked,5,exp,9,47,2811.89541052,3,go,avoid,1,0.451049893663,-1,1,6
28,yoked,5,exp,9,48,2817.25703193,3,go,avoid,0,-1,-10,1,-4
28,yoked,5,exp,9,49,2822.81909396,2,nogo,avoid,1,0.431004454976,-11,1,-15
28,yoked,5,exp,9,50,2828.02036998,3,go,avoid,1,0.461063634099,-1,1,-16
28,yoked,5,exp,9,51,2833.73274477,1,go,win,1,0.210549603654,9,1,-7
28,yoked,5,exp,9,52,2839.13445245,3,go,avoid,1,0.330768939768,-1,1,-8
28,yoked,5,exp,9,53,2844.52613895,4,nogo,win,1,0.521213426795,9,0,1
28,yoked,5,exp,9,54,2849.88775706,1,go,win,1,0.200505328011,9,1,10
28,yoked,5,exp,9,55,2854.96877349,3,go,avoid,1,0.280669368552,-1,1,9
28,yoked,5,exp,9,56,2860.34041957,2,nogo,avoid,1,0.240590283608,-11,1,-2
28,yoked,5,exp,9,57,2865.70204309,3,go,avoid,1,0.211089041938,-11,0,-13
28,yoked,5,exp,9,58,2870.86322663,4,nogo,win,1,0.521191234409,-1,1,-14
28,yoked,5,exp,9,59,2876.45534826,1,go,win,1,0.240562608538,9,1,-5
28,yoked,5,exp,9,60,2881.9372307,1,go,win,1,0.481115584036,-1,0,-6
28,yoked,5,exp,9,61,2887.53936801,2,nogo,avoid,0,-1,0,1,-6
28,yoked,5,exp,9,62,2892.86091137,4,nogo,win,0,-1,0,0,-6
28,yoked,5,exp,9,63,2898.18245372,2,nogo,avoid,0,-1,0,1,-6
28,yoked,5,exp,9,64,2903.82467471,2,nogo,avoid,0,-1,0,1,-6
28,yoked,5,exp,9,65,2908.97582683,4,nogo,win,0,-1,10,1,4
28,yoked,5,exp,9,66,2914.31741346,1,go,win,0,-1,0,1,4
28,yoked,5,exp,9,67,2919.44854606,3,go,avoid,1,0.390901487426,-1,1,3
28,yoked,5,exp,9,68,2924.91037733,4,nogo,win,0,-1,10,1,13
28,yoked,5,exp,9,69,2930.35217098,2,nogo,avoid,0,-1,0,1,13
28,yoked,5,exp,9,70,2935.62359855,4,nogo,win,0,-1,10,1,23
28,yoked,5,exp,9,71,2941.20569801,4,nogo,win,0,-1,10,1,33
28,yoked,5,exp,9,72,2946.3568633,3,go,avoid,1,0.330781204377,-1,1,32
28,yoked,5,exp,9,73,2951.87883559,4,nogo,win,0,-1,10,1,42
28,yoked,5,exp,9,74,2957.0901253,1,go,win,0,-1,0,1,42
28,yoked,5,exp,9,75,2962.58203116,2,nogo,avoid,1,0.47108964215,-1,0,41
28,yoked,5,exp,9,76,2967.90359466,1,go,win,1,0.320759027888,-1,0,40
28,yoked,5,exp,9,77,2973.33533935,1,go,win,0,-1,0,1,40
28,yoked,5,exp,9,78,2978.6668998,3,go,avoid,1,0.280747308067,-1,1,39
28,yoked,5,exp,9,79,2984.10869514,1,go,win,0,-1,0,1,39
28,yoked,6,exp,1,0,3433.34228461,4,go,win,1,0.49113276205,9,1,9
28,yoked,6,exp,1,1,3438.51349162,1,nogo,win,0,-1,10,1,19
28,yoked,6,exp,1,2,3443.65463552,3,go,avoid,0,-1,0,0,19
28,yoked,6,exp,1,3,3449.3068722,1,nogo,win,1,0.280684920366,9,0,28
28,yoked,6,exp,1,4,3454.73866322,3,go,avoid,0,-1,-10,1,18
28,yoked,6,exp,1,5,3460.44102049,3,go,avoid,1,0.461066358897,-1,1,17
28,yoked,6,exp,1,6,3465.70242549,4,go,win,1,0.531213952248,9,1,26
28,yoked,6,exp,1,7,3471.27450056,2,nogo,avoid,0,-1,-10,0,16
28,yoked,6,exp,1,8,3476.94679565,4,go,win,1,0.320764919592,9,1,25
28,yoked,6,exp,1,9,3482.46876523,4,go,win,1,0.461067216038,9,1,34
28,yoked,6,exp,1,10,3487.87047356,2,nogo,avoid,0,-1,-10,0,24
28,yoked,6,exp,1,11,3493.35235574,2,nogo,avoid,1,0.430998256505,-11,1,13
28,yoked,6,exp,1,12,3498.75406488,4,go,win,1,0.461061868693,9,1,22
28,yoked,6,exp,1,13,3503.90522949,1,nogo,win,1,0.340799642538,-1,1,21
28,yoked,6,exp,1,14,3509.1064959,3,go,avoid,1,0.611381141649,-11,0,10
28,yoked,6,exp,1,15,3514.75875328,2,nogo,avoid,1,0.371442786069,-11,1,-1
28,yoked,6,exp,1,16,3519.96002434,1,nogo,win,1,0.220541169749,-1,1,-2
28,yoked,6,exp,1,17,3525.48199846,1,nogo,win,0,-1,10,1,8
28,yoked,6,exp,1,18,3530.97389772,4,go,win,1,0.611386988241,9,1,17
28,yoked,6,exp,1,19,3536.41569498,2,nogo,avoid,1,0.531881441111,-11,1,6
28,yoked,6,exp,1,20,3541.8675119,4,go,win,1,0.320893177688,9,1,15
28,yoked,6,exp,1,21,3547.16900652,1,nogo,win,0,-1,10,1,25
28,yoked,6,exp,1,22,3552.6208197,2,nogo,avoid,0,-1,-10,0,15
28,yoked,6,exp,1,23,3557.94235416,1,nogo,win,0,-1,10,1,25
28,yoked,6,exp,1,24,3563.35408581,2,nogo,avoid,1,0.581954089135,-11,1,14
28,yoked,6,exp,1,25,3568.8860579,2,nogo,avoid,0,-1,-10,0,4
28,yoked,6,exp,1,26,3574.10739305,4,go,win,1,0.270641519906,9,1,13
28,yoked,6,exp,1,27,3579.33873111,3,go,avoid,0,-1,0,0,13
28,yoked,6,exp,1,28,3584.77050701,1,nogo,win,0,-1,0,0,13
28,yoked,6,exp,1,29,3590.40270913,1,nogo,win,1,0.380898171006,9,0,22
28,yoked,6,exp,1,30,3595.63404796,2,nogo,avoid,1,0.541254324149,-1,0,21
28,yoked,6,exp,1,31,3600.86537333,3,go,avoid,0,-1,0,0,21
28,yoked,6,exp,1,32,3606.19694512,4,go,win,1,0.360854482688,-1,0,20
28,yoked,6,exp,1,33,3611.47839337,3,go,avoid,0,-1,-10,1,10
28,yoked,6,exp,1,34,3617.10058032,2,nogo,avoid,1,0.831856925213,-11,1,-1
28,yoked,6,exp,1,35,3622.67265972,1,nogo,win,1,0.451043583917,-1,1,-2
28,yoked,6,exp,1,36,3628.12447628,1,nogo,win,0,-1,10,1,8
28,yoked,6,exp,1,37,3633.65646667,2,nogo,avoid,0,-1,-10,0,-2
28,yoked,6,exp,1,38,3639.37887572,2,nogo,avoid,1,0.441743175756,-1,0,-3
28,yoked,6,exp,1,39,3644.50998999,2,nogo,avoid,0,-1,-10,0,-13
28,yoked,6,exp,1,40,3649.95178648,4,go,win,1,0.270647928903,9,1,-4
28,yoked,6,exp,1,41,3655.3434712,3,go,avoid,0,-1,-10,1,-14
28,yoked,6,exp,1,42,3660.77524443,3,go,avoid,1,0.431002746713,-1,1,-15
28,yoked,6,exp,1,43,3666.23708435,4,go,win,1,0.260628591499,9,1,-6
28,yoked,6,exp,1,44,3671.59870307,2,nogo,avoid,1,0.400946984117,-11,1,-17
28,yoked,6,exp,1,45,3677.27100017,4,go,win,1,0.390911171595,-1,0,-18
28,yoked,6,exp,1,46,3682.55244687,4,go,win,0,-1,10,0,-8
28,yoked,6,exp,1,47,3687.85393964,1,nogo,win,1,0.501148830295,-1,1,-9
28,yoked,6,exp,1,48,3692.99508328,3,go,avoid,1,0.441030736711,-11,0,-20
28,yoked,6,exp,1,49,3698.17632303,2,nogo,avoid,0,-1,0,1,-20
28,yoked,6,exp,1,50,3703.77846068,1,nogo,win,0,-1,10,1,-10
28,yoked,6,exp,1,51,3708.90958059,4,go,win,0,-1,10,0,0
28,yoked,6,exp,1,52,3714.31128522,2,nogo,avoid,0,-1,0,1,0
28,yoked,6,exp,1,53,3719.73304164,1,nogo,win,0,-1,0,0,0
28,yoked,6,exp,1,54,3724.99444117,4,go,win,0,-1,0,1,0
28,yoked,6,exp,1,55,3730.38613328,4,go,win,0,-1,0,1,0
28,yoked,6,exp,1,56,3735.83794652,3,go,avoid,0,-1,0,0,0
28,yoked,6,exp,1,57,3741.18954416,3,go,avoid,1,0.260634768916,-1,1,-1
28,yoked,6,exp,1,58,3746.83177527,3,go,avoid,0,-1,-10,1,-11
28,yoked,6,exp,1,59,3751.9428525,3,go,avoid,1,0.491133998135,-1,1,-12
28,yoked,6,exp,1,60,3757.12405553,1,nogo,win,0,-1,10,1,-2
28,yoked,6,exp,1,61,3762.40553317,3,go,avoid,1,0.611398109999,-11,0,-13
28,yoked,6,exp,1,62,3767.74711066,4,go,win,1,0.441701729316,9,1,-4
28,yoked,6,exp,1,63,3772.87823327,4,go,win,0,-1,10,0,6
28,yoked,6,exp,1,64,3778.19977538,2,nogo,avoid,1,0.651479540797,-11,1,-5
28,yoked,6,exp,1,65,3783.42108515,2,nogo,avoid,0,-1,-10,0,-15
28,yoked,6,exp,1,66,3789.08335507,2,nogo,avoid,1,0.581322849741,-1,0,-16
28,yoked,6,exp,1,67,3794.50510505,3,go,avoid,0,-1,-10,1,-26
28,yoked,6,exp,1,68,3799.8567042,2,nogo,avoid,0,-1,0,1,-26
28,yoked,6,exp,1,69,3805.15819974,4,go,win,1,0.631435311127,9,1,-17
28,yoked,6,exp,1,70,3810.49977774,1,nogo,win,0,-1,10,1,-7
28,yoked,6,exp,1,71,3816.04178611,3,go,avoid,1,0.370860770523,-1,1,-8
28,yoked,6,exp,1,72,3821.29319978,1,nogo,win,0,-1,10,1,2
28,yoked,6,exp,1,73,3827.01557555,3,go,avoid,1,0.461069029563,-1,1,1
28,yoked,6,exp,1,74,3832.45736641,3,go,avoid,1,0.551262305211,-1,1,0
28,yoked,6,exp,1,75,3837.8290126,1,nogo,win,0,-1,10,1,10
28,yoked,6,exp,1,76,3843.36100385,1,nogo,win,0,-1,10,1,20
28,yoked,6,exp,1,77,3848.84288701,4,go,win,1,0.491121237286,9,1,29
28,yoked,6,exp,1,78,3854.28467962,3,go,avoid,1,0.481112146457,-1,1,28
28,yoked,6,exp,1,79,3859.80664588,1,nogo,win,0,-1,0,0,28
28,yoked,7,induction,3,0,4332.63136053,1,nogo,avoid,1,0.380889109392,-1,1,-1
28,yoked,7,induction,3,1,4338.19341176,1,nogo,avoid,1,0.691566845255,-1,1,-2
28,yoked,7,induction,3,2,4343.50492219,1,nogo,avoid,0,-1,-10,0,-12
28,yoked,7,induction,3,3,4348.90663006,3,go,avoid,1,0.330831008674,-1,1,-13
28,yoked,7,induction,3,4,4354.11792709,1,nogo,avoid,1,0.771752206005,-1,1,-14
28,yoked,7,induction,3,5,4359.4494874,2,nogo,win,1,0.65148011523,9,1,-5
28,yoked,7,induction,3,6,4364.65075748,2,nogo,win,1,0.270654533386,9,1,4
28,yoked,7,induction,3,7,4369.78188315,4,go,win,1,0.350814360412,-1,0,3
28,yoked,7,induction,3,8,4375.12345644,1,nogo,avoid,1,0.330783207375,-1,1,2
28,yoked,7,induction,3,9,4380.54521006,4,go,win,1,0.521208121554,9,1,11
28,yoked,7,induction,3,10,4385.98700618,1,nogo,avoid,1,0.461073637063,-11,0,0
28,yoked,7,induction,3,11,4391.57912445,3,go,avoid,0,-1,0,1,0
28,yoked,7,induction,3,12,4397.13115971,2,nogo,win,1,0.270651083776,9,1,9
28,yoked,7,induction,3,13,4402.41260477,1,nogo,avoid,1,0.511178197732,-1,1,8
28,yoked,7,induction,3,14,4408.00472267,2,nogo,win,1,0.420991962656,9,1,17
28,yoked,7,induction,3,15,4413.24608768,2,nogo,win,1,0.360846966931,9,1,26
28,yoked,7,induction,3,16,4418.70792564,4,go,win,0,-1,0,0,26
28,yoked,7,induction,3,17,4423.98936883,3,go,avoid,0,-1,-10,0,16
28,yoked,7,induction,3,18,4429.68171131,4,go,win,1,0.471084851193,-1,0,15
28,yoked,7,induction,3,19,4435.27382629,3,go,avoid,1,0.370878391499,-11,0,4
28,yoked,7,induction,3,20,4440.90604856,4,go,win,0,-1,10,1,14
28,yoked,7,induction,3,21,4446.60839662,2,nogo,win,0,-1,0,0,14
28,yoked,7,induction,3,22,4452.15041114,1,nogo,avoid,1,0.420990263414,-11,0,3
28,yoked,7,induction,3,23,4457.78262728,3,go,avoid,0,-1,-10,0,-7
28,yoked,7,induction,3,24,4463.06406845,4,go,win,0,-1,10,1,3
28,yoked,7,induction,3,25,4468.44572503,3,go,avoid,1,0.270661294258,-1,1,2
28,yoked,7,induction,3,26,4473.89754287,1,nogo,avoid,0,-1,0,1,2
28,yoked,7,induction,3,27,4479.09881747,2,nogo,win,1,0.60143276334,-1,0,1
28,yoked,7,induction,3,28,4484.48051124,3,go,avoid,1,0.310734313065,-1,1,0
28,yoked,7,induction,3,29,4489.9423169,3,go,avoid,0,-1,-10,0,-10
28,yoked,7,induction,3,30,4495.15361754,4,go,win,0,-1,10,1,0
28,yoked,7,induction,3,31,4500.71569952,3,go,avoid,0,-1,-10,0,-10
28,yoked,7,induction,3,32,4506.38796584,4,go,win,0,-1,0,0,-10
28,yoked,7,induction,3,33,4511.73956201,1,nogo,avoid,0,-1,0,1,-10
28,yoked,7,induction,3,34,4517.09116341,1,nogo,avoid,0,-1,0,1,-10
28,yoked,7,induction,3,35,4522.60311191,3,go,avoid,1,0.742222949417,-1,1,-11
28,yoked,7,induction,3,36,4528.09502274,2,nogo,win,1,0.410960492974,-1,0,-12
28,yoked,7,induction,3,37,4533.68713862,1,nogo,avoid,1,0.380888613152,-1,1,-13
28,yoked,7,induction,3,38,4539.13895505,2,nogo,win,0,-1,0,0,-13
28,yoked,7,induction,3,39,4544.26005247,3,go,avoid,1,0.400931633805,-1,1,-14
28,yoked,7,induction,3,40,4549.61164997,2,nogo,win,0,-1,10,1,-4
28,yoked,7,induction,3,41,4555.09354106,1,nogo,avoid,1,0.451052741771,-11,0,-15
28,yoked,7,induction,3,42,4560.37498309,3,go,avoid,0,-1,0,1,-15
28,yoked,7,induction,3,43,4565.766666,2,nogo,win,1,0.441021687124,-1,0,-16
28,yoked,7,induction,3,44,4571.37883228,2,nogo,win,0,-1,0,0,-16
28,yoked,7,induction,3,45,4576.87073599,2,nogo,win,0,-1,0,0,-16
28,yoked,7,induction,3,46,4582.42276634,3,go,avoid,0,-1,0,1,-16
28,yoked,7,induction,3,47,4587.85454217,4,go,win,0,-1,10,1,-6
28,yoked,7,induction,3,48,4593.48675033,4,go,win,0,-1,0,0,-6
28,yoked,7,induction,3,49,4598.92854368,2,nogo,win,0,-1,10,1,4
28,yoked,7,induction,3,50,4604.02960428,1,nogo,avoid,0,-1,-10,0,-6
28,yoked,7,induction,3,51,4609.77205139,3,go,avoid,0,-1,-10,0,-16
28,yoked,7,induction,3,52,4615.40425385,3,go,avoid,1,0.320815262234,-1,1,-17
28,yoked,7,induction,3,53,4620.76585677,3,go,avoid,1,0.380889389089,-11,0,-28
28,yoked,7,induction,3,54,4625.92709605,3,go,avoid,1,0.390912666326,-1,1,-29
28,yoked,7,induction,3,55,4631.01809205,4,go,win,0,-1,0,0,-29
28,yoked,7,induction,3,56,4636.62024128,4,go,win,0,-1,10,1,-19
28,yoked,7,induction,3,57,4642.31257941,4,go,win,0,-1,10,1,-9
28,yoked,7,induction,3,58,4647.80448523,1,nogo,avoid,1,0.410959765157,-1,1,-10
28,yoked,7,induction,3,59,4653.44671378,3,go,avoid,0,-1,0,1,-10
28,yoked,7,induction,3,60,4658.7983073,3,go,avoid,1,0.541242489613,-1,1,-11
28,yoked,7,induction,3,61,4664.34034991,2,nogo,win,0,-1,0,0,-11
28,yoked,7,induction,3,62,4669.85226896,4,go,win,0,-1,10,1,-1
28,yoked,7,induction,3,63,4675.52456357,1,nogo,avoid,1,0.310745239332,-11,0,-12
28,yoked,7,induction,3,64,4680.62562108,2,nogo,win,1,0.631501554451,-1,0,-13
28,yoked,7,induction,3,65,4686.11752501,4,go,win,0,-1,10,1,-3
28,yoked,7,induction,3,66,4691.49919044,2,nogo,win,1,0.370874199038,-1,0,-4
28,yoked,7,induction,3,67,4696.80067434,1,nogo,avoid,0,-1,-10,0,-14
28,yoked,7,induction,3,68,4702.18234515,4,go,win,0,-1,0,0,-14
28,yoked,7,induction,3,69,4707.47381337,4,go,win,1,0.441018454056,-1,0,-15
28,yoked,7,induction,3,70,4713.13608258,4,go,win,0,-1,10,1,-5
28,yoked,7,induction,3,71,4718.69814107,4,go,win,0,-1,0,0,-5
28,yoked,7,induction,3,72,4724.12992806,2,nogo,win,0,-1,0,0,-5
28,yoked,7,induction,3,73,4729.59175032,2,nogo,win,0,-1,10,1,5
28,yoked,7,induction,3,74,4734.77297739,1,nogo,avoid,1,0.631434276545,-1,1,4
28,yoked,7,induction,3,75,4740.00431919,3,go,avoid,0,-1,-10,0,-6
28,yoked,7,induction,3,76,4745.37596321,1,nogo,avoid,1,0.47108168128,-1,1,-7
28,yoked,7,induction,3,77,4750.56724625,2,nogo,win,0,-1,10,1,3
28,yoked,7,induction,3,78,4755.74844222,4,go,win,0,-1,10,1,13
28,yoked,7,induction,3,79,4761.22030457,1,nogo,avoid,1,0.420983156679,-1,1,12
28,yoked,8,exp,7,0,4929.78558083,4,nogo,win,1,0.340816180811,-1,1,-1
28,yoked,8,exp,7,1,4935.22736952,4,nogo,win,0,-1,10,1,9
28,yoked,8,exp,7,2,4940.42864401,1,go,win,0,-1,0,1,9
28,yoked,8,exp,7,3,4945.69004588,1,go,win,0,-1,0,1,9
28,yoked,8,exp,7,4,4951.13183946,1,go,win,0,-1,0,1,9
28,yoked,8,exp,7,5,4956.29301241,4,nogo,win,1,0.501146851355,-1,1,8
28,yoked,8,exp,7,6,4961.7247925,3,nogo,avoid,1,0.531227504071,-11,1,-3
28,yoked,8,exp,7,7,4967.03630568,1,go,win,0,-1,0,1,-3
28,yoked,8,exp,7,8,4972.21753242,4,nogo,win,1,0.541233867094,-1,1,-4
28,yoked,8,exp,7,9,4977.70944309,4,nogo,win,0,-1,10,1,6
28,yoked,8,exp,7,10,4982.85057402,4,nogo,win,0,-1,10,1,16
28,yoked,8,exp,7,11,4988.07188943,2,go,avoid,0,-1,-10,1,6
28,yoked,8,exp,7,12,4993.44353673,1,go,win,0,-1,10,0,16
28,yoked,8,exp,7,13,4998.91538861,3,nogo,avoid,1,0.471100799998,-11,1,5
28,yoked,8,exp,7,14,5004.46742185,3,nogo,avoid,0,-1,0,1,5
28,yoked,8,exp,7,15,5009.88917025,1,go,win,0,-1,0,1,5
28,yoked,8,exp,7,16,5015.03031268,3,nogo,avoid,0,-1,0,1,5
28,yoked,8,exp,7,17,5020.52221035,2,go,avoid,0,-1,-10,1,-5
28,yoked,8,exp,7,18,5025.79364249,3,nogo,avoid,0,-1,-10,0,-15
28,yoked,8,exp,7,19,5031.2254119,2,go,avoid,1,0.44101671271,-11,0,-26
28,yoked,8,exp,7,20,5036.84759661,2,go,avoid,0,-1,-10,1,-36
28,yoked,8,exp,7,21,5042.01880451,1,go,win,1,0.461679174312,9,1,-27
28,yoked,8,exp,7,22,5047.65100409,3,nogo,avoid,0,-1,0,1,-27
28,yoked,8,exp,7,23,5053.12286675,2,go,avoid,0,-1,0,0,-27
28,yoked,8,exp,7,24,5058.52457376,4,nogo,win,0,-1,10,1,-17
28,yoked,8,exp,7,25,5063.69578514,1,go,win,0,-1,0,1,-17
28,yoked,8,exp,7,26,5069.27787901,1,go,win,0,-1,0,1,-17
28,yoked,8,exp,7,27,5074.81988679,2,go,avoid,1,0.591346776599,-11,0,-28
28,yoked,8,exp,7,28,5079.94099074,1,go,win,0,-1,0,1,-28
28,yoked,8,exp,7,29,5085.56317463,1,go,win,1,0.340805425969,9,1,-19
28,yoked,8,exp,7,30,5091.07512412,4,nogo,win,0,-1,0,0,-19
28,yoked,8,exp,7,31,5096.63717644,2,go,avoid,0,-1,-10,1,-29
28,yoked,8,exp,7,32,5101.95870865,3,nogo,avoid,0,-1,0,1,-29
28,yoked,8,exp,7,33,5107.18002192,3,nogo,avoid,0,-1,0,1,-29
28,yoked,8,exp,7,34,5112.59176082,1,go,win,0,-1,0,1,-29
28,yoked,8,exp,7,35,5117.68278819,1,go,win,0,-1,0,1,-29
28,yoked,8,exp,7,36,5123.03438803,3,nogo,avoid,1,0.501154992675,-1,0,-30
28,yoked,8,exp,7,37,5128.45614196,3,nogo,avoid,0,-1,0,1,-30
28,yoked,8,exp,7,38,5134.01819135,2,go,avoid,0,-1,0,0,-30
28,yoked,8,exp,7,39,5139.19942762,2,go,avoid,0,-1,0,0,-30
28,yoked,8,exp,7,40,5144.51093842,4,nogo,win,0,-1,0,0,-30
28,yoked,8,exp,7,41,5149.8625458,3,nogo,avoid,1,0.601372095931,-11,1,-41
28,yoked,8,exp,7,42,5155.16402094,2,go,avoid,0,-1,0,0,-41
28,yoked,8,exp,7,43,5160.38534264,3,nogo,avoid,1,0.411129439615,-11,1,-52
28,yoked,8,exp,7,44,5165.86722072,4,nogo,win,1,0.360841881238,-1,1,-53
28,yoked,8,exp,7,45,5171.18875736,2,go,avoid,0,-1,-10,1,-63
28,yoked,8,exp,7,46,5176.3599655,1,go,win,1,0.531209200391,9,1,-54
28,yoked,8,exp,7,47,5181.97212542,3,nogo,avoid,0,-1,0,1,-54
28,yoked,8,exp,7,48,5187.22350949,1,go,win,1,0.481106447232,9,1,-45
28,yoked,8,exp,7,49,5192.63523813,2,go,avoid,1,0.541888775559,-11,0,-56
28,yoked,8,exp,7,50,5198.24740191,2,go,avoid,0,-1,-10,1,-66
28,yoked,8,exp,7,51,5203.94979334,4,nogo,win,1,0.551399673041,-1,1,-67
28,yoked,8,exp,7,52,5209.61203652,2,go,avoid,0,-1,0,0,-67
28,yoked,8,exp,7,53,5215.05382572,4,nogo,win,1,0.581320215164,-1,1,-68
28,yoked,8,exp,7,54,5220.53570683,3,nogo,avoid,1,0.471175647795,-11,1,-79
28,yoked,8,exp,7,55,5225.76705599,2,go,avoid,0,-1,0,0,-79
28,yoked,8,exp,7,56,5231.32910313,2,go,avoid,0,-1,-10,1,-89
28,yoked,8,exp,7,57,5236.44017875,3,nogo,avoid,0,-1,0,1,-89
28,yoked,8,exp,7,58,5241.59134754,4,nogo,win,0,-1,10,1,-79
28,yoked,8,exp,7,59,5246.92289981,4,nogo,win,0,-1,10,1,-69
28,yoked,8,exp,7,60,5252.11414998,4,nogo,win,0,-1,10,1,-59
28,yoked,8,exp,7,61,5257.43568507,2,go,avoid,1,0.631430420923,-11,0,-70
28,yoked,8,exp,7,62,5263.08794124,2,go,avoid,0,-1,0,0,-70
28,yoked,8,exp,7,63,5268.68006227,1,go,win,0,-1,0,1,-70
28,yoked,8,exp,7,64,5274.13191887,3,nogo,avoid,1,0.360851135334,-11,1,-81
28,yoked,8,exp,7,65,5279.82420952,1,go,win,1,0.841892364802,-1,0,-82
28,yoked,8,exp,7,66,5285.20587252,3,nogo,avoid,0,-1,0,1,-82
28,yoked,8,exp,7,67,5290.79799436,3,nogo,avoid,0,-1,0,1,-82
28,yoked,8,exp,7,68,5296.28990015,3,nogo,avoid,0,-1,-10,0,-92
28,yoked,8,exp,7,69,5301.63148256,1,go,win,1,0.681541261261,9,1,-83
28,yoked,8,exp,7,70,5307.02315601,1,go,win,0,-1,10,0,-73
28,yoked,8,exp,7,71,5312.49501991,3,nogo,avoid,0,-1,0,1,-73
28,yoked,8,exp,7,72,5318.10718649,2,go,avoid,1,0.461060506292,-1,1,-74
28,yoked,8,exp,7,73,5323.6391738,1,go,win,0,-1,10,0,-64
28,yoked,8,exp,7,74,5329.12108853,4,nogo,win,0,-1,0,0,-64
28,yoked,8,exp,7,75,5334.45261224,4,nogo,win,1,0.481109337446,-1,1,-65
28,yoked,8,exp,7,76,5339.87436578,4,nogo,win,0,-1,10,1,-55
28,yoked,8,exp,7,77,5345.32617969,2,go,avoid,0,-1,0,0,-55
28,yoked,8,exp,7,78,5350.48736136,4,nogo,win,0,-1,10,1,-45
28,yoked,8,exp,7,79,5355.80890391,4,nogo,win,0,-1,0,0,-45
28,yoked,9,exp,6,0,5518.50144492,3,go,win,0,-1,0,1,0
28,yoked,9,exp,6,1,5524.06349113,2,nogo,win,1,0.280664051283,9,0,9
28,yoked,9,exp,6,2,5529.2146577,2,nogo,win,1,0.871957002548,-1,1,8
28,yoked,9,exp,6,3,5534.61636377,2,nogo,win,0,-1,10,1,18
28,yoked,9,exp,6,4,5540.20848389,2,nogo,win,0,-1,10,1,28
28,yoked,9,exp,6,5,5545.5199951,3,go,win,1,0.471078397086,9,1,37
28,yoked,9,exp,6,6,5551.1020897,4,nogo,avoid,0,-1,0,1,37
28,yoked,9,exp,6,7,5556.42362522,1,go,avoid,0,-1,-10,1,27
28,yoked,9,exp,6,8,5561.74515187,1,go,avoid,0,-1,0,0,27
28,yoked,9,exp,6,9,5567.46755059,1,go,avoid,0,-1,-10,1,17
28,yoked,9,exp,6,10,5573.06969422,1,go,avoid,1,0.230555463564,-1,1,16
28,yoked,9,exp,6,11,5578.15070442,1,go,avoid,1,0.541815608954,-1,1,15
28,yoked,9,exp,6,12,5583.64260619,1,go,avoid,1,0.521194605823,-11,0,4
28,yoked,9,exp,6,13,5589.04430809,4,nogo,avoid,0,-1,0,1,4
28,yoked,9,exp,6,14,5594.34580751,2,nogo,win,0,-1,10,1,14
28,yoked,9,exp,6,15,5599.73748356,2,nogo,win,0,-1,0,0,14
28,yoked,9,exp,6,16,5605.22938373,1,go,avoid,1,0.311319654909,-1,1,13
28,yoked,9,exp,6,17,5610.49079242,2,nogo,win,0,-1,10,1,23
28,yoked,9,exp,6,18,5615.76221215,4,nogo,avoid,0,-1,0,1,23
28,yoked,9,exp,6,19,5621.0637031,1,go,avoid,1,0.430977249078,-11,0,12
28,yoked,9,exp,6,20,5626.57564793,1,go,avoid,1,0.6114778871,-1,1,11
28,yoked,9,exp,6,21,5632.06754762,4,nogo,avoid,0,-1,0,1,11
28,yoked,9,exp,6,22,5637.37906397,2,nogo,win,0,-1,0,0,11
28,yoked,9,exp,6,23,5642.99122309,1,go,avoid,1,0.521195565218,-1,1,10
28,yoked,9,exp,6,24,5648.18247363,3,go,win,1,0.561275865195,-1,0,9
28,yoked,9,exp,6,25,5653.36370648,1,go,avoid,1,0.38088608384,-1,1,8
28,yoked,9,exp,6,26,5658.90571725,3,go,win,0,-1,0,1,8
28,yoked,9,exp,6,27,5664.45774241,2,nogo,win,0,-1,10,1,18
28,yoked,9,exp,6,28,5669.69910715,4,nogo,avoid,0,-1,-10,0,8
28,yoked,9,exp,6,29,5675.05070222,3,go,win,0,-1,10,0,18
28,yoked,9,exp,6,30,5680.30208606,1,go,avoid,1,0.501146252864,-1,1,17
28,yoked,9,exp,6,31,5685.8541159,1,go,avoid,0,-1,0,0,17
28,yoked,9,exp,6,32,5691.53643407,4,nogo,avoid,0,-1,0,1,17
28,yoked,9,exp,6,33,5697.10851622,3,go,win,0,-1,0,1,17
28,yoked,9,exp,6,34,5702.45008606,2,nogo,win,0,-1,10,1,27
28,yoked,9,exp,6,35,5707.86181469,2,nogo,win,0,-1,0,0,27
28,yoked,9,exp,6,36,5713.39383119,1,go,avoid,0,-1,-10,1,17
28,yoked,9,exp,6,37,5718.47481524,4,nogo,avoid,0,-1,0,1,17
28,yoked,9,exp,6,38,5723.67608916,3,go,win,0,-1,0,1,17
28,yoked,9,exp,6,39,5729.12791022,2,nogo,win,0,-1,10,1,27
28,yoked,9,exp,6,40,5734.67993785,3,go,win,0,-1,0,1,27
28,yoked,9,exp,6,41,5740.14177845,3,go,win,0,-1,0,1,27
28,yoked,9,exp,6,42,5745.26287472,3,go,win,0,-1,0,1,27
28,yoked,9,exp,6,43,5750.5242746,4,nogo,avoid,0,-1,-10,0,17
28,yoked,9,exp,6,44,5755.77565924,2,nogo,win,0,-1,10,1,27
28,yoked,9,exp,6,45,5761.03706551,3,go,win,0,-1,0,1,27
28,yoked,9,exp,6,46,5766.56905366,1,go,avoid,1,0.661496562421,-11,0,16
28,yoked,9,exp,6,47,5772.13113944,4,nogo,avoid,0,-1,0,1,16
28,yoked,9,exp,6,48,5777.32237585,3,go,win,0,-1,10,0,26
28,yoked,9,exp,6,49,5782.78419644,2,nogo,win,0,-1,10,1,36
28,yoked,9,exp,6,50,5788.34625844,3,go,win,0,-1,10,0,46
28,yoked,9,exp,6,51,5793.96843623,1,go,avoid,1,0.461249928034,-1,1,45
28,yoked,9,exp,6,52,5799.47036104,3,go,win,0,-1,0,1,45
28,yoked,9,exp,6,53,5804.8921123,2,nogo,win,0,-1,10,1,55
28,yoked,9,exp,6,54,5810.20362356,3,go,win,0,-1,0,1,55
28,yoked,9,exp,6,55,5815.41491692,4,nogo,avoid,1,0.781757450237,-11,1,44
28,yoked,9,exp,6,56,5820.71639737,4,nogo,avoid,0,-1,0,1,44
28,yoked,9,exp,6,57,5825.75733623,4,nogo,avoid,0,-1,-10,0,34
28,yoked,9,exp,6,58,5831.06884767,4,nogo,avoid,0,-1,-10,0,24
28,yoked,9,exp,6,59,5836.68100166,1,go,avoid,1,0.481137731309,-1,1,23
28,yoked,9,exp,6,60,5842.31321962,4,nogo,avoid,0,-1,0,1,23
28,yoked,9,exp,6,61,5847.66481952,4,nogo,avoid,0,-1,0,1,23
28,yoked,9,exp,6,62,5853.14669828,2,nogo,win,0,-1,10,1,33
28,yoked,9,exp,6,63,5858.77890789,3,go,win,0,-1,0,1,33
28,yoked,9,exp,6,64,5863.99020096,3,go,win,0,-1,10,0,43
28,yoked,9,exp,6,65,5869.57229667,4,nogo,avoid,0,-1,0,1,43
28,yoked,9,exp,6,66,5875.09426757,2,nogo,win,0,-1,0,0,43
28,yoked,9,exp,6,67,5880.54608672,2,nogo,win,0,-1,10,1,53
28,yoked,9,exp,6,68,5885.74735898,3,go,win,0,-1,0,1,53
28,yoked,9,exp,6,69,5890.98871417,2,nogo,win,0,-1,10,1,63
28,yoked,9,exp,6,70,5896.36036679,1,go,avoid,1,0.561292144825,-1,1,62
28,yoked,9,exp,6,71,5901.72199238,1,go,avoid,1,0.541882751524,-11,0,51
28,yoked,9,exp,6,72,5906.98338758,3,go,win,0,-1,10,0,61
28,yoked,9,exp,6,73,5912.44522095,1,go,avoid,1,0.581329953469,-1,1,60
28,yoked,9,exp,6,74,5917.71664671,4,nogo,avoid,0,-1,0,1,60
28,yoked,9,exp,6,75,5923.22859757,4,nogo,avoid,0,-1,0,1,60
28,yoked,9,exp,6,76,5928.71047453,2,nogo,win,0,-1,10,1,70
28,yoked,9,exp,6,77,5934.25249018,4,nogo,avoid,0,-1,0,1,70
28,yoked,9,exp,6,78,5939.73436686,3,go,win,0,-1,0,1,70
28,yoked,9,exp,6,79,5944.9657082,4,nogo,avoid,0,-1,0,1,70
