name	Mean	MCSE	StdDev	5%	50%	95%	N_Eff	N_Eff/s	R_hat
beta_mu[1,1]	1.03	0.00311	0.0572	0.934	1.03	1.12	337.0	0.205	1.01
beta_mu[1,2]	1.04	0.00325	0.057	0.951	1.05	1.14	308.0	0.187	1.01
beta_mu[2,1]	0.804	0.0056	0.115	0.618	0.802	0.995	420.0	0.255	1.01
beta_mu[2,2]	0.847	0.00548	0.116	0.658	0.846	1.04	447.0	0.271	1.01
beta_mu[3,1]	0.172	0.00469	0.0971	0.0097	0.17	0.332	429.0	0.261	1.02
beta_mu[3,2]	0.232	0.00368	0.0969	0.072	0.232	0.391	693.0	0.421	1.01
beta_mu[4,1]	-1.34	0.00912	0.181	-1.64	-1.34	-1.04	395.0	0.24	1.02
beta_mu[4,2]	-1.39	0.00841	0.181	-1.69	-1.39	-1.1	463.0	0.281	1.01
alpha[1]	-0.151	0.000512	0.0206	-0.185	-0.152	-0.117	1620.0	0.984	1.0
beta_c_pr[1,1]	-1.57	0.0105	0.242	-1.98	-1.57	-1.18	533.0	0.323	1.01
beta_c_pr[1,2]	-0.216	0.00634	0.223	-0.575	-0.218	0.148	1236.0	0.751	1.0
beta_c_pr[1,3]	0.751	0.00702	0.261	0.326	0.744	1.19	1379.0	0.837	1.0
beta_c_pr[1,4]	-1.25	0.00934	0.234	-1.63	-1.24	-0.877	625.0	0.38	1.01
beta_c_pr[1,5]	0.0616	0.00619	0.228	-0.314	0.0638	0.441	1359.0	0.825	1.0
beta_c_pr[1,6]	-0.0292	0.00703	0.235	-0.419	-0.0253	0.352	1116.0	0.678	1.0
beta_c_pr[1,7]	-0.309	0.00752	0.234	-0.69	-0.312	0.0704	966.0	0.587	1.0
beta_c_pr[1,8]	0.408	0.00622	0.235	0.0194	0.409	0.792	1423.0	0.864	1.0
beta_c_pr[1,9]	1.32	0.00772	0.292	0.872	1.31	1.82	1428.0	0.867	1.0
beta_c_pr[1,10]	0.348	0.00614	0.235	-0.033	0.347	0.745	1463.0	0.889	1.0
beta_c_pr[1,11]	1.22	0.00687	0.277	0.786	1.21	1.7	1629.0	0.989	1.0
beta_c_pr[1,12]	-0.386	0.00759	0.228	-0.764	-0.387	-0.00874	899.0	0.546	1.0
beta_c_pr[1,13]	-1.64	0.0108	0.247	-2.05	-1.63	-1.24	526.0	0.319	1.01
beta_c_pr[1,14]	1.22	0.00671	0.271	0.784	1.21	1.68	1632.0	0.991	1.0
beta_c_pr[1,15]	-1.29	0.00921	0.24	-1.68	-1.28	-0.902	678.0	0.412	1.01
beta_c_pr[1,16]	0.197	0.00675	0.233	-0.183	0.196	0.587	1193.0	0.725	1.0
beta_c_pr[1,17]	-0.936	0.00866	0.245	-1.35	-0.936	-0.538	803.0	0.488	1.01
beta_c_pr[1,18]	-0.591	0.00764	0.226	-0.967	-0.592	-0.22	877.0	0.533	1.0
beta_c_pr[1,19]	0.117	0.00695	0.232	-0.259	0.112	0.497	1110.0	0.674	1.0
beta_c_pr[1,20]	0.839	0.00706	0.265	0.407	0.832	1.28	1404.0	0.852	1.0
beta_c_pr[1,21]	-0.818	0.00873	0.229	-1.2	-0.811	-0.449	686.0	0.416	1.01
beta_c_pr[1,22]	-0.209	0.00707	0.244	-0.613	-0.208	0.189	1185.0	0.72	1.0
beta_c_pr[1,23]	0.438	0.00705	0.255	0.026	0.432	0.862	1307.0	0.794	1.0
beta_c_pr[1,24]	-0.221	0.00676	0.227	-0.59	-0.223	0.155	1131.0	0.687	1.0
beta_c_pr[1,25]	-0.105	0.0072	0.229	-0.484	-0.103	0.272	1011.0	0.614	1.0
beta_c_pr[1,26]	0.869	0.00773	0.274	0.425	0.868	1.32	1254.0	0.762	1.0
beta_c_pr[1,27]	-1.8	0.0118	0.256	-2.24	-1.79	-1.39	473.0	0.287	1.01
beta_c_pr[1,28]	-1.0	0.00827	0.241	-1.4	-0.997	-0.612	848.0	0.515	1.01
beta_c_pr[1,29]	-0.777	0.00835	0.221	-1.15	-0.771	-0.423	701.0	0.426	1.01
beta_c_pr[1,30]	-0.155	0.00706	0.236	-0.554	-0.157	0.233	1123.0	0.682	1.0
beta_c_pr[1,31]	0.183	0.00709	0.249	-0.212	0.176	0.596	1233.0	0.749	1.0
beta_c_pr[1,32]	0.781	0.00613	0.264	0.348	0.778	1.22	1859.0	1.13	0.999
beta_c_pr[1,33]	-0.3	0.00725	0.257	-0.725	-0.301	0.123	1258.0	0.764	1.0
beta_c_pr[1,34]	0.729	0.00664	0.253	0.327	0.722	1.16	1449.0	0.88	1.0
beta_c_pr[1,35]	0.705	0.00698	0.258	0.29	0.696	1.14	1361.0	0.826	1.0
beta_c_pr[1,36]	1.11	0.00752	0.278	0.673	1.11	1.57	1364.0	0.829	1.0
beta_c_pr[1,37]	0.549	0.00662	0.25	0.145	0.547	0.964	1424.0	0.865	1.0
beta_c_pr[1,38]	1.84	0.00821	0.32	1.34	1.83	2.38	1518.0	0.922	1.0
beta_c_pr[1,39]	0.312	0.0067	0.237	-0.0717	0.309	0.707	1248.0	0.758	1.0
beta_c_pr[1,40]	-0.148	0.0063	0.238	-0.533	-0.15	0.248	1420.0	0.862	1.0
beta_c_pr[1,41]	0.692	0.00635	0.247	0.281	0.698	1.1	1514.0	0.919	1.0
beta_c_pr[1,42]	-1.24	0.00916	0.229	-1.62	-1.24	-0.878	623.0	0.378	1.01
beta_c_pr[1,43]	-0.135	0.00778	0.247	-0.54	-0.136	0.261	1003.0	0.609	1.0
beta_c_pr[1,44]	-1.05	0.00914	0.255	-1.47	-1.04	-0.636	779.0	0.473	1.0
beta_c_pr[1,45]	0.00939	0.00734	0.232	-0.366	0.00731	0.402	998.0	0.606	1.0
beta_c_pr[1,46]	-0.309	0.00734	0.229	-0.699	-0.306	0.0612	976.0	0.593	1.0
beta_c_pr[1,47]	-0.159	0.00815	0.279	-0.602	-0.164	0.309	1168.0	0.71	1.0
beta_c_pr[1,48]	1.25	0.00717	0.278	0.801	1.24	1.72	1501.0	0.912	1.0
beta_c_pr[1,49]	-1.69	0.0111	0.253	-2.11	-1.68	-1.28	515.0	0.313	1.01
beta_c_pr[1,50]	-0.949	0.00801	0.235	-1.34	-0.944	-0.566	862.0	0.523	1.0
beta_c_pr[1,51]	1.75	0.00793	0.307	1.26	1.75	2.26	1495.0	0.908	1.0
beta_c_pr[1,52]	-1.35	0.00955	0.256	-1.78	-1.35	-0.949	716.0	0.435	1.01
beta_c_pr[1,53]	-0.767	0.00796	0.23	-1.14	-0.761	-0.4	831.0	0.505	1.0
beta_c_pr[1,54]	-0.826	0.00813	0.228	-1.2	-0.823	-0.454	785.0	0.477	1.0
beta_c_pr[1,55]	1.86	0.00805	0.318	1.36	1.84	2.41	1561.0	0.948	1.0
beta_c_pr[1,56]	0.663	0.00672	0.253	0.255	0.654	1.1	1419.0	0.862	1.0
beta_c_pr[1,57]	-1.18	0.00884	0.231	-1.56	-1.18	-0.81	684.0	0.415	1.01
beta_c_pr[1,58]	-0.196	0.00641	0.224	-0.562	-0.199	0.17	1220.0	0.741	1.0
beta_c_pr[1,59]	-1.49	0.0104	0.264	-1.93	-1.48	-1.07	645.0	0.391	1.01
beta_c_pr[1,60]	0.761	0.00657	0.267	0.327	0.755	1.21	1644.0	0.998	1.0
beta_c_pr[1,61]	0.467	0.00627	0.246	0.0714	0.463	0.881	1542.0	0.936	1.0
beta_c_pr[1,62]	0.141	0.00714	0.256	-0.28	0.141	0.564	1286.0	0.781	1.0
beta_c_pr[1,63]	0.869	0.00643	0.264	0.445	0.857	1.32	1680.0	1.02	1.0
beta_c_pr[1,64]	0.918	0.00662	0.267	0.498	0.906	1.37	1624.0	0.986	1.0
beta_c_pr[1,65]	0.911	0.00676	0.27	0.479	0.906	1.37	1602.0	0.973	1.0
beta_c_pr[1,66]	-0.00165	0.00636	0.23	-0.377	-0.00559	0.386	1304.0	0.792	1.0
beta_c_pr[1,67]	2.48	0.00958	0.379	1.9	2.46	3.15	1566.0	0.951	1.0
beta_c_pr[1,68]	1.67	0.00817	0.311	1.18	1.67	2.19	1447.0	0.878	1.0
beta_c_pr[1,69]	-0.0847	0.00672	0.226	-0.456	-0.0879	0.286	1135.0	0.689	1.0
beta_c_pr[1,70]	-0.802	0.00785	0.224	-1.18	-0.791	-0.435	812.0	0.493	1.01
beta_c_pr[1,71]	1.38	0.00755	0.299	0.908	1.37	1.89	1566.0	0.951	1.0
beta_c_pr[1,72]	-0.581	0.00703	0.245	-0.987	-0.586	-0.188	1214.0	0.737	1.0
beta_c_pr[1,73]	-0.931	0.00812	0.24	-1.33	-0.926	-0.543	874.0	0.531	1.01
beta_c_pr[1,74]	0.856	0.00725	0.266	0.423	0.856	1.31	1351.0	0.82	1.0
beta_c_pr[1,75]	-0.16	0.00691	0.227	-0.544	-0.159	0.217	1082.0	0.657	1.0
beta_c_pr[1,76]	-0.537	0.00747	0.241	-0.934	-0.535	-0.14	1041.0	0.632	1.0
beta_c_pr[1,77]	-0.602	0.00733	0.235	-0.978	-0.601	-0.216	1024.0	0.622	1.0
beta_c_pr[1,78]	-1.59	0.0107	0.254	-2.02	-1.59	-1.19	565.0	0.343	1.01
beta_c_pr[1,79]	0.696	0.00649	0.262	0.281	0.692	1.15	1631.0	0.99	1.0
beta_c_pr[1,80]	-0.0245	0.00642	0.235	-0.415	-0.0245	0.356	1336.0	0.811	1.0
beta_c_pr[1,81]	0.223	0.00681	0.241	-0.168	0.224	0.622	1255.0	0.762	1.0
beta_c_pr[1,82]	-0.242	0.0068	0.236	-0.631	-0.24	0.144	1205.0	0.732	1.0
beta_c_pr[1,83]	-0.15	0.00721	0.228	-0.53	-0.149	0.216	1004.0	0.61	1.0
beta_c_pr[1,84]	-1.04	0.00892	0.253	-1.46	-1.03	-0.617	807.0	0.49	1.0
beta_c_pr[1,85]	1.07	0.00766	0.272	0.638	1.06	1.52	1258.0	0.764	1.0
beta_c_pr[1,86]	1.3	0.00718	0.272	0.856	1.29	1.76	1434.0	0.871	1.0
beta_c_pr[1,87]	-0.724	0.00783	0.226	-1.1	-0.722	-0.357	830.0	0.504	1.0
beta_c_pr[1,88]	-1.53	0.00965	0.248	-1.94	-1.53	-1.13	663.0	0.403	1.01
beta_c_pr[1,89]	0.0301	0.00738	0.241	-0.357	0.0273	0.433	1064.0	0.646	1.0
beta_c_pr[1,90]	-0.522	0.0076	0.225	-0.892	-0.52	-0.153	877.0	0.533	1.0
beta_c_pr[1,91]	1.23	0.00721	0.277	0.787	1.22	1.7	1482.0	0.9	1.0
beta_c_pr[2,1]	-1.52	0.0113	0.367	-2.12	-1.51	-0.912	1060.0	0.644	1.0
beta_c_pr[2,2]	-0.392	0.00737	0.337	-0.952	-0.395	0.16	2088.0	1.27	1.0
beta_c_pr[2,3]	1.17	0.00896	0.41	0.507	1.17	1.86	2089.0	1.27	1.0
beta_c_pr[2,4]	-0.886	0.0103	0.352	-1.47	-0.88	-0.311	1159.0	0.704	1.0
beta_c_pr[2,5]	-0.274	0.0077	0.343	-0.835	-0.276	0.285	1983.0	1.2	1.0
beta_c_pr[2,6]	-0.223	0.0074	0.343	-0.793	-0.231	0.362	2149.0	1.31	1.0
beta_c_pr[2,7]	0.418	0.00797	0.368	-0.195	0.42	1.03	2131.0	1.29	1.0
beta_c_pr[2,8]	-0.36	0.0082	0.35	-0.935	-0.365	0.21	1818.0	1.1	1.01
beta_c_pr[2,9]	0.876	0.00892	0.426	0.207	0.869	1.59	2283.0	1.39	1.0
beta_c_pr[2,10]	-1.26	0.00752	0.339	-1.84	-1.25	-0.732	2027.0	1.23	1.0
beta_c_pr[2,11]	-0.818	0.00959	0.409	-1.51	-0.82	-0.133	1818.0	1.1	1.0
beta_c_pr[2,12]	0.785	0.00765	0.348	0.227	0.784	1.37	2068.0	1.26	1.0
beta_c_pr[2,13]	-0.457	0.0108	0.361	-1.05	-0.459	0.14	1114.0	0.676	1.0
beta_c_pr[2,14]	-1.41	0.00984	0.402	-2.08	-1.4	-0.769	1667.0	1.01	1.0
beta_c_pr[2,15]	-0.259	0.00963	0.345	-0.839	-0.261	0.3	1285.0	0.78	1.0
beta_c_pr[2,16]	-1.28	0.00833	0.336	-1.84	-1.27	-0.745	1626.0	0.988	1.0
beta_c_pr[2,17]	1.12	0.00972	0.384	0.498	1.12	1.76	1561.0	0.948	1.0
beta_c_pr[2,18]	-0.713	0.00812	0.346	-1.29	-0.712	-0.134	1811.0	1.1	1.0
beta_c_pr[2,19]	0.934	0.00805	0.383	0.316	0.928	1.59	2259.0	1.37	1.0
beta_c_pr[2,20]	0.0396	0.00912	0.405	-0.631	0.0412	0.714	1972.0	1.2	1.0
beta_c_pr[2,21]	0.505	0.00868	0.345	-0.0522	0.503	1.09	1578.0	0.958	1.0
beta_c_pr[2,22]	0.549	0.00755	0.395	-0.0894	0.541	1.21	2732.0	1.66	1.0
beta_c_pr[2,23]	0.844	0.00774	0.372	0.257	0.834	1.47	2312.0	1.4	1.0
beta_c_pr[2,24]	-0.919	0.00833	0.332	-1.47	-0.915	-0.38	1585.0	0.963	1.0
beta_c_pr[2,25]	-0.00399	0.00758	0.353	-0.579	-0.0114	0.569	2173.0	1.32	1.0
beta_c_pr[2,26]	0.358	0.00842	0.427	-0.329	0.349	1.05	2567.0	1.56	0.999
beta_c_pr[2,27]	0.642	0.011	0.374	0.0299	0.642	1.26	1154.0	0.701	1.0
beta_c_pr[2,28]	-3.62	0.0133	0.426	-4.35	-3.6	-2.95	1026.0	0.623	1.01
beta_c_pr[2,29]	-0.381	0.00814	0.324	-0.916	-0.378	0.146	1583.0	0.961	1.0
beta_c_pr[2,30]	-0.541	0.00779	0.353	-1.12	-0.535	0.0459	2054.0	1.25	1.0
beta_c_pr[2,31]	0.903	0.00746	0.375	0.293	0.899	1.52	2519.0	1.53	1.0
beta_c_pr[2,32]	0.585	0.00794	0.411	-0.0897	0.586	1.27	2682.0	1.63	1.0
beta_c_pr[2,33]	1.6	0.00932	0.409	0.948	1.59	2.3	1926.0	1.17	1.0
beta_c_pr[2,34]	-0.693	0.00858	0.373	-1.31	-0.688	-0.0884	1894.0	1.15	1.0
beta_c_pr[2,35]	1.21	0.00855	0.41	0.557	1.2	1.92	2302.0	1.4	1.0
beta_c_pr[2,36]	0.647	0.00954	0.421	-0.0253	0.64	1.35	1950.0	1.18	1.0
beta_c_pr[2,37]	-0.127	0.00795	0.38	-0.751	-0.132	0.493	2285.0	1.39	1.0
beta_c_pr[2,38]	-0.253	0.0101	0.471	-1.01	-0.268	0.537	2182.0	1.32	1.0
beta_c_pr[2,39]	-0.228	0.00795	0.35	-0.795	-0.228	0.357	1934.0	1.17	1.0
beta_c_pr[2,40]	0.84	0.00795	0.366	0.237	0.834	1.45	2120.0	1.29	1.0
beta_c_pr[2,41]	0.451	0.00837	0.385	-0.186	0.439	1.09	2115.0	1.28	1.0
beta_c_pr[2,42]	-0.73	0.0101	0.344	-1.29	-0.725	-0.17	1165.0	0.708	1.0
beta_c_pr[2,43]	0.536	0.00787	0.385	-0.0881	0.529	1.18	2391.0	1.45	1.0
beta_c_pr[2,44]	1.82	0.00975	0.413	1.16	1.81	2.52	1796.0	1.09	1.0
beta_c_pr[2,45]	-1.03	0.00742	0.337	-1.59	-1.03	-0.494	2066.0	1.25	1.0
beta_c_pr[2,46]	-0.374	0.00814	0.355	-0.953	-0.37	0.21	1898.0	1.15	1.0
beta_c_pr[2,47]	2.91	0.00995	0.461	2.18	2.9	3.71	2146.0	1.3	1.0
beta_c_pr[2,48]	-0.873	0.0097	0.42	-1.58	-0.87	-0.2	1877.0	1.14	1.0
beta_c_pr[2,49]	0.691	0.0106	0.375	0.0924	0.69	1.32	1247.0	0.757	1.0
beta_c_pr[2,50]	0.501	0.00887	0.356	-0.0869	0.499	1.09	1611.0	0.978	1.0
beta_c_pr[2,51]	0.159	0.0109	0.439	-0.545	0.147	0.893	1625.0	0.987	1.0
beta_c_pr[2,52]	0.429	0.0103	0.388	-0.215	0.432	1.06	1412.0	0.858	1.0
beta_c_pr[2,53]	0.593	0.00816	0.349	0.0138	0.591	1.17	1831.0	1.11	1.0
beta_c_pr[2,54]	-0.707	0.00862	0.328	-1.26	-0.699	-0.175	1446.0	0.878	1.0
beta_c_pr[2,55]	0.619	0.0111	0.45	-0.116	0.612	1.37	1661.0	1.01	1.0
beta_c_pr[2,56]	-0.237	0.0083	0.386	-0.867	-0.245	0.413	2156.0	1.31	1.0
beta_c_pr[2,57]	-0.681	0.00856	0.345	-1.26	-0.676	-0.12	1627.0	0.988	1.0
beta_c_pr[2,58]	-0.764	0.00865	0.328	-1.29	-0.765	-0.202	1436.0	0.872	1.0
beta_c_pr[2,59]	1.08	0.0103	0.409	0.409	1.07	1.75	1575.0	0.956	1.0
beta_c_pr[2,60]	1.45	0.00916	0.428	0.766	1.43	2.19	2181.0	1.32	1.0
beta_c_pr[2,61]	0.015	0.00807	0.351	-0.554	0.0192	0.584	1886.0	1.15	1.0
beta_c_pr[2,62]	1.02	0.00874	0.396	0.385	1.01	1.7	2057.0	1.25	1.0
beta_c_pr[2,63]	0.167	0.00767	0.387	-0.452	0.16	0.821	2552.0	1.55	1.0
beta_c_pr[2,64]	-0.513	0.00884	0.383	-1.14	-0.514	0.119	1876.0	1.14	1.0
beta_c_pr[2,65]	0.143	0.00823	0.399	-0.501	0.139	0.803	2353.0	1.43	1.0
beta_c_pr[2,66]	0.12	0.00775	0.355	-0.46	0.118	0.716	2104.0	1.28	1.0
beta_c_pr[2,67]	-2.05	0.013	0.5	-2.87	-2.05	-1.24	1475.0	0.896	1.0
beta_c_pr[2,68]	0.499	0.0108	0.476	-0.269	0.483	1.28	1956.0	1.19	1.0
beta_c_pr[2,69]	-0.234	0.00668	0.327	-0.761	-0.245	0.322	2403.0	1.46	1.0
beta_c_pr[2,70]	-0.397	0.00841	0.328	-0.949	-0.396	0.126	1523.0	0.925	1.0
beta_c_pr[2,71]	1.22	0.0106	0.477	0.45	1.21	2.02	2007.0	1.22	0.999
beta_c_pr[2,72]	1.56	0.00946	0.412	0.9	1.56	2.24	1900.0	1.15	1.0
beta_c_pr[2,73]	1.26	0.00896	0.379	0.666	1.26	1.91	1789.0	1.09	1.0
beta_c_pr[2,74]	-1.09	0.00913	0.402	-1.75	-1.1	-0.43	1936.0	1.18	1.0
beta_c_pr[2,75]	-1.21	0.00785	0.325	-1.76	-1.2	-0.682	1715.0	1.04	1.0
beta_c_pr[2,76]	0.0314	0.00905	0.367	-0.568	0.0366	0.64	1648.0	1.0	1.0
beta_c_pr[2,77]	-0.411	0.00809	0.343	-0.971	-0.409	0.14	1801.0	1.09	1.0
beta_c_pr[2,78]	-0.386	0.0112	0.379	-1.03	-0.382	0.228	1151.0	0.699	1.0
beta_c_pr[2,79]	0.278	0.0086	0.401	-0.361	0.277	0.95	2178.0	1.32	1.0
beta_c_pr[2,80]	-0.77	0.00755	0.335	-1.33	-0.76	-0.227	1973.0	1.2	1.0
beta_c_pr[2,81]	-0.184	0.00787	0.37	-0.791	-0.182	0.421	2216.0	1.35	1.0
beta_c_pr[2,82]	0.2	0.00787	0.357	-0.379	0.193	0.788	2065.0	1.25	1.0
beta_c_pr[2,83]	-1.07	0.00833	0.342	-1.65	-1.07	-0.508	1688.0	1.03	1.0
beta_c_pr[2,84]	1.24	0.00966	0.401	0.604	1.23	1.92	1727.0	1.05	1.0
beta_c_pr[2,85]	0.193	0.00889	0.404	-0.463	0.184	0.859	2059.0	1.25	1.0
beta_c_pr[2,86]	-0.416	0.00945	0.412	-1.1	-0.414	0.261	1896.0	1.15	1.0
beta_c_pr[2,87]	-0.353	0.00838	0.329	-0.892	-0.351	0.195	1542.0	0.937	1.0
beta_c_pr[2,88]	-0.396	0.0114	0.371	-1.01	-0.392	0.222	1061.0	0.644	1.0
beta_c_pr[2,89]	0.727	0.00816	0.402	0.0838	0.721	1.4	2428.0	1.47	1.0
beta_c_pr[2,90]	-0.361	0.00748	0.321	-0.889	-0.36	0.157	1840.0	1.12	1.0
beta_c_pr[2,91]	-1.9	0.0094	0.402	-2.59	-1.91	-1.25	1831.0	1.11	1.0
beta_c_pr[3,1]	-0.263	0.0104	0.535	-1.16	-0.274	0.615	2670.0	1.62	1.0
beta_c_pr[3,2]	0.807	0.00827	0.524	-0.0408	0.803	1.68	4020.0	2.44	0.999
beta_c_pr[3,3]	-0.268	0.0102	0.605	-1.27	-0.264	0.699	3510.0	2.13	1.0
beta_c_pr[3,4]	-1.42	0.00874	0.532	-2.31	-1.41	-0.56	3711.0	2.25	1.0
beta_c_pr[3,5]	0.102	0.00799	0.525	-0.774	0.0961	0.985	4307.0	2.62	1.0
beta_c_pr[3,6]	0.242	0.00784	0.518	-0.602	0.24	1.09	4358.0	2.65	1.0
beta_c_pr[3,7]	-1.09	0.0089	0.54	-1.99	-1.1	-0.222	3678.0	2.23	1.0
beta_c_pr[3,8]	0.287	0.00803	0.542	-0.617	0.277	1.17	4564.0	2.77	1.0
beta_c_pr[3,9]	0.537	0.00995	0.646	-0.541	0.54	1.57	4212.0	2.56	1.0
beta_c_pr[3,10]	-0.036	0.00882	0.548	-0.949	-0.033	0.866	3858.0	2.34	1.0
beta_c_pr[3,11]	-0.393	0.0096	0.588	-1.36	-0.39	0.57	3746.0	2.27	1.0
beta_c_pr[3,12]	0.463	0.00874	0.553	-0.427	0.469	1.38	4003.0	2.43	0.999
beta_c_pr[3,13]	1.23	0.00986	0.537	0.35	1.22	2.12	2970.0	1.8	1.0
beta_c_pr[3,14]	0.0236	0.00927	0.578	-0.93	0.0366	0.946	3888.0	2.36	1.0
beta_c_pr[3,15]	0.896	0.00945	0.519	0.0771	0.887	1.76	3015.0	1.83	1.0
beta_c_pr[3,16]	0.704	0.00885	0.549	-0.176	0.704	1.62	3844.0	2.33	1.0
beta_c_pr[3,17]	0.171	0.00978	0.545	-0.735	0.186	1.06	3098.0	1.88	1.0
beta_c_pr[3,18]	-1.32	0.00853	0.522	-2.19	-1.31	-0.467	3747.0	2.28	1.0
beta_c_pr[3,19]	-0.148	0.00809	0.546	-1.05	-0.146	0.728	4546.0	2.76	1.0
beta_c_pr[3,20]	-0.349	0.00889	0.58	-1.3	-0.346	0.603	4259.0	2.59	1.0
beta_c_pr[3,21]	0.767	0.00843	0.529	-0.132	0.766	1.65	3942.0	2.39	1.0
beta_c_pr[3,22]	-1.01	0.00888	0.563	-1.95	-1.01	-0.0967	4020.0	2.44	1.0
beta_c_pr[3,23]	1.84	0.00871	0.606	0.866	1.83	2.88	4842.0	2.94	1.0
beta_c_pr[3,24]	0.453	0.00859	0.529	-0.423	0.448	1.34	3801.0	2.31	1.0
beta_c_pr[3,25]	-0.909	0.00794	0.529	-1.8	-0.91	-0.0463	4439.0	2.7	0.999
beta_c_pr[3,26]	-1.03	0.00898	0.6	-2.02	-1.03	-0.047	4472.0	2.72	1.0
beta_c_pr[3,27]	0.178	0.00858	0.532	-0.706	0.183	1.06	3844.0	2.33	0.999
beta_c_pr[3,28]	-0.111	0.0149	0.635	-1.17	-0.102	0.92	1808.0	1.1	1.0
beta_c_pr[3,29]	1.02	0.0083	0.513	0.167	1.01	1.86	3822.0	2.32	1.0
beta_c_pr[3,30]	-0.683	0.00847	0.527	-1.58	-0.68	0.2	3870.0	2.35	1.0
beta_c_pr[3,31]	0.686	0.00966	0.578	-0.266	0.676	1.63	3575.0	2.17	0.999
beta_c_pr[3,32]	-0.487	0.00865	0.583	-1.46	-0.491	0.461	4533.0	2.75	1.0
beta_c_pr[3,33]	0.269	0.0102	0.584	-0.681	0.261	1.23	3292.0	2.0	0.999
beta_c_pr[3,34]	0.343	0.0085	0.54	-0.546	0.333	1.25	4033.0	2.45	0.999
beta_c_pr[3,35]	-0.56	0.00999	0.597	-1.54	-0.548	0.4	3565.0	2.16	1.0
beta_c_pr[3,36]	0.814	0.0107	0.635	-0.196	0.808	1.85	3522.0	2.14	1.0
beta_c_pr[3,37]	-0.724	0.00791	0.557	-1.64	-0.715	0.194	4970.0	3.02	1.0
beta_c_pr[3,38]	-0.689	0.0104	0.65	-1.75	-0.674	0.366	3935.0	2.39	0.999
beta_c_pr[3,39]	0.441	0.00787	0.536	-0.424	0.436	1.32	4640.0	2.82	1.0
beta_c_pr[3,40]	0.471	0.00892	0.546	-0.423	0.469	1.37	3741.0	2.27	1.0
beta_c_pr[3,41]	-0.527	0.0087	0.576	-1.46	-0.52	0.405	4381.0	2.66	0.999
beta_c_pr[3,42]	0.26	0.00948	0.509	-0.564	0.258	1.1	2882.0	1.75	1.0
beta_c_pr[3,43]	-0.923	0.00838	0.543	-1.83	-0.915	-0.0469	4202.0	2.55	0.999
beta_c_pr[3,44]	0.364	0.00986	0.582	-0.598	0.358	1.31	3481.0	2.11	1.0
beta_c_pr[3,45]	-0.616	0.00928	0.536	-1.48	-0.615	0.264	3346.0	2.03	1.0
beta_c_pr[3,46]	0.251	0.00872	0.533	-0.597	0.244	1.15	3727.0	2.26	1.0
beta_c_pr[3,47]	1.55	0.0121	0.672	0.417	1.56	2.63	3100.0	1.88	1.0
beta_c_pr[3,48]	-0.852	0.00897	0.598	-1.83	-0.852	0.146	4445.0	2.7	0.999
beta_c_pr[3,49]	0.725	0.00982	0.536	-0.154	0.723	1.6	2975.0	1.81	1.0
beta_c_pr[3,50]	-1.04	0.00823	0.517	-1.9	-1.03	-0.219	3954.0	2.4	1.0
beta_c_pr[3,51]	0.361	0.00987	0.641	-0.712	0.364	1.41	4215.0	2.56	1.0
beta_c_pr[3,52]	-0.481	0.00979	0.541	-1.36	-0.481	0.404	3058.0	1.86	1.0
beta_c_pr[3,53]	0.502	0.00847	0.53	-0.386	0.503	1.36	3921.0	2.38	1.0
beta_c_pr[3,54]	0.725	0.00838	0.52	-0.105	0.715	1.6	3841.0	2.33	0.999
beta_c_pr[3,55]	0.943	0.00949	0.653	-0.0995	0.938	2.03	4724.0	2.87	1.0
beta_c_pr[3,56]	0.0366	0.00876	0.569	-0.886	0.0265	0.99	4217.0	2.56	1.0
beta_c_pr[3,57]	-0.838	0.00894	0.514	-1.68	-0.836	0.0112	3302.0	2.01	1.0
beta_c_pr[3,58]	0.638	0.00824	0.528	-0.224	0.64	1.52	4109.0	2.5	1.0
beta_c_pr[3,59]	-1.61	0.00973	0.547	-2.51	-1.61	-0.693	3155.0	1.92	1.0
beta_c_pr[3,60]	0.404	0.0109	0.632	-0.638	0.41	1.42	3332.0	2.02	1.0
beta_c_pr[3,61]	1.3	0.00893	0.562	0.408	1.29	2.26	3968.0	2.41	1.0
beta_c_pr[3,62]	0.29	0.00902	0.582	-0.674	0.29	1.23	4156.0	2.52	1.0
beta_c_pr[3,63]	0.576	0.00824	0.59	-0.391	0.567	1.56	5122.0	3.11	1.0
beta_c_pr[3,64]	0.846	0.00918	0.602	-0.152	0.846	1.83	4294.0	2.61	1.0
beta_c_pr[3,65]	-0.418	0.00865	0.586	-1.39	-0.422	0.537	4592.0	2.79	0.999
beta_c_pr[3,66]	1.11	0.00939	0.556	0.211	1.11	2.05	3504.0	2.13	1.0
beta_c_pr[3,67]	-0.661	0.012	0.682	-1.78	-0.658	0.451	3203.0	1.94	0.999
beta_c_pr[3,68]	-1.29	0.0104	0.651	-2.37	-1.27	-0.208	3946.0	2.4	1.0
beta_c_pr[3,69]	-0.353	0.00777	0.497	-1.15	-0.357	0.463	4094.0	2.49	1.0
beta_c_pr[3,70]	-0.35	0.00821	0.517	-1.2	-0.35	0.498	3965.0	2.41	1.0
beta_c_pr[3,71]	-0.423	0.0124	0.647	-1.49	-0.42	0.626	2722.0	1.65	1.0
beta_c_pr[3,72]	-0.394	0.00892	0.563	-1.34	-0.387	0.502	3982.0	2.42	0.999
beta_c_pr[3,73]	0.56	0.0101	0.558	-0.372	0.566	1.45	3044.0	1.85	1.0
beta_c_pr[3,74]	0.409	0.00901	0.587	-0.559	0.418	1.38	4246.0	2.58	0.999
beta_c_pr[3,75]	1.26	0.0102	0.528	0.427	1.25	2.14	2694.0	1.64	1.0
beta_c_pr[3,76]	-1.86	0.00879	0.536	-2.76	-1.86	-1.0	3713.0	2.25	1.0
beta_c_pr[3,77]	-0.38	0.00898	0.556	-1.31	-0.378	0.531	3836.0	2.33	1.0
beta_c_pr[3,78]	-2.82	0.0108	0.576	-3.77	-2.81	-1.87	2866.0	1.74	1.0
beta_c_pr[3,79]	0.24	0.0102	0.592	-0.737	0.241	1.24	3344.0	2.03	1.0
beta_c_pr[3,80]	0.471	0.00824	0.544	-0.421	0.471	1.38	4360.0	2.65	1.0
beta_c_pr[3,81]	-0.901	0.00807	0.535	-1.77	-0.902	-0.0232	4392.0	2.67	1.0
beta_c_pr[3,82]	0.377	0.00819	0.543	-0.525	0.37	1.26	4394.0	2.67	1.0
beta_c_pr[3,83]	-0.183	0.0084	0.525	-1.06	-0.174	0.683	3910.0	2.37	1.0
beta_c_pr[3,84]	-0.724	0.00956	0.546	-1.62	-0.72	0.17	3264.0	1.98	1.0
beta_c_pr[3,85]	-0.291	0.0086	0.603	-1.28	-0.289	0.686	4912.0	2.98	1.0
beta_c_pr[3,86]	0.196	0.0093	0.601	-0.829	0.19	1.19	4179.0	2.54	1.0
beta_c_pr[3,87]	0.421	0.00923	0.527	-0.419	0.417	1.28	3258.0	1.98	1.0
beta_c_pr[3,88]	0.508	0.009	0.538	-0.359	0.501	1.39	3574.0	2.17	1.0
beta_c_pr[3,89]	-0.394	0.00911	0.576	-1.33	-0.392	0.567	3994.0	2.43	1.0
beta_c_pr[3,90]	1.71	0.0085	0.532	0.842	1.7	2.6	3914.0	2.38	1.0
beta_c_pr[3,91]	-0.314	0.0113	0.619	-1.32	-0.325	0.715	3003.0	1.82	1.0
beta_c_pr[4,1]	0.628	0.0114	0.652	-0.443	0.624	1.72	3295.0	2.0	1.0
beta_c_pr[4,2]	-0.361	0.00937	0.613	-1.38	-0.354	0.64	4270.0	2.59	1.0
beta_c_pr[4,3]	0.648	0.0117	0.654	-0.402	0.641	1.74	3148.0	1.91	1.0
beta_c_pr[4,4]	0.0853	0.0107	0.633	-0.931	0.0738	1.14	3504.0	2.13	1.0
beta_c_pr[4,5]	0.668	0.00989	0.643	-0.391	0.676	1.75	4227.0	2.57	1.0
beta_c_pr[4,6]	1.01	0.0113	0.646	-0.0453	0.994	2.09	3248.0	1.97	1.0
beta_c_pr[4,7]	0.291	0.0104	0.636	-0.742	0.282	1.35	3707.0	2.25	1.0
beta_c_pr[4,8]	1.11	0.0101	0.648	0.0276	1.1	2.16	4096.0	2.49	1.0
beta_c_pr[4,9]	0.441	0.0112	0.672	-0.665	0.429	1.58	3608.0	2.19	1.0
beta_c_pr[4,10]	0.801	0.00981	0.676	-0.284	0.796	1.93	4751.0	2.88	1.0
beta_c_pr[4,11]	-0.524	0.0104	0.714	-1.7	-0.53	0.661	4698.0	2.85	1.0
beta_c_pr[4,12]	0.0687	0.0101	0.624	-0.974	0.075	1.09	3798.0	2.31	1.0
beta_c_pr[4,13]	-0.251	0.0112	0.657	-1.36	-0.234	0.813	3440.0	2.09	1.0
beta_c_pr[4,14]	0.273	0.0115	0.733	-0.932	0.267	1.47	4035.0	2.45	1.0
beta_c_pr[4,15]	1.13	0.0109	0.627	0.0767	1.14	2.15	3328.0	2.02	1.0
beta_c_pr[4,16]	0.57	0.0106	0.677	-0.518	0.566	1.69	4103.0	2.49	0.999
beta_c_pr[4,17]	0.382	0.0101	0.634	-0.671	0.392	1.45	3974.0	2.41	1.0
beta_c_pr[4,18]	-0.157	0.0102	0.638	-1.2	-0.162	0.89	3874.0	2.35	1.0
beta_c_pr[4,19]	-0.122	0.00966	0.634	-1.17	-0.13	0.931	4311.0	2.62	1.0
beta_c_pr[4,20]	-1.15	0.0115	0.648	-2.21	-1.15	-0.0878	3151.0	1.91	1.0
beta_c_pr[4,21]	0.608	0.0108	0.631	-0.428	0.612	1.63	3411.0	2.07	1.0
beta_c_pr[4,22]	-0.993	0.00984	0.639	-2.04	-0.984	0.0418	4224.0	2.57	0.999
beta_c_pr[4,23]	0.394	0.0116	0.669	-0.716	0.407	1.45	3336.0	2.03	1.0
beta_c_pr[4,24]	0.948	0.0114	0.664	-0.172	0.956	2.04	3389.0	2.06	1.0
beta_c_pr[4,25]	-0.0842	0.00938	0.613	-1.08	-0.0818	0.933	4265.0	2.59	1.0
beta_c_pr[4,26]	0.291	0.0103	0.678	-0.801	0.292	1.4	4318.0	2.62	1.0
beta_c_pr[4,27]	-0.00153	0.0109	0.649	-1.05	-0.00364	1.05	3560.0	2.16	1.0
beta_c_pr[4,28]	1.62	0.013	0.737	0.408	1.62	2.85	3205.0	1.95	1.0
beta_c_pr[4,29]	0.457	0.011	0.632	-0.561	0.459	1.48	3286.0	2.0	1.0
beta_c_pr[4,30]	-0.769	0.00943	0.634	-1.8	-0.768	0.245	4518.0	2.74	1.0
beta_c_pr[4,31]	0.82	0.0106	0.646	-0.233	0.821	1.87	3724.0	2.26	1.0
beta_c_pr[4,32]	-0.416	0.00974	0.646	-1.48	-0.418	0.634	4393.0	2.67	1.0
beta_c_pr[4,33]	0.237	0.0112	0.651	-0.804	0.244	1.3	3384.0	2.05	1.0
beta_c_pr[4,34]	-1.09	0.0104	0.67	-2.19	-1.09	0.00993	4153.0	2.52	1.0
beta_c_pr[4,35]	0.573	0.0103	0.649	-0.517	0.575	1.65	3986.0	2.42	1.0
beta_c_pr[4,36]	-1.39	0.00981	0.662	-2.49	-1.39	-0.317	4550.0	2.76	1.0
beta_c_pr[4,37]	-0.163	0.00984	0.663	-1.26	-0.173	0.943	4548.0	2.76	1.0
beta_c_pr[4,38]	-0.494	0.0114	0.749	-1.71	-0.501	0.756	4298.0	2.61	1.0
beta_c_pr[4,39]	0.0776	0.00953	0.639	-0.966	0.0941	1.14	4496.0	2.73	1.0
beta_c_pr[4,40]	0.968	0.0102	0.628	-0.0743	0.963	2.0	3759.0	2.28	1.0
beta_c_pr[4,41]	0.397	0.0101	0.644	-0.645	0.385	1.46	4099.0	2.49	1.0
beta_c_pr[4,42]	1.37	0.00987	0.622	0.367	1.38	2.39	3974.0	2.41	1.0
beta_c_pr[4,43]	0.446	0.0103	0.636	-0.572	0.437	1.51	3802.0	2.31	1.0
beta_c_pr[4,44]	0.44	0.0111	0.675	-0.679	0.448	1.56	3715.0	2.26	1.0
beta_c_pr[4,45]	0.773	0.0102	0.666	-0.363	0.778	1.86	4237.0	2.57	1.0
beta_c_pr[4,46]	-1.04	0.0098	0.643	-2.09	-1.02	0.00292	4313.0	2.62	0.999
beta_c_pr[4,47]	0.134	0.0127	0.71	-1.03	0.132	1.31	3119.0	1.89	1.0
beta_c_pr[4,48]	-0.0808	0.0116	0.701	-1.25	-0.0688	1.05	3657.0	2.22	1.0
beta_c_pr[4,49]	-0.654	0.0104	0.667	-1.78	-0.659	0.444	4099.0	2.49	1.0
beta_c_pr[4,50]	-0.881	0.00998	0.63	-1.93	-0.875	0.131	3986.0	2.42	1.0
beta_c_pr[4,51]	0.411	0.0114	0.717	-0.748	0.427	1.6	3958.0	2.4	1.0
beta_c_pr[4,52]	-2.11	0.0104	0.655	-3.19	-2.11	-1.04	3952.0	2.4	1.0
beta_c_pr[4,53]	0.385	0.00996	0.622	-0.632	0.382	1.41	3906.0	2.37	0.999
beta_c_pr[4,54]	0.304	0.00997	0.621	-0.744	0.308	1.31	3881.0	2.36	1.0
beta_c_pr[4,55]	-0.0944	0.0108	0.734	-1.32	-0.0833	1.1	4660.0	2.83	0.999
beta_c_pr[4,56]	-0.35	0.0104	0.665	-1.43	-0.353	0.726	4070.0	2.47	1.0
beta_c_pr[4,57]	-0.582	0.00997	0.617	-1.6	-0.578	0.433	3835.0	2.33	1.0
beta_c_pr[4,58]	-0.368	0.00943	0.635	-1.41	-0.365	0.678	4537.0	2.75	1.0
beta_c_pr[4,59]	-0.819	0.0117	0.679	-1.92	-0.82	0.308	3390.0	2.06	1.0
beta_c_pr[4,60]	-0.375	0.0105	0.654	-1.44	-0.367	0.688	3860.0	2.34	1.0
beta_c_pr[4,61]	-0.349	0.0102	0.644	-1.44	-0.337	0.699	3991.0	2.42	1.0
beta_c_pr[4,62]	-0.17	0.00996	0.636	-1.23	-0.169	0.854	4071.0	2.47	1.0
beta_c_pr[4,63]	-0.081	0.0093	0.658	-1.16	-0.0671	0.971	5013.0	3.04	0.999
beta_c_pr[4,64]	-0.721	0.0106	0.668	-1.82	-0.71	0.335	3941.0	2.39	1.0
beta_c_pr[4,65]	0.257	0.00993	0.666	-0.836	0.251	1.36	4500.0	2.73	1.0
beta_c_pr[4,66]	-1.16	0.0102	0.641	-2.23	-1.14	-0.123	3918.0	2.38	1.0
beta_c_pr[4,67]	0.82	0.0127	0.853	-0.597	0.828	2.22	4490.0	2.73	1.0
beta_c_pr[4,68]	1.49	0.0104	0.716	0.305	1.49	2.68	4757.0	2.89	0.999
beta_c_pr[4,69]	0.479	0.0097	0.626	-0.563	0.477	1.48	4169.0	2.53	1.0
beta_c_pr[4,70]	-0.286	0.00908	0.611	-1.28	-0.286	0.702	4521.0	2.75	1.0
beta_c_pr[4,71]	-0.804	0.0112	0.686	-1.92	-0.806	0.328	3737.0	2.27	1.0
beta_c_pr[4,72]	0.385	0.0108	0.639	-0.659	0.383	1.45	3529.0	2.14	1.0
beta_c_pr[4,73]	0.162	0.0103	0.656	-0.901	0.158	1.25	4054.0	2.46	1.0
beta_c_pr[4,74]	-0.877	0.0105	0.702	-2.01	-0.886	0.279	4473.0	2.72	1.0
beta_c_pr[4,75]	1.95	0.0113	0.691	0.807	1.95	3.09	3761.0	2.28	1.0
beta_c_pr[4,76]	-0.647	0.0116	0.654	-1.71	-0.663	0.43	3176.0	1.93	1.0
beta_c_pr[4,77]	-1.78	0.0096	0.625	-2.82	-1.78	-0.793	4238.0	2.57	1.0
beta_c_pr[4,78]	-0.0994	0.0133	0.707	-1.23	-0.119	1.07	2813.0	1.71	1.0
beta_c_pr[4,79]	-1.08	0.00977	0.663	-2.16	-1.07	-0.000407	4608.0	2.8	1.0
beta_c_pr[4,80]	0.127	0.01	0.637	-0.917	0.125	1.17	4044.0	2.46	1.0
beta_c_pr[4,81]	0.00136	0.00995	0.645	-1.05	-0.00343	1.03	4206.0	2.55	0.999
beta_c_pr[4,82]	0.124	0.0097	0.634	-0.908	0.123	1.17	4271.0	2.59	1.0
beta_c_pr[4,83]	-0.696	0.0094	0.635	-1.75	-0.698	0.329	4567.0	2.77	1.0
beta_c_pr[4,84]	0.253	0.0111	0.646	-0.816	0.242	1.32	3411.0	2.07	1.0
beta_c_pr[4,85]	-0.25	0.0105	0.677	-1.37	-0.265	0.856	4129.0	2.51	1.0
beta_c_pr[4,86]	-0.905	0.0108	0.692	-2.05	-0.906	0.231	4138.0	2.51	0.999
beta_c_pr[4,87]	-0.455	0.00957	0.633	-1.51	-0.454	0.598	4373.0	2.66	1.0
beta_c_pr[4,88]	-1.07	0.0102	0.647	-2.14	-1.06	-0.0408	4059.0	2.47	1.0
beta_c_pr[4,89]	0.265	0.00942	0.619	-0.747	0.262	1.3	4324.0	2.63	1.0
beta_c_pr[4,90]	0.13	0.0127	0.662	-0.956	0.132	1.19	2711.0	1.65	1.0
beta_c_pr[4,91]	0.337	0.0116	0.753	-0.89	0.329	1.58	4174.0	2.53	1.0
beta_d_pr[1,1]	-0.13	0.00732	0.454	-0.864	-0.125	0.609	3844.0	2.33	1.0
beta_d_pr[1,2]	0.293	0.00783	0.486	-0.497	0.286	1.1	3860.0	2.34	1.0
beta_d_pr[1,3]	1.28	0.00811	0.544	0.415	1.26	2.2	4496.0	2.73	1.0
beta_d_pr[1,4]	-0.255	0.00695	0.447	-1.0	-0.26	0.467	4141.0	2.51	0.999
beta_d_pr[1,5]	0.0606	0.00795	0.495	-0.756	0.0595	0.877	3877.0	2.35	1.0
beta_d_pr[1,6]	-0.172	0.00714	0.474	-0.943	-0.179	0.621	4412.0	2.68	0.999
beta_d_pr[1,7]	0.241	0.00807	0.483	-0.549	0.234	1.04	3584.0	2.18	0.999
beta_d_pr[1,8]	-0.638	0.00744	0.51	-1.49	-0.624	0.185	4701.0	2.85	1.0
beta_d_pr[1,9]	0.469	0.00896	0.566	-0.487	0.472	1.37	3985.0	2.42	1.0
beta_d_pr[1,10]	-0.211	0.00769	0.493	-1.02	-0.221	0.612	4112.0	2.5	1.0
beta_d_pr[1,11]	-0.556	0.00812	0.543	-1.46	-0.555	0.355	4473.0	2.72	1.0
beta_d_pr[1,12]	-0.678	0.00738	0.487	-1.49	-0.667	0.125	4352.0	2.64	0.999
beta_d_pr[1,13]	0.576	0.0076	0.458	-0.157	0.564	1.33	3628.0	2.2	1.0
beta_d_pr[1,14]	-0.861	0.00823	0.542	-1.75	-0.851	0.0308	4343.0	2.64	1.0
beta_d_pr[1,15]	-0.271	0.00687	0.448	-1.02	-0.266	0.461	4267.0	2.59	0.999
beta_d_pr[1,16]	1.23	0.00726	0.488	0.444	1.23	2.05	4516.0	2.74	1.0
beta_d_pr[1,17]	-0.536	0.00744	0.483	-1.32	-0.536	0.262	4219.0	2.56	1.0
beta_d_pr[1,18]	-1.21	0.00814	0.478	-2.0	-1.21	-0.427	3452.0	2.1	1.0
beta_d_pr[1,19]	-0.509	0.00719	0.484	-1.3	-0.513	0.27	4523.0	2.75	0.999
beta_d_pr[1,20]	0.525	0.00826	0.524	-0.363	0.523	1.4	4032.0	2.45	1.0
beta_d_pr[1,21]	0.187	0.00714	0.481	-0.603	0.185	0.962	4525.0	2.75	0.999
beta_d_pr[1,22]	-0.456	0.00787	0.501	-1.29	-0.454	0.353	4051.0	2.46	1.0
beta_d_pr[1,23]	1.17	0.00893	0.533	0.298	1.18	2.03	3564.0	2.16	1.0
beta_d_pr[1,24]	-1.8	0.00787	0.5	-2.65	-1.8	-0.991	4046.0	2.46	1.0
beta_d_pr[1,25]	-0.26	0.00754	0.476	-1.06	-0.267	0.515	3986.0	2.42	1.0
beta_d_pr[1,26]	0.335	0.00845	0.544	-0.555	0.34	1.21	4143.0	2.52	1.0
beta_d_pr[1,27]	-0.154	0.00734	0.467	-0.934	-0.157	0.622	4049.0	2.46	1.0
beta_d_pr[1,28]	0.0137	0.00741	0.507	-0.832	0.0199	0.844	4673.0	2.84	1.0
beta_d_pr[1,29]	0.224	0.00666	0.451	-0.509	0.217	0.988	4576.0	2.78	1.0
beta_d_pr[1,30]	1.06	0.00793	0.495	0.244	1.05	1.86	3891.0	2.36	1.0
beta_d_pr[1,31]	-2.83	0.00892	0.519	-3.71	-2.83	-2.0	3385.0	2.06	1.0
beta_d_pr[1,32]	-0.15	0.00769	0.53	-1.04	-0.147	0.716	4755.0	2.89	1.0
beta_d_pr[1,33]	-0.317	0.0075	0.507	-1.13	-0.317	0.525	4569.0	2.77	1.0
beta_d_pr[1,34]	0.349	0.00714	0.507	-0.488	0.347	1.2	5046.0	3.06	1.0
beta_d_pr[1,35]	-0.499	0.00873	0.532	-1.38	-0.495	0.362	3707.0	2.25	1.0
beta_d_pr[1,36]	1.32	0.0089	0.557	0.423	1.3	2.23	3923.0	2.38	0.999
beta_d_pr[1,37]	0.89	0.00799	0.519	0.0259	0.886	1.74	4221.0	2.56	1.0
beta_d_pr[1,38]	0.288	0.00851	0.598	-0.687	0.292	1.26	4945.0	3.0	0.999
beta_d_pr[1,39]	-0.5	0.00724	0.508	-1.34	-0.493	0.331	4927.0	2.99	0.999
beta_d_pr[1,40]	-0.28	0.0079	0.492	-1.09	-0.277	0.521	3886.0	2.36	1.0
beta_d_pr[1,41]	-0.806	0.00815	0.517	-1.67	-0.799	-0.0149	4025.0	2.44	0.999
beta_d_pr[1,42]	0.0616	0.00665	0.448	-0.66	0.0614	0.79	4537.0	2.76	1.0
beta_d_pr[1,43]	1.62	0.00727	0.498	0.804	1.62	2.45	4701.0	2.85	1.0
beta_d_pr[1,44]	-1.1	0.00935	0.528	-2.01	-1.09	-0.263	3190.0	1.94	0.999
beta_d_pr[1,45]	-1.35	0.00789	0.487	-2.16	-1.35	-0.557	3815.0	2.32	0.999
beta_d_pr[1,46]	-0.301	0.00765	0.485	-1.1	-0.297	0.499	4017.0	2.44	0.999
beta_d_pr[1,47]	-0.468	0.00867	0.543	-1.36	-0.464	0.397	3925.0	2.38	1.0
beta_d_pr[1,48]	0.105	0.00842	0.531	-0.759	0.106	0.966	3968.0	2.41	0.999
beta_d_pr[1,49]	-0.1	0.00669	0.462	-0.871	-0.102	0.646	4766.0	2.89	1.0
beta_d_pr[1,50]	0.0867	0.00742	0.478	-0.693	0.0911	0.865	4142.0	2.52	0.999
beta_d_pr[1,51]	0.759	0.00828	0.572	-0.171	0.743	1.72	4768.0	2.9	1.0
beta_d_pr[1,52]	-0.572	0.00705	0.488	-1.38	-0.576	0.235	4792.0	2.91	0.999
beta_d_pr[1,53]	0.124	0.00668	0.463	-0.64	0.12	0.878	4808.0	2.92	1.0
beta_d_pr[1,54]	-0.181	0.00716	0.454	-0.926	-0.174	0.534	4017.0	2.44	1.0
beta_d_pr[1,55]	0.482	0.00899	0.601	-0.527	0.487	1.47	4471.0	2.71	1.0
beta_d_pr[1,56]	-0.00355	0.00796	0.511	-0.85	0.00126	0.83	4120.0	2.5	1.0
beta_d_pr[1,57]	-0.425	0.00747	0.46	-1.19	-0.42	0.321	3798.0	2.31	1.0
beta_d_pr[1,58]	-0.135	0.00703	0.471	-0.903	-0.134	0.654	4487.0	2.72	1.0
beta_d_pr[1,59]	1.59	0.00813	0.504	0.759	1.6	2.41	3844.0	2.33	0.999
beta_d_pr[1,60]	0.0306	0.00785	0.529	-0.859	0.0398	0.905	4550.0	2.76	1.0
beta_d_pr[1,61]	0.0392	0.00822	0.513	-0.81	0.0375	0.865	3900.0	2.37	1.0
beta_d_pr[1,62]	1.19	0.00783	0.524	0.34	1.17	2.08	4486.0	2.72	0.999
beta_d_pr[1,63]	-1.11	0.00823	0.525	-1.98	-1.11	-0.265	4076.0	2.48	1.0
beta_d_pr[1,64]	0.727	0.00853	0.534	-0.144	0.722	1.59	3915.0	2.38	1.0
beta_d_pr[1,65]	-0.917	0.00881	0.545	-1.83	-0.915	-0.0236	3831.0	2.33	1.0
beta_d_pr[1,66]	0.111	0.00721	0.483	-0.677	0.118	0.909	4476.0	2.72	1.0
beta_d_pr[1,67]	-0.347	0.0101	0.665	-1.46	-0.339	0.756	4335.0	2.63	1.0
beta_d_pr[1,68]	1.03	0.00942	0.584	0.0793	1.01	1.99	3846.0	2.34	1.0
beta_d_pr[1,69]	0.0996	0.00672	0.479	-0.703	0.0977	0.904	5071.0	3.08	1.0
beta_d_pr[1,70]	-1.42	0.0074	0.472	-2.21	-1.42	-0.643	4067.0	2.47	1.0
beta_d_pr[1,71]	0.898	0.00875	0.568	-0.0352	0.893	1.83	4219.0	2.56	0.999
beta_d_pr[1,72]	-0.273	0.00775	0.491	-1.07	-0.275	0.518	4009.0	2.43	0.999
beta_d_pr[1,73]	0.684	0.00717	0.484	-0.104	0.68	1.5	4556.0	2.77	1.0
beta_d_pr[1,74]	-0.0472	0.00757	0.532	-0.921	-0.0355	0.832	4946.0	3.0	1.0
beta_d_pr[1,75]	0.479	0.00688	0.467	-0.3	0.486	1.24	4613.0	2.8	1.0
beta_d_pr[1,76]	-0.629	0.00798	0.494	-1.43	-0.64	0.205	3837.0	2.33	1.0
beta_d_pr[1,77]	1.27	0.00735	0.493	0.466	1.28	2.08	4499.0	2.73	1.0
beta_d_pr[1,78]	0.424	0.00743	0.481	-0.37	0.42	1.22	4186.0	2.54	1.0
beta_d_pr[1,79]	1.91	0.00848	0.539	1.03	1.91	2.78	4037.0	2.45	1.0
beta_d_pr[1,80]	-0.229	0.0071	0.492	-1.03	-0.234	0.588	4796.0	2.91	1.0
beta_d_pr[1,81]	1.0	0.00774	0.501	0.202	0.999	1.85	4194.0	2.55	1.0
beta_d_pr[1,82]	-2.59	0.00837	0.508	-3.44	-2.57	-1.78	3683.0	2.24	1.0
beta_d_pr[1,83]	0.192	0.00743	0.481	-0.594	0.192	0.977	4187.0	2.54	1.0
beta_d_pr[1,84]	-0.0144	0.00751	0.488	-0.826	-0.0123	0.794	4215.0	2.56	1.0
beta_d_pr[1,85]	-0.366	0.00775	0.523	-1.21	-0.366	0.478	4554.0	2.77	1.0
beta_d_pr[1,86]	1.84	0.00839	0.559	0.954	1.82	2.78	4435.0	2.69	1.0
beta_d_pr[1,87]	-1.16	0.00746	0.471	-1.94	-1.15	-0.407	3979.0	2.42	1.0
beta_d_pr[1,88]	0.416	0.00775	0.488	-0.378	0.426	1.2	3966.0	2.41	1.0
beta_d_pr[1,89]	-0.0653	0.00778	0.506	-0.899	-0.0653	0.759	4233.0	2.57	1.0
beta_d_pr[1,90]	-0.331	0.00828	0.477	-1.13	-0.326	0.45	3329.0	2.02	1.0
beta_d_pr[1,91]	0.754	0.00799	0.556	-0.133	0.757	1.66	4845.0	2.94	1.0
beta_d_pr[2,1]	0.804	0.0137	0.71	-0.387	0.818	1.95	2680.0	1.63	1.0
beta_d_pr[2,2]	-0.231	0.0127	0.733	-1.44	-0.241	0.969	3347.0	2.03	1.0
beta_d_pr[2,3]	-0.191	0.0141	0.847	-1.57	-0.196	1.18	3613.0	2.19	1.0
beta_d_pr[2,4]	1.03	0.0104	0.686	-0.098	1.02	2.13	4368.0	2.65	0.999
beta_d_pr[2,5]	0.756	0.0108	0.721	-0.417	0.756	1.95	4444.0	2.7	1.0
beta_d_pr[2,6]	-0.509	0.0109	0.741	-1.74	-0.513	0.7	4611.0	2.8	0.999
beta_d_pr[2,7]	0.507	0.0127	0.761	-0.742	0.512	1.74	3584.0	2.18	1.0
beta_d_pr[2,8]	0.988	0.0114	0.747	-0.184	0.973	2.21	4287.0	2.6	1.0
beta_d_pr[2,9]	-0.331	0.0133	0.817	-1.69	-0.325	1.01	3759.0	2.28	1.0
beta_d_pr[2,10]	-0.24	0.00958	0.716	-1.41	-0.248	0.93	5580.0	3.39	1.0
beta_d_pr[2,11]	-0.11	0.0121	0.774	-1.37	-0.112	1.17	4090.0	2.48	1.0
beta_d_pr[2,12]	-0.0859	0.0104	0.735	-1.27	-0.0947	1.13	4978.0	3.02	1.0
beta_d_pr[2,13]	0.848	0.0098	0.684	-0.241	0.837	1.98	4864.0	2.95	0.999
beta_d_pr[2,14]	-0.447	0.0129	0.762	-1.69	-0.466	0.812	3502.0	2.13	1.0
beta_d_pr[2,15]	-0.625	0.0102	0.701	-1.76	-0.619	0.501	4697.0	2.85	1.0
beta_d_pr[2,16]	0.607	0.012	0.726	-0.575	0.615	1.83	3645.0	2.21	0.999
beta_d_pr[2,17]	0.0471	0.0129	0.782	-1.24	0.0514	1.32	3666.0	2.23	1.0
beta_d_pr[2,18]	0.697	0.014	0.731	-0.513	0.692	1.9	2726.0	1.66	1.0
beta_d_pr[2,19]	-0.397	0.0108	0.735	-1.6	-0.388	0.801	4641.0	2.82	1.0
beta_d_pr[2,20]	-1.11	0.0127	0.784	-2.37	-1.11	0.198	3799.0	2.31	1.0
beta_d_pr[2,21]	0.475	0.0111	0.723	-0.712	0.484	1.65	4208.0	2.56	1.0
beta_d_pr[2,22]	0.231	0.0128	0.808	-1.09	0.232	1.54	3992.0	2.42	1.0
beta_d_pr[2,23]	1.75	0.0124	0.769	0.466	1.76	2.99	3834.0	2.33	1.0
beta_d_pr[2,24]	0.28	0.0114	0.698	-0.875	0.291	1.42	3742.0	2.27	1.0
beta_d_pr[2,25]	-0.614	0.0114	0.733	-1.82	-0.611	0.566	4158.0	2.52	1.0
beta_d_pr[2,26]	-0.721	0.015	0.817	-2.06	-0.733	0.649	2962.0	1.8	1.0
beta_d_pr[2,27]	-0.167	0.0122	0.708	-1.35	-0.161	0.988	3364.0	2.04	1.0
beta_d_pr[2,28]	-1.41	0.011	0.705	-2.55	-1.42	-0.264	4096.0	2.49	1.0
beta_d_pr[2,29]	-0.382	0.00983	0.685	-1.5	-0.375	0.75	4856.0	2.95	1.0
beta_d_pr[2,30]	-0.947	0.0121	0.768	-2.21	-0.95	0.324	4026.0	2.45	0.999
beta_d_pr[2,31]	-0.123	0.0125	0.81	-1.45	-0.114	1.21	4187.0	2.54	1.0
beta_d_pr[2,32]	-0.131	0.0113	0.807	-1.47	-0.141	1.19	5092.0	3.09	0.999
beta_d_pr[2,33]	0.0329	0.0112	0.789	-1.23	0.0309	1.31	4970.0	3.02	1.0
beta_d_pr[2,34]	0.403	0.0114	0.739	-0.818	0.415	1.62	4189.0	2.54	1.0
beta_d_pr[2,35]	1.08	0.0137	0.793	-0.243	1.09	2.36	3368.0	2.05	1.0
beta_d_pr[2,36]	0.991	0.0136	0.819	-0.369	1.0	2.35	3616.0	2.2	0.999
beta_d_pr[2,37]	0.149	0.0112	0.76	-1.08	0.138	1.4	4596.0	2.79	1.0
beta_d_pr[2,38]	-0.0353	0.0113	0.799	-1.35	-0.0387	1.29	5035.0	3.06	1.0
beta_d_pr[2,39]	1.33	0.0105	0.737	0.122	1.32	2.53	4919.0	2.99	1.0
beta_d_pr[2,40]	-1.25	0.0127	0.736	-2.47	-1.25	-0.0393	3385.0	2.06	1.0
beta_d_pr[2,41]	0.209	0.0112	0.773	-1.1	0.216	1.47	4788.0	2.91	1.0
beta_d_pr[2,42]	0.727	0.00993	0.696	-0.399	0.728	1.87	4918.0	2.99	1.0
beta_d_pr[2,43]	-0.301	0.012	0.806	-1.62	-0.313	1.05	4475.0	2.72	1.0
beta_d_pr[2,44]	1.69	0.0125	0.789	0.389	1.69	2.94	3965.0	2.41	1.0
beta_d_pr[2,45]	-0.0718	0.0109	0.73	-1.29	-0.0606	1.09	4494.0	2.73	1.0
beta_d_pr[2,46]	-0.518	0.0115	0.771	-1.79	-0.521	0.744	4456.0	2.71	1.0
beta_d_pr[2,47]	-0.816	0.0127	0.808	-2.14	-0.801	0.539	4025.0	2.44	1.0
beta_d_pr[2,48]	0.419	0.0117	0.791	-0.899	0.404	1.75	4581.0	2.78	0.999
beta_d_pr[2,49]	0.879	0.0104	0.709	-0.295	0.889	2.03	4624.0	2.81	1.0
beta_d_pr[2,50]	0.177	0.0109	0.726	-1.03	0.181	1.35	4447.0	2.7	0.999
beta_d_pr[2,51]	-0.452	0.0137	0.828	-1.82	-0.458	0.883	3676.0	2.23	1.0
beta_d_pr[2,52]	0.0989	0.0116	0.749	-1.14	0.117	1.31	4153.0	2.52	1.0
beta_d_pr[2,53]	-0.0277	0.0102	0.719	-1.2	-0.0232	1.16	5016.0	3.05	1.0
beta_d_pr[2,54]	0.0595	0.0102	0.668	-1.03	0.0543	1.15	4266.0	2.59	1.0
beta_d_pr[2,55]	0.226	0.0116	0.799	-1.1	0.235	1.54	4742.0	2.88	1.0
beta_d_pr[2,56]	-1.16	0.0115	0.771	-2.42	-1.17	0.124	4484.0	2.72	1.0
beta_d_pr[2,57]	0.638	0.0131	0.722	-0.553	0.633	1.83	3032.0	1.84	1.0
beta_d_pr[2,58]	-1.21	0.0112	0.693	-2.35	-1.21	-0.0696	3840.0	2.33	1.0
beta_d_pr[2,59]	-0.262	0.0145	0.778	-1.53	-0.271	1.03	2863.0	1.74	1.0
beta_d_pr[2,60]	-0.383	0.0122	0.8	-1.75	-0.365	0.926	4293.0	2.61	1.0
beta_d_pr[2,61]	0.661	0.0123	0.749	-0.588	0.669	1.86	3717.0	2.26	1.0
beta_d_pr[2,62]	0.403	0.0113	0.765	-0.872	0.391	1.67	4568.0	2.77	1.0
beta_d_pr[2,63]	-0.164	0.0128	0.773	-1.47	-0.171	1.12	3655.0	2.22	1.0
beta_d_pr[2,64]	-0.271	0.0132	0.788	-1.6	-0.269	1.05	3539.0	2.15	0.999
beta_d_pr[2,65]	0.14	0.0129	0.797	-1.19	0.154	1.47	3838.0	2.33	1.0
beta_d_pr[2,66]	-0.645	0.0111	0.726	-1.8	-0.65	0.568	4247.0	2.58	1.0
beta_d_pr[2,67]	0.0786	0.0145	0.814	-1.25	0.0745	1.43	3150.0	1.91	1.0
beta_d_pr[2,68]	-0.0681	0.0125	0.84	-1.48	-0.047	1.32	4541.0	2.76	1.0
beta_d_pr[2,69]	-0.722	0.00963	0.708	-1.88	-0.724	0.437	5405.0	3.28	1.0
beta_d_pr[2,70]	0.755	0.0114	0.686	-0.359	0.759	1.86	3603.0	2.19	0.999
beta_d_pr[2,71]	-0.467	0.0119	0.836	-1.85	-0.474	0.898	4906.0	2.98	0.999
beta_d_pr[2,72]	-0.438	0.0118	0.792	-1.76	-0.45	0.871	4517.0	2.74	1.0
beta_d_pr[2,73]	-0.0509	0.0115	0.733	-1.25	-0.0575	1.19	4092.0	2.48	1.0
beta_d_pr[2,74]	0.402	0.0112	0.742	-0.842	0.413	1.61	4371.0	2.65	1.0
beta_d_pr[2,75]	-0.263	0.0097	0.676	-1.39	-0.273	0.835	4863.0	2.95	1.0
beta_d_pr[2,76]	0.257	0.015	0.788	-1.03	0.263	1.55	2752.0	1.67	1.0
beta_d_pr[2,77]	-0.173	0.0109	0.733	-1.41	-0.173	1.01	4501.0	2.73	1.0
beta_d_pr[2,78]	-0.599	0.0114	0.72	-1.79	-0.584	0.577	3963.0	2.41	1.0
beta_d_pr[2,79]	0.578	0.0121	0.782	-0.73	0.591	1.84	4198.0	2.55	1.0
beta_d_pr[2,80]	-0.0412	0.0113	0.736	-1.28	-0.0327	1.17	4211.0	2.56	1.0
beta_d_pr[2,81]	-1.28	0.012	0.769	-2.53	-1.29	-0.00764	4123.0	2.5	1.0
beta_d_pr[2,82]	0.0211	0.0121	0.756	-1.26	0.0268	1.24	3888.0	2.36	1.0
beta_d_pr[2,83]	0.241	0.0125	0.736	-0.987	0.246	1.44	3493.0	2.12	1.0
beta_d_pr[2,84]	0.94	0.0134	0.792	-0.355	0.936	2.26	3488.0	2.12	1.0
beta_d_pr[2,85]	-0.234	0.0113	0.771	-1.5	-0.231	1.03	4649.0	2.82	1.0
beta_d_pr[2,86]	0.0583	0.0115	0.765	-1.16	0.0504	1.35	4424.0	2.69	1.0
beta_d_pr[2,87]	0.518	0.0107	0.718	-0.651	0.529	1.7	4510.0	2.74	0.999
beta_d_pr[2,88]	-1.53	0.0119	0.75	-2.77	-1.53	-0.286	3947.0	2.4	1.0
beta_d_pr[2,89]	0.214	0.0113	0.767	-1.07	0.215	1.48	4593.0	2.79	1.0
beta_d_pr[2,90]	-0.764	0.0106	0.682	-1.91	-0.753	0.368	4147.0	2.52	1.0
beta_d_pr[2,91]	-0.371	0.0124	0.757	-1.6	-0.369	0.872	3730.0	2.26	1.0
beta_d_pr[3,1]	-1.31	0.0102	0.599	-2.29	-1.32	-0.354	3417.0	2.08	1.0
beta_d_pr[3,2]	-1.6	0.00857	0.615	-2.6	-1.59	-0.585	5143.0	3.12	1.0
beta_d_pr[3,3]	0.41	0.0105	0.685	-0.717	0.413	1.54	4256.0	2.58	1.0
beta_d_pr[3,4]	0.813	0.00907	0.591	-0.153	0.815	1.8	4253.0	2.58	1.0
beta_d_pr[3,5]	0.635	0.00984	0.624	-0.37	0.638	1.65	4019.0	2.44	1.0
beta_d_pr[3,6]	-0.743	0.00903	0.631	-1.8	-0.738	0.278	4892.0	2.97	1.0
beta_d_pr[3,7]	-0.801	0.00959	0.624	-1.82	-0.803	0.23	4242.0	2.58	1.0
beta_d_pr[3,8]	0.931	0.0105	0.629	-0.0994	0.926	1.97	3575.0	2.17	1.0
beta_d_pr[3,9]	-0.57	0.0104	0.711	-1.74	-0.567	0.576	4634.0	2.81	1.0
beta_d_pr[3,10]	0.104	0.00802	0.598	-0.883	0.102	1.1	5574.0	3.38	0.999
beta_d_pr[3,11]	0.271	0.00933	0.642	-0.779	0.279	1.3	4738.0	2.88	1.0
beta_d_pr[3,12]	-0.157	0.00839	0.606	-1.14	-0.156	0.85	5212.0	3.17	0.999
beta_d_pr[3,13]	0.295	0.00963	0.595	-0.681	0.28	1.31	3825.0	2.32	1.0
beta_d_pr[3,14]	0.982	0.00925	0.653	-0.0853	0.982	2.04	4992.0	3.03	1.0
beta_d_pr[3,15]	-0.0116	0.00857	0.578	-0.98	0.00215	0.929	4558.0	2.77	1.0
beta_d_pr[3,16]	0.275	0.0103	0.623	-0.728	0.273	1.3	3673.0	2.23	1.0
beta_d_pr[3,17]	1.44	0.00902	0.584	0.465	1.44	2.4	4186.0	2.54	1.0
beta_d_pr[3,18]	-1.47	0.00914	0.587	-2.43	-1.45	-0.513	4124.0	2.5	1.0
beta_d_pr[3,19]	-0.197	0.00847	0.618	-1.2	-0.204	0.839	5326.0	3.23	1.0
beta_d_pr[3,20]	-1.22	0.0109	0.676	-2.35	-1.23	-0.0995	3818.0	2.32	1.0
beta_d_pr[3,21]	-1.24	0.0104	0.593	-2.21	-1.24	-0.24	3228.0	1.96	1.0
beta_d_pr[3,22]	0.855	0.00874	0.588	-0.103	0.847	1.85	4526.0	2.75	1.0
beta_d_pr[3,23]	0.731	0.0119	0.7	-0.415	0.723	1.88	3471.0	2.11	1.0
beta_d_pr[3,24]	-0.593	0.00995	0.628	-1.63	-0.601	0.429	3982.0	2.42	0.999
beta_d_pr[3,25]	-0.126	0.0104	0.637	-1.16	-0.117	0.94	3783.0	2.3	0.999
beta_d_pr[3,26]	1.07	0.0102	0.668	-0.023	1.06	2.18	4294.0	2.61	0.999
beta_d_pr[3,27]	0.994	0.00901	0.584	0.0285	0.999	1.95	4194.0	2.55	1.0
beta_d_pr[3,28]	-0.246	0.0117	0.601	-1.24	-0.243	0.731	2654.0	1.61	1.0
beta_d_pr[3,29]	0.357	0.00872	0.584	-0.577	0.344	1.32	4481.0	2.72	1.0
beta_d_pr[3,30]	0.158	0.0108	0.631	-0.887	0.161	1.21	3400.0	2.06	1.0
beta_d_pr[3,31]	-0.712	0.0126	0.704	-1.84	-0.717	0.455	3147.0	1.91	1.0
beta_d_pr[3,32]	0.505	0.00945	0.662	-0.604	0.516	1.59	4906.0	2.98	1.0
beta_d_pr[3,33]	-0.124	0.00922	0.641	-1.17	-0.127	0.938	4836.0	2.94	1.0
beta_d_pr[3,34]	-0.856	0.00979	0.655	-1.93	-0.841	0.209	4476.0	2.72	0.999
beta_d_pr[3,35]	1.28	0.0112	0.683	0.138	1.29	2.41	3690.0	2.24	1.0
beta_d_pr[3,36]	-0.765	0.0108	0.682	-1.9	-0.755	0.384	3999.0	2.43	1.0
beta_d_pr[3,37]	-0.579	0.00961	0.649	-1.64	-0.577	0.471	4564.0	2.77	0.999
beta_d_pr[3,38]	0.214	0.0099	0.705	-0.936	0.222	1.36	5081.0	3.09	1.0
beta_d_pr[3,39]	0.819	0.0123	0.677	-0.311	0.812	1.94	3009.0	1.83	1.0
beta_d_pr[3,40]	0.607	0.0102	0.647	-0.43	0.604	1.65	3992.0	2.42	1.0
beta_d_pr[3,41]	-0.547	0.00989	0.651	-1.64	-0.535	0.516	4329.0	2.63	1.0
beta_d_pr[3,42]	0.858	0.00886	0.559	-0.0535	0.848	1.79	3976.0	2.41	1.0
beta_d_pr[3,43]	0.348	0.0101	0.638	-0.685	0.358	1.42	3995.0	2.43	1.0
beta_d_pr[3,44]	0.878	0.0132	0.66	-0.205	0.884	1.95	2486.0	1.51	1.0
beta_d_pr[3,45]	-0.974	0.00995	0.616	-1.98	-0.973	0.0442	3838.0	2.33	0.999
beta_d_pr[3,46]	0.707	0.00882	0.612	-0.304	0.708	1.72	4824.0	2.93	1.0
beta_d_pr[3,47]	0.643	0.0105	0.708	-0.524	0.636	1.8	4533.0	2.75	1.0
beta_d_pr[3,48]	-0.246	0.00982	0.672	-1.37	-0.221	0.843	4683.0	2.84	1.0
beta_d_pr[3,49]	0.129	0.01	0.611	-0.896	0.135	1.13	3712.0	2.25	1.0
beta_d_pr[3,50]	-0.807	0.00826	0.584	-1.75	-0.795	0.162	4993.0	3.03	1.0
beta_d_pr[3,51]	-0.942	0.0101	0.698	-2.06	-0.939	0.188	4752.0	2.89	1.0
beta_d_pr[3,52]	-0.173	0.00878	0.581	-1.12	-0.181	0.786	4370.0	2.65	1.0
beta_d_pr[3,53]	-0.18	0.00816	0.578	-1.13	-0.186	0.768	5015.0	3.05	1.0
beta_d_pr[3,54]	1.08	0.00899	0.584	0.112	1.09	2.02	4225.0	2.57	1.0
beta_d_pr[3,55]	-0.789	0.0108	0.758	-2.03	-0.79	0.458	4908.0	2.98	0.999
beta_d_pr[3,56]	0.375	0.0107	0.649	-0.69	0.374	1.46	3657.0	2.22	1.0
beta_d_pr[3,57]	1.28	0.0102	0.588	0.321	1.28	2.28	3338.0	2.03	1.0
beta_d_pr[3,58]	-0.32	0.0113	0.645	-1.36	-0.318	0.74	3263.0	1.98	1.0
beta_d_pr[3,59]	1.68	0.0105	0.63	0.655	1.68	2.72	3604.0	2.19	1.0
beta_d_pr[3,60]	-0.0225	0.0101	0.692	-1.18	-0.0224	1.11	4665.0	2.83	0.999
beta_d_pr[3,61]	-1.5	0.00947	0.668	-2.61	-1.51	-0.405	4985.0	3.03	1.0
beta_d_pr[3,62]	0.166	0.00947	0.663	-0.924	0.157	1.28	4903.0	2.98	1.0
beta_d_pr[3,63]	1.17	0.00992	0.684	0.0259	1.17	2.26	4752.0	2.89	1.0
beta_d_pr[3,64]	-1.06	0.00956	0.678	-2.19	-1.05	0.0222	5028.0	3.05	1.0
beta_d_pr[3,65]	-1.21	0.0106	0.668	-2.32	-1.22	-0.114	3967.0	2.41	1.0
beta_d_pr[3,66]	-1.1	0.0102	0.655	-2.19	-1.09	-0.00955	4142.0	2.52	1.0
beta_d_pr[3,67]	0.994	0.0102	0.682	-0.108	0.986	2.13	4461.0	2.71	1.0
beta_d_pr[3,68]	-0.651	0.0096	0.658	-1.72	-0.637	0.401	4698.0	2.85	0.999
beta_d_pr[3,69]	-0.21	0.00962	0.601	-1.2	-0.21	0.779	3900.0	2.37	1.0
beta_d_pr[3,70]	-0.376	0.00992	0.584	-1.34	-0.361	0.551	3469.0	2.11	1.0
beta_d_pr[3,71]	0.707	0.00983	0.721	-0.51	0.725	1.88	5387.0	3.27	1.0
beta_d_pr[3,72]	-0.691	0.00879	0.616	-1.69	-0.678	0.307	4913.0	2.98	1.0
beta_d_pr[3,73]	0.752	0.00888	0.607	-0.233	0.741	1.74	4669.0	2.84	0.999
beta_d_pr[3,74]	-0.0557	0.00895	0.641	-1.11	-0.0483	1.0	5121.0	3.11	1.0
beta_d_pr[3,75]	-0.404	0.00877	0.603	-1.41	-0.4	0.57	4730.0	2.87	1.0
beta_d_pr[3,76]	1.25	0.00953	0.603	0.277	1.24	2.27	4005.0	2.43	1.0
beta_d_pr[3,77]	0.813	0.00936	0.622	-0.215	0.814	1.81	4415.0	2.68	1.0
beta_d_pr[3,78]	-0.097	0.00985	0.596	-1.08	-0.101	0.891	3661.0	2.22	0.999
beta_d_pr[3,79]	-0.578	0.0115	0.698	-1.71	-0.573	0.577	3686.0	2.24	1.0
beta_d_pr[3,80]	1.02	0.00998	0.631	0.00801	1.01	2.1	3993.0	2.42	1.0
beta_d_pr[3,81]	-0.204	0.0115	0.636	-1.27	-0.196	0.833	3060.0	1.86	1.0
beta_d_pr[3,82]	0.41	0.0121	0.658	-0.659	0.41	1.49	2984.0	1.81	1.0
beta_d_pr[3,83]	-0.859	0.00921	0.617	-1.86	-0.858	0.153	4478.0	2.72	1.0
beta_d_pr[3,84]	0.106	0.0109	0.619	-0.921	0.114	1.13	3242.0	1.97	1.0
beta_d_pr[3,85]	-0.385	0.00972	0.658	-1.48	-0.382	0.704	4579.0	2.78	0.999
beta_d_pr[3,86]	-0.0311	0.0106	0.684	-1.14	-0.0263	1.11	4183.0	2.54	1.0
beta_d_pr[3,87]	0.127	0.00944	0.628	-0.906	0.121	1.2	4428.0	2.69	1.0
beta_d_pr[3,88]	-0.0327	0.0129	0.661	-1.13	-0.0438	1.08	2626.0	1.59	1.0
beta_d_pr[3,89]	-0.703	0.00966	0.626	-1.74	-0.704	0.308	4195.0	2.55	1.0
beta_d_pr[3,90]	-1.05	0.00983	0.63	-2.1	-1.04	0.0051	4112.0	2.5	1.0
beta_d_pr[3,91]	0.254	0.00909	0.64	-0.817	0.256	1.29	4958.0	3.01	0.999
beta_d_pr[4,1]	-1.47	0.0113	0.766	-2.73	-1.47	-0.205	4585.0	2.78	1.0
beta_d_pr[4,2]	0.351	0.0117	0.764	-0.961	0.352	1.59	4297.0	2.61	1.0
beta_d_pr[4,3]	-1.36	0.0119	0.785	-2.65	-1.37	-0.0666	4365.0	2.65	1.0
beta_d_pr[4,4]	0.201	0.0117	0.754	-1.01	0.204	1.43	4139.0	2.51	1.0
beta_d_pr[4,5]	0.133	0.0116	0.775	-1.14	0.133	1.39	4442.0	2.7	1.0
beta_d_pr[4,6]	-0.843	0.0107	0.763	-2.1	-0.848	0.421	5130.0	3.12	1.0
beta_d_pr[4,7]	-0.676	0.012	0.779	-1.95	-0.685	0.596	4219.0	2.56	1.0
beta_d_pr[4,8]	0.589	0.0106	0.779	-0.711	0.592	1.88	5419.0	3.29	0.999
beta_d_pr[4,9]	-1.41	0.0115	0.811	-2.73	-1.42	-0.069	4954.0	3.01	1.0
beta_d_pr[4,10]	0.261	0.0108	0.802	-1.02	0.239	1.62	5523.0	3.35	1.0
beta_d_pr[4,11]	0.0392	0.0123	0.814	-1.3	0.0448	1.37	4375.0	2.66	1.0
beta_d_pr[4,12]	0.346	0.00982	0.744	-0.873	0.34	1.57	5738.0	3.48	1.0
beta_d_pr[4,13]	-0.402	0.0098	0.731	-1.63	-0.408	0.799	5558.0	3.38	1.0
beta_d_pr[4,14]	-0.451	0.0117	0.839	-1.85	-0.45	0.922	5170.0	3.14	0.999
beta_d_pr[4,15]	0.597	0.0107	0.748	-0.642	0.602	1.81	4910.0	2.98	1.0
beta_d_pr[4,16]	-1.16	0.0113	0.764	-2.43	-1.18	0.121	4608.0	2.8	0.999
beta_d_pr[4,17]	-0.107	0.00993	0.766	-1.35	-0.107	1.16	5957.0	3.62	1.0
beta_d_pr[4,18]	0.959	0.0107	0.766	-0.279	0.955	2.22	5157.0	3.13	1.0
beta_d_pr[4,19]	-0.261	0.0109	0.76	-1.49	-0.263	0.963	4898.0	2.97	1.0
beta_d_pr[4,20]	0.575	0.0119	0.803	-0.777	0.595	1.89	4555.0	2.77	1.0
beta_d_pr[4,21]	0.145	0.0124	0.759	-1.09	0.141	1.39	3762.0	2.28	0.999
beta_d_pr[4,22]	0.0275	0.0108	0.779	-1.25	0.0193	1.31	5207.0	3.16	1.0
beta_d_pr[4,23]	0.832	0.0121	0.801	-0.484	0.821	2.13	4413.0	2.68	1.0
beta_d_pr[4,24]	-0.246	0.0112	0.792	-1.54	-0.255	1.09	5017.0	3.05	1.0
beta_d_pr[4,25]	-0.678	0.0113	0.767	-1.95	-0.678	0.583	4585.0	2.78	0.999
beta_d_pr[4,26]	0.446	0.0119	0.802	-0.895	0.447	1.79	4530.0	2.75	1.0
beta_d_pr[4,27]	1.39	0.0117	0.765	0.127	1.39	2.65	4315.0	2.62	0.999
beta_d_pr[4,28]	0.358	0.0115	0.809	-0.97	0.354	1.67	4924.0	2.99	1.0
beta_d_pr[4,29]	-0.0564	0.0104	0.744	-1.28	-0.0521	1.15	5158.0	3.13	1.0
beta_d_pr[4,30]	1.11	0.0122	0.797	-0.192	1.12	2.39	4266.0	2.59	1.0
beta_d_pr[4,31]	-0.0852	0.0128	0.812	-1.43	-0.0679	1.25	4018.0	2.44	1.0
beta_d_pr[4,32]	0.681	0.0116	0.784	-0.611	0.667	1.96	4601.0	2.79	1.0
beta_d_pr[4,33]	0.231	0.0114	0.752	-0.997	0.227	1.47	4379.0	2.66	1.0
beta_d_pr[4,34]	0.332	0.0109	0.81	-1.02	0.344	1.63	5520.0	3.35	0.999
beta_d_pr[4,35]	0.204	0.0107	0.761	-1.03	0.211	1.44	5075.0	3.08	1.0
beta_d_pr[4,36]	0.741	0.0112	0.786	-0.56	0.751	2.04	4946.0	3.0	1.0
beta_d_pr[4,37]	-0.211	0.0111	0.789	-1.5	-0.203	1.09	5012.0	3.04	1.0
beta_d_pr[4,38]	0.694	0.0125	0.85	-0.705	0.692	2.1	4639.0	2.82	1.0
beta_d_pr[4,39]	-0.237	0.0115	0.792	-1.53	-0.257	1.09	4748.0	2.88	1.0
beta_d_pr[4,40]	0.0825	0.0116	0.759	-1.18	0.0932	1.31	4277.0	2.6	1.0
beta_d_pr[4,41]	-0.131	0.0103	0.778	-1.41	-0.134	1.13	5734.0	3.48	1.0
beta_d_pr[4,42]	-0.22	0.0106	0.752	-1.44	-0.217	1.02	4989.0	3.03	1.0
beta_d_pr[4,43]	-0.504	0.0125	0.789	-1.81	-0.495	0.793	4012.0	2.44	1.0
beta_d_pr[4,44]	-0.51	0.0141	0.809	-1.83	-0.528	0.812	3290.0	2.0	1.0
beta_d_pr[4,45]	0.382	0.0111	0.794	-0.906	0.386	1.68	5082.0	3.09	1.0
beta_d_pr[4,46]	-0.0171	0.0111	0.758	-1.27	-0.0276	1.2	4696.0	2.85	1.0
beta_d_pr[4,47]	0.365	0.0113	0.765	-0.923	0.366	1.6	4608.0	2.8	1.0
beta_d_pr[4,48]	0.419	0.0117	0.818	-0.928	0.398	1.78	4851.0	2.95	1.0
beta_d_pr[4,49]	-0.467	0.0133	0.8	-1.77	-0.473	0.863	3596.0	2.18	1.0
beta_d_pr[4,50]	-0.239	0.0104	0.761	-1.49	-0.244	1.03	5367.0	3.26	0.999
beta_d_pr[4,51]	0.66	0.0112	0.844	-0.752	0.668	2.05	5634.0	3.42	1.0
beta_d_pr[4,52]	0.311	0.0105	0.804	-1.02	0.316	1.64	5859.0	3.56	1.0
beta_d_pr[4,53]	-0.251	0.0109	0.764	-1.48	-0.25	1.0	4938.0	3.0	1.0
beta_d_pr[4,54]	-0.119	0.0114	0.765	-1.37	-0.132	1.18	4513.0	2.74	1.0
beta_d_pr[4,55]	0.318	0.0116	0.861	-1.13	0.327	1.74	5511.0	3.35	1.0
beta_d_pr[4,56]	0.594	0.0116	0.8	-0.713	0.591	1.89	4719.0	2.87	0.999
beta_d_pr[4,57]	-1.2	0.0123	0.748	-2.39	-1.19	0.0127	3703.0	2.25	1.0
beta_d_pr[4,58]	-0.372	0.0117	0.757	-1.6	-0.364	0.86	4205.0	2.55	0.999
beta_d_pr[4,59]	0.158	0.0109	0.79	-1.13	0.146	1.48	5218.0	3.17	1.0
beta_d_pr[4,60]	-0.452	0.0112	0.794	-1.72	-0.451	0.845	5049.0	3.07	0.999
beta_d_pr[4,61]	-0.483	0.0114	0.767	-1.74	-0.493	0.799	4532.0	2.75	1.0
beta_d_pr[4,62]	0.0584	0.0117	0.761	-1.17	0.0576	1.32	4200.0	2.55	1.0
beta_d_pr[4,63]	-0.905	0.0114	0.787	-2.2	-0.904	0.392	4733.0	2.87	1.0
beta_d_pr[4,64]	1.04	0.0122	0.804	-0.333	1.04	2.32	4325.0	2.63	1.0
beta_d_pr[4,65]	0.839	0.0117	0.81	-0.477	0.835	2.2	4824.0	2.93	1.0
beta_d_pr[4,66]	-0.393	0.0103	0.75	-1.64	-0.4	0.837	5325.0	3.23	1.0
beta_d_pr[4,67]	-0.00255	0.0126	0.899	-1.46	0.00271	1.48	5099.0	3.1	1.0
beta_d_pr[4,68]	0.00848	0.0111	0.827	-1.34	0.00765	1.38	5556.0	3.37	1.0
beta_d_pr[4,69]	-0.22	0.0101	0.778	-1.5	-0.228	1.08	5884.0	3.57	1.0
beta_d_pr[4,70]	-0.0549	0.0111	0.761	-1.33	-0.0625	1.2	4726.0	2.87	1.0
beta_d_pr[4,71]	0.199	0.0113	0.794	-1.09	0.206	1.51	4975.0	3.02	0.999
beta_d_pr[4,72]	0.118	0.0105	0.752	-1.12	0.104	1.38	5102.0	3.1	1.0
beta_d_pr[4,73]	0.0133	0.00963	0.766	-1.23	0.0044	1.27	6335.0	3.85	0.999
beta_d_pr[4,74]	0.55	0.0122	0.808	-0.785	0.549	1.89	4358.0	2.65	1.0
beta_d_pr[4,75]	-0.0938	0.0102	0.804	-1.46	-0.082	1.23	6161.0	3.74	1.0
beta_d_pr[4,76]	-1.41	0.0116	0.783	-2.69	-1.41	-0.155	4528.0	2.75	1.0
beta_d_pr[4,77]	0.439	0.0115	0.774	-0.855	0.442	1.7	4525.0	2.75	1.0
beta_d_pr[4,78]	-1.12	0.0107	0.743	-2.32	-1.1	0.0715	4837.0	2.94	1.0
beta_d_pr[4,79]	-0.308	0.0108	0.808	-1.68	-0.304	1.01	5578.0	3.39	1.0
beta_d_pr[4,80]	-0.378	0.0112	0.763	-1.65	-0.37	0.857	4649.0	2.82	1.0
beta_d_pr[4,81]	0.719	0.0115	0.783	-0.595	0.709	1.97	4606.0	2.8	1.0
beta_d_pr[4,82]	-0.044	0.0111	0.801	-1.37	-0.035	1.29	5204.0	3.16	0.999
beta_d_pr[4,83]	0.717	0.0107	0.772	-0.535	0.699	2.01	5168.0	3.14	1.0
beta_d_pr[4,84]	-1.2	0.0112	0.771	-2.45	-1.21	0.0782	4777.0	2.9	1.0
beta_d_pr[4,85]	0.0116	0.012	0.805	-1.32	0.0088	1.32	4516.0	2.74	1.0
beta_d_pr[4,86]	0.202	0.0113	0.777	-1.04	0.199	1.47	4728.0	2.87	1.0
beta_d_pr[4,87]	-0.166	0.0116	0.759	-1.38	-0.171	1.09	4266.0	2.59	1.0
beta_d_pr[4,88]	1.44	0.0139	0.798	0.0807	1.46	2.73	3290.0	2.0	1.0
beta_d_pr[4,89]	0.169	0.0113	0.778	-1.1	0.174	1.45	4787.0	2.91	0.999
beta_d_pr[4,90]	-0.0854	0.0116	0.756	-1.3	-0.086	1.19	4266.0	2.59	1.0
beta_d_pr[4,91]	-0.265	0.0117	0.86	-1.65	-0.264	1.11	5433.0	3.3	1.0
L_c[1,1]	1.0		6e-16	1.0	1.0	1.0			
L_c[1,2]	0.0		0.0	0.0	0.0	0.0			
L_c[1,3]	0.0		0.0	0.0	0.0	0.0			
L_c[1,4]	0.0		0.0	0.0	0.0	0.0			
L_c[2,1]	-0.181	0.00454	0.11	-0.355	-0.187	0.000765	581.0	0.353	1.0
L_c[2,2]	0.977	0.000828	0.0213	0.935	0.982	1.0	661.0	0.401	1.0
L_c[2,3]	0.0		0.0	0.0	0.0	0.0			
L_c[2,4]	0.0		0.0	0.0	0.0	0.0			
L_c[3,1]	-0.0387	0.00425	0.115	-0.226	-0.0389	0.154	730.0	0.443	1.0
L_c[3,2]	0.766	0.00167	0.0555	0.669	0.771	0.846	1101.0	0.669	1.0
L_c[3,3]	0.626	0.00195	0.0652	0.521	0.626	0.732	1116.0	0.678	1.0
L_c[3,4]	0.0		0.0	0.0	0.0	0.0			
L_c[4,1]	0.198	0.00431	0.104	0.022	0.201	0.363	582.0	0.353	1.0
L_c[4,2]	-0.935	0.000962	0.0256	-0.969	-0.939	-0.886	709.0	0.43	1.0
L_c[4,3]	-0.119	0.00142	0.0463	-0.196	-0.118	-0.0444	1063.0	0.645	1.0
L_c[4,4]	0.241	0.00113	0.0369	0.183	0.239	0.304	1060.0	0.644	1.0
L_d[1,1]	1.0		6e-16	1.0	1.0	1.0			
L_d[1,2]	0.0		0.0	0.0	0.0	0.0			
L_d[1,3]	0.0		0.0	0.0	0.0	0.0			
L_d[1,4]	0.0		0.0	0.0	0.0	0.0			
L_d[2,1]	-0.0885	0.00536	0.177	-0.379	-0.089	0.208	1094.0	0.664	1.01
L_d[2,2]	0.98	0.000689	0.0283	0.924	0.99	1.0	1691.0	1.03	1.0
L_d[2,3]	0.0		0.0	0.0	0.0	0.0			
L_d[2,4]	0.0		0.0	0.0	0.0	0.0			
L_d[3,1]	-0.0818	0.00428	0.146	-0.315	-0.0861	0.163	1162.0	0.706	1.0
L_d[3,2]	0.335	0.00733	0.169	0.036	0.348	0.59	533.0	0.324	1.01
L_d[3,3]	0.91	0.00244	0.0633	0.788	0.921	0.99	673.0	0.408	1.01
L_d[3,4]	0.0		0.0	0.0	0.0	0.0			
L_d[4,1]	0.148	0.00555	0.149	-0.0969	0.149	0.388	723.0	0.439	1.01
L_d[4,2]	-0.691	0.00446	0.108	-0.838	-0.706	-0.493	586.0	0.356	1.01
L_d[4,3]	-0.534	0.0033	0.102	-0.704	-0.533	-0.366	947.0	0.575	1.01
L_d[4,4]	0.405	0.00293	0.088	0.266	0.404	0.554	903.0	0.548	1.0
sigma[1,1]	0.502	0.00185	0.0419	0.439	0.499	0.576	514.0	0.312	1.01
sigma[1,2]	0.197	0.000601	0.0206	0.165	0.195	0.232	1181.0	0.717	1.0
sigma[2,1]	0.908	0.00266	0.0772	0.783	0.906	1.04	844.0	0.512	1.01
sigma[2,2]	0.302	0.00162	0.0547	0.214	0.302	0.394	1136.0	0.69	1.0
sigma[3,1]	0.699	0.00203	0.0632	0.6	0.694	0.808	973.0	0.591	1.01
sigma[3,2]	0.388	0.00149	0.0486	0.312	0.387	0.469	1071.0	0.65	1.01
sigma[4,1]	1.48	0.00421	0.119	1.29	1.47	1.68	793.0	0.481	1.01
sigma[4,2]	0.534	0.00242	0.0691	0.423	0.533	0.651	818.0	0.497	1.01
rho[1]	0.729	0.00216	0.0629	0.617	0.737	0.819	846.0	0.514	1.0
rho[2]	0.794	0.00207	0.0715	0.664	0.801	0.899	1188.0	0.721	1.0
rho[3]	0.523	0.00332	0.109	0.329	0.531	0.687	1087.0	0.66	1.0
rho[4]	0.764	0.00211	0.0626	0.65	0.77	0.857	879.0	0.534	1.01
