# {'date': u'2018_apr_04_1722', 'frameRate': 99.785359420067564, 'expName': 'pavlovian', u'participant': u'49'}
subj,condition,session_index,induction,cardset,trial,time,cardnumber,trial_type,reward_type,response,RT,RT_in_frames,reward,won_if_correct,reward_sum
49,yoked,1,induction,6,0,51.0222071681,2,go,avoid,1,0.541230320125,-11,0,-11
49,yoked,1,induction,6,1,56.5441162107,3,nogo,avoid,1,0.340798714087,-11,0,-22
49,yoked,1,induction,6,2,62.0459851959,3,nogo,avoid,0,-1,-10,0,-32
49,yoked,1,induction,6,3,67.7081990406,1,go,win,1,0.380939886918,-1,0,-33
49,yoked,1,induction,6,4,72.8392750968,3,nogo,avoid,0,-1,0,1,-33
49,yoked,1,induction,6,5,78.3812327321,1,go,win,1,0.360844356464,-1,0,-34
49,yoked,1,induction,6,6,83.7528222747,3,nogo,avoid,0,-1,-10,0,-44
49,yoked,1,induction,6,7,89.174520609,4,nogo,win,1,0.411539444391,-1,0,-45
49,yoked,1,induction,6,8,94.3657248615,2,go,avoid,0,-1,0,1,-45
49,yoked,1,induction,6,9,99.7874190485,4,nogo,win,1,0.762359948101,-1,0,-46
49,yoked,1,induction,6,10,105.269249883,4,nogo,win,1,0.481101305675,9,1,-37
49,yoked,1,induction,6,11,110.711022343,3,nogo,avoid,1,0.400927229295,-1,1,-38
49,yoked,1,induction,6,12,116.082588139,4,nogo,win,1,0.48110430714,9,1,-29
49,yoked,1,induction,6,13,121.253746036,1,go,win,1,0.491127789976,-1,0,-30
49,yoked,1,induction,6,14,126.895919267,4,nogo,win,1,0.420976408468,9,1,-21
49,yoked,1,induction,6,15,132.487980702,3,nogo,avoid,1,0.461862729589,-1,1,-22
49,yoked,1,induction,6,16,137.869592284,2,go,avoid,0,-1,-10,0,-32
49,yoked,1,induction,6,17,143.401537925,2,go,avoid,0,-1,0,1,-32
49,yoked,1,induction,6,18,148.612784364,1,go,win,1,0.400937057739,-1,0,-33
49,yoked,1,induction,6,19,153.824024915,4,nogo,win,1,0.480972600568,9,1,-24
49,yoked,1,induction,6,20,159.335951563,1,go,win,1,0.420971521313,-1,0,-25
49,yoked,1,induction,6,21,164.777665005,4,nogo,win,1,0.45103435788,9,1,-16
49,yoked,1,induction,6,22,169.968862153,3,nogo,avoid,1,0.671532018061,-11,0,-27
49,yoked,1,induction,6,23,175.611045056,4,nogo,win,1,0.330799354251,9,1,-18
49,yoked,1,induction,6,24,180.972614166,1,go,win,1,0.360839640734,-1,0,-19
49,yoked,1,induction,6,25,186.464464534,2,go,avoid,0,-1,0,1,-19
49,yoked,1,induction,6,26,191.846084332,1,go,win,1,0.41115394259,9,1,-10
49,yoked,1,induction,6,27,197.317891618,1,go,win,1,0.451039584883,-1,0,-11
49,yoked,1,induction,6,28,202.649396675,3,nogo,avoid,1,0.400929487912,-1,1,-12
49,yoked,1,induction,6,29,207.710315143,2,go,avoid,0,-1,0,1,-12
49,yoked,1,induction,6,30,213.111965832,4,nogo,win,1,0.420978730242,9,1,-3
49,yoked,1,induction,6,31,218.383352882,3,nogo,avoid,1,0.430997765014,-1,1,-4
49,yoked,1,induction,6,32,223.815073427,1,go,win,1,0.3407967893,-1,0,-5
49,yoked,1,induction,6,33,229.296902998,2,go,avoid,0,-1,-10,0,-15
49,yoked,1,induction,6,34,234.468063323,2,go,avoid,0,-1,0,1,-15
49,yoked,1,induction,6,35,239.969941559,4,nogo,win,1,0.370880831611,9,1,-6
49,yoked,1,induction,6,36,245.411680441,4,nogo,win,1,0.471079212299,9,1,3
49,yoked,1,induction,6,37,250.723143249,1,go,win,1,0.430992986127,-1,0,2
49,yoked,1,induction,6,38,255.914352482,3,nogo,avoid,1,0.39094401361,-1,1,1
49,yoked,1,induction,6,39,261.626676848,4,nogo,win,1,0.370870452798,9,1,10
49,yoked,1,induction,6,40,266.938138696,3,nogo,avoid,1,0.45105154563,-1,1,9
49,yoked,1,induction,6,41,272.520168107,3,nogo,avoid,0,-1,0,1,9
49,yoked,1,induction,6,42,277.721408594,2,go,avoid,0,-1,-10,0,-1
49,yoked,1,induction,6,43,283.103028981,2,go,avoid,0,-1,0,1,-1
49,yoked,1,induction,6,44,288.634967194,2,go,avoid,0,-1,-10,0,-11
49,yoked,1,induction,6,45,293.856232061,4,nogo,win,1,0.390908702788,9,1,-2
49,yoked,1,induction,6,46,299.498419285,3,nogo,avoid,0,-1,0,1,-2
49,yoked,1,induction,6,47,304.729700621,1,go,win,1,0.370863132592,-1,0,-3
49,yoked,1,induction,6,48,310.28168087,1,go,win,1,0.37086449498,-1,0,-4
49,yoked,1,induction,6,49,315.923861596,1,go,win,0,-1,0,0,-4
49,yoked,1,induction,6,50,321.034892921,1,go,win,0,-1,0,0,-4
49,yoked,1,induction,6,51,326.717152796,3,nogo,avoid,0,-1,-10,0,-14
49,yoked,1,induction,6,52,331.958466282,3,nogo,avoid,0,-1,0,1,-14
49,yoked,1,induction,6,53,337.450318648,1,go,win,0,-1,0,0,-14
49,yoked,1,induction,6,54,343.042395023,2,go,avoid,0,-1,-10,0,-24
49,yoked,1,induction,6,55,348.303742267,4,nogo,win,1,0.521183122881,9,1,-15
49,yoked,1,induction,6,56,353.795595131,4,nogo,win,1,0.451040216452,-1,0,-16
49,yoked,1,induction,6,57,359.10706501,2,go,avoid,0,-1,0,1,-16
49,yoked,1,induction,6,58,364.548799832,2,go,avoid,0,-1,-10,0,-26
49,yoked,1,induction,6,59,370.040656657,4,nogo,win,0,-1,0,0,-26
49,yoked,1,induction,6,60,375.682835756,4,nogo,win,1,0.651472950294,-1,0,-27
49,yoked,1,induction,6,61,381.074480203,3,nogo,avoid,0,-1,0,1,-27
49,yoked,1,induction,6,62,386.606410158,4,nogo,win,1,0.380909373027,-1,0,-28
49,yoked,1,induction,6,63,392.368829008,1,go,win,0,-1,0,0,-28
49,yoked,1,induction,6,64,397.770510572,1,go,win,0,-1,0,0,-28
49,yoked,1,induction,6,65,403.021843235,3,nogo,avoid,0,-1,0,1,-28
49,yoked,1,induction,6,66,408.633961247,2,go,avoid,0,-1,-10,0,-38
49,yoked,1,induction,6,67,413.805116798,2,go,avoid,0,-1,-10,0,-48
49,yoked,1,induction,6,68,418.906125414,4,nogo,win,1,0.420968703304,9,1,-39
49,yoked,1,induction,6,69,424.167484533,3,nogo,avoid,0,-1,0,1,-39
49,yoked,1,induction,6,70,429.529051366,3,nogo,avoid,0,-1,0,1,-39
49,yoked,1,induction,6,71,434.990852266,3,nogo,avoid,0,-1,0,1,-39
49,yoked,1,induction,6,72,440.592960895,2,go,avoid,0,-1,0,1,-39
49,yoked,1,induction,6,73,446.235111614,1,go,win,0,-1,0,0,-39
49,yoked,1,induction,6,74,451.787091797,2,go,avoid,0,-1,-10,0,-49
49,yoked,1,induction,6,75,457.028438348,1,go,win,0,-1,10,1,-39
49,yoked,1,induction,6,76,462.650543362,2,go,avoid,0,-1,-10,0,-49
49,yoked,1,induction,6,77,468.182475557,4,nogo,win,1,0.0399720772657,9,1,-40
49,yoked,1,induction,6,78,473.493944918,2,go,avoid,0,-1,0,1,-40
49,yoked,1,induction,6,79,478.825479548,1,go,win,0,-1,0,0,-40
49,yoked,2,exp,7,0,716.458233313,4,nogo,win,0,-1,10,1,10
49,yoked,2,exp,7,1,721.960114704,1,go,win,0,-1,10,0,20
49,yoked,2,exp,7,2,727.472009566,4,nogo,win,0,-1,10,1,30
49,yoked,2,exp,7,3,733.034013834,2,go,avoid,1,0.902012027771,-1,1,29
49,yoked,2,exp,7,4,738.425645915,1,go,win,0,-1,0,1,29
49,yoked,2,exp,7,5,743.516634006,2,go,avoid,0,-1,0,0,29
49,yoked,2,exp,7,6,749.208919545,3,nogo,avoid,1,0.441014932137,-11,1,18
49,yoked,2,exp,7,7,754.740857036,4,nogo,win,0,-1,10,1,28
49,yoked,2,exp,7,8,760.262772271,1,go,win,0,-1,0,1,28
49,yoked,2,exp,7,9,765.34374057,1,go,win,1,0.380882056084,9,1,37
49,yoked,2,exp,7,10,770.795506279,2,go,avoid,0,-1,-10,1,27
49,yoked,2,exp,7,11,776.427661555,1,go,win,1,0.380890422894,9,1,36
49,yoked,2,exp,7,12,781.889457579,4,nogo,win,0,-1,0,0,36
49,yoked,2,exp,7,13,787.491542783,2,go,avoid,1,0.531214731927,-1,1,35
49,yoked,2,exp,7,14,793.013460333,1,go,win,1,0.420978670092,9,1,44
49,yoked,2,exp,7,15,798.284835084,1,go,win,1,0.370863731079,-1,0,43
49,yoked,2,exp,7,16,803.676471523,1,go,win,1,0.420991978192,9,1,52
49,yoked,2,exp,7,17,809.028024262,1,go,win,1,0.360837890381,-1,0,51
49,yoked,2,exp,7,18,814.620094175,2,go,avoid,1,0.380914004547,-1,1,50
49,yoked,2,exp,7,19,819.991688433,4,nogo,win,0,-1,10,1,60
49,yoked,2,exp,7,20,825.12276491,1,go,win,1,0.350820930773,9,1,69
49,yoked,2,exp,7,21,830.504372717,2,go,avoid,1,0.400924874439,-1,1,68
49,yoked,2,exp,7,22,836.016271104,4,nogo,win,0,-1,10,1,78
49,yoked,2,exp,7,23,841.237537285,4,nogo,win,0,-1,0,0,78
49,yoked,2,exp,7,24,846.639197054,2,go,avoid,1,0.380885210932,-1,1,77
49,yoked,2,exp,7,25,851.940666757,2,go,avoid,1,0.380887262034,-1,1,76
49,yoked,2,exp,7,26,857.191970049,1,go,win,1,0.340800413313,9,1,85
49,yoked,2,exp,7,27,862.653765956,4,nogo,win,0,-1,0,0,85
49,yoked,2,exp,7,28,867.96523391,2,go,avoid,1,0.360839848252,-11,0,74
49,yoked,2,exp,7,29,873.627444897,2,go,avoid,1,0.340800268954,-11,0,63
49,yoked,2,exp,7,30,878.928893681,3,nogo,avoid,0,-1,0,1,63
49,yoked,2,exp,7,31,884.23033334,2,go,avoid,1,0.320757309251,-1,1,62
49,yoked,2,exp,7,32,889.732201236,1,go,win,1,0.35082446456,9,1,71
49,yoked,2,exp,7,33,895.16392951,3,nogo,avoid,0,-1,-10,0,61
49,yoked,2,exp,7,34,900.715912914,3,nogo,avoid,0,-1,0,1,61
49,yoked,2,exp,7,35,905.907118655,3,nogo,avoid,0,-1,-10,0,51
49,yoked,2,exp,7,36,911.419012988,2,go,avoid,1,0.591342251657,-1,1,50
49,yoked,2,exp,7,37,916.600193686,1,go,win,1,0.300715128484,9,1,59
49,yoked,2,exp,7,38,921.771360969,2,go,avoid,1,0.320757098727,-1,1,58
49,yoked,2,exp,7,39,927.152968082,3,nogo,avoid,0,-1,0,1,58
49,yoked,2,exp,7,40,932.394267409,3,nogo,avoid,0,-1,0,1,58
49,yoked,2,exp,7,41,937.625579548,2,go,avoid,1,0.390906435148,-1,1,57
49,yoked,2,exp,7,42,942.846843371,3,nogo,avoid,0,-1,-10,0,47
49,yoked,2,exp,7,43,948.028035365,1,go,win,1,0.361257740609,9,1,56
49,yoked,2,exp,7,44,953.169119502,3,nogo,avoid,0,-1,0,1,56
49,yoked,2,exp,7,45,958.620892267,1,go,win,1,0.320778367626,-1,0,55
49,yoked,2,exp,7,46,964.212966874,1,go,win,1,0.340805712494,-1,0,54
49,yoked,2,exp,7,47,969.484332226,2,go,avoid,1,0.370864528062,-1,1,53
49,yoked,2,exp,7,48,975.066384196,4,nogo,win,0,-1,0,0,53
49,yoked,2,exp,7,49,980.20748322,3,nogo,avoid,0,-1,0,1,53
49,yoked,2,exp,7,50,985.849659008,3,nogo,avoid,0,-1,0,1,53
49,yoked,2,exp,7,51,991.281377787,4,nogo,win,0,-1,0,0,53
49,yoked,2,exp,7,52,996.382390477,2,go,avoid,1,0.441019088476,-1,1,52
49,yoked,2,exp,7,53,1001.55355722,4,nogo,win,0,-1,10,1,62
49,yoked,2,exp,7,54,1006.88506158,4,nogo,win,0,-1,10,1,72
49,yoked,2,exp,7,55,1012.5673285,3,nogo,avoid,0,-1,-10,0,62
49,yoked,2,exp,7,56,1018.02914201,3,nogo,avoid,0,-1,0,1,62
49,yoked,2,exp,7,57,1023.75146207,3,nogo,avoid,0,-1,-10,0,52
49,yoked,2,exp,7,58,1028.96271996,3,nogo,avoid,0,-1,0,1,52
49,yoked,2,exp,7,59,1034.49465221,3,nogo,avoid,0,-1,0,1,52
49,yoked,2,exp,7,60,1040.04663195,2,go,avoid,1,0.45105696511,-11,0,41
49,yoked,2,exp,7,61,1045.50842632,1,go,win,1,0.340804843332,-1,0,40
49,yoked,2,exp,7,62,1050.84995258,4,nogo,win,0,-1,0,0,40
49,yoked,2,exp,7,63,1056.21152577,4,nogo,win,0,-1,10,1,50
49,yoked,2,exp,7,64,1061.85370209,1,go,win,0,-1,10,0,60
49,yoked,2,exp,7,65,1067.06495551,4,nogo,win,0,-1,10,1,70
49,yoked,2,exp,7,66,1072.51672029,4,nogo,win,0,-1,10,1,80
49,yoked,2,exp,7,67,1077.93841938,2,go,avoid,1,0.380891932649,-1,1,79
49,yoked,2,exp,7,68,1083.29999104,2,go,avoid,1,0.511181997656,-11,0,68
49,yoked,2,exp,7,69,1088.55132853,4,nogo,win,0,-1,10,1,78
49,yoked,2,exp,7,70,1093.81268083,1,go,win,1,0.400930618725,9,1,87
49,yoked,2,exp,7,71,1099.39473493,4,nogo,win,0,-1,10,1,97
49,yoked,2,exp,7,72,1104.68615251,3,nogo,avoid,1,0.741663381781,-11,1,86
49,yoked,2,exp,7,73,1110.32836373,2,go,avoid,1,0.37086405288,-11,0,75
49,yoked,2,exp,7,74,1116.04066311,3,nogo,avoid,0,-1,0,1,75
49,yoked,2,exp,7,75,1121.29199404,1,go,win,0,-1,0,1,75
49,yoked,2,exp,7,76,1126.81391365,3,nogo,avoid,0,-1,0,1,75
49,yoked,2,exp,7,77,1132.06527833,4,nogo,win,0,-1,0,0,75
49,yoked,2,exp,7,78,1137.26647185,4,nogo,win,0,-1,0,0,75
49,yoked,2,exp,7,79,1142.98881984,3,nogo,avoid,0,-1,0,1,75
49,yoked,3,exp,2,0,1313.71726816,4,nogo,avoid,0,-1,0,1,0
49,yoked,3,exp,2,1,1319.27924368,2,nogo,win,1,0.651463960936,-1,1,-1
49,yoked,3,exp,2,2,1324.5806833,1,go,win,1,0.631434552939,9,1,8
49,yoked,3,exp,2,3,1330.13265873,3,go,avoid,1,0.652179416376,-1,1,7
49,yoked,3,exp,2,4,1335.27375195,3,go,avoid,0,-1,-10,1,-3
49,yoked,3,exp,2,5,1340.88587624,1,go,win,1,0.491126442623,9,1,6
49,yoked,3,exp,2,6,1346.41780764,1,go,win,1,0.561280666199,9,1,15
49,yoked,3,exp,2,7,1351.70922468,4,nogo,avoid,1,0.370864440845,-11,1,4
49,yoked,3,exp,2,8,1356.93049549,3,go,avoid,1,0.621407563383,-1,1,3
49,yoked,3,exp,2,9,1362.51253644,4,nogo,avoid,0,-1,0,1,3
49,yoked,3,exp,2,10,1368.05450459,3,go,avoid,0,-1,0,0,3
49,yoked,3,exp,2,11,1373.45615735,4,nogo,avoid,0,-1,-10,0,-7
49,yoked,3,exp,2,12,1378.75760033,3,go,avoid,0,-1,-10,1,-17
49,yoked,3,exp,2,13,1384.24944607,1,go,win,1,0.501152761512,-1,0,-18
49,yoked,3,exp,2,14,1389.37050101,4,nogo,avoid,0,-1,0,1,-18
49,yoked,3,exp,2,15,1394.70201296,3,go,avoid,1,0.521223402062,-1,1,-19
49,yoked,3,exp,2,16,1400.07360054,4,nogo,avoid,0,-1,-10,0,-29
49,yoked,3,exp,2,17,1405.12449944,2,nogo,win,1,0.771733123525,9,0,-20
49,yoked,3,exp,2,18,1410.63639907,1,go,win,1,0.340816001082,9,1,-11
49,yoked,3,exp,2,19,1416.21844925,2,nogo,win,1,0.441016255429,9,0,-2
49,yoked,3,exp,2,20,1421.68022823,1,go,win,1,0.350819327787,9,1,7
49,yoked,3,exp,2,21,1427.36249327,2,nogo,win,1,0.471083353597,-1,1,6
49,yoked,3,exp,2,22,1432.74410857,1,go,win,1,0.431007734809,-1,0,5
49,yoked,3,exp,2,23,1438.28607314,2,nogo,win,1,0.370865451358,-1,1,4
49,yoked,3,exp,2,24,1443.72781397,3,go,avoid,1,0.400930928496,-11,0,-7
49,yoked,3,exp,2,25,1449.08941711,3,go,avoid,1,0.340797902069,-1,1,-8
49,yoked,3,exp,2,26,1454.40084714,1,go,win,1,0.300706918064,9,1,1
49,yoked,3,exp,2,27,1460.1031638,1,go,win,1,0.360804633667,9,1,10
49,yoked,3,exp,2,28,1465.23422907,1,go,win,1,0.571298648352,9,1,19
49,yoked,3,exp,2,29,1470.95658147,4,nogo,avoid,0,-1,0,1,19
49,yoked,3,exp,2,30,1476.57871761,4,nogo,avoid,0,-1,0,1,19
49,yoked,3,exp,2,31,1481.98038197,4,nogo,avoid,0,-1,-10,0,9
49,yoked,3,exp,2,32,1487.42214762,2,nogo,win,1,0.400926263894,-1,1,8
49,yoked,3,exp,2,33,1492.78368859,3,go,avoid,1,0.330769360653,-1,1,7
49,yoked,3,exp,2,34,1498.24547969,3,go,avoid,1,0.310742662394,-1,1,6
49,yoked,3,exp,2,35,1503.64713564,1,go,win,1,0.34080304185,9,1,15
49,yoked,3,exp,2,36,1508.8383374,2,nogo,win,1,0.471075194304,-1,1,14
49,yoked,3,exp,2,37,1514.19991386,1,go,win,1,0.280671970286,9,1,23
49,yoked,3,exp,2,38,1519.84209061,3,go,avoid,1,0.300762694789,-11,0,12
49,yoked,3,exp,2,39,1525.12348698,2,nogo,win,1,0.230561695875,-1,1,11
49,yoked,3,exp,2,40,1530.50510415,3,go,avoid,1,0.310728253557,-1,1,10
49,yoked,3,exp,2,41,1536.06710843,2,nogo,win,1,0.300720247214,-1,1,9
49,yoked,3,exp,2,42,1541.41865585,1,go,win,1,0.300717585595,9,1,18
49,yoked,3,exp,2,43,1547.17117606,3,go,avoid,1,0.301318690628,-1,1,17
49,yoked,3,exp,2,44,1552.27210236,1,go,win,1,0.300711363119,-1,0,16
49,yoked,3,exp,2,45,1557.48332863,4,nogo,avoid,0,-1,0,1,16
49,yoked,3,exp,2,46,1562.69457909,2,nogo,win,1,0.270665245131,9,0,25
49,yoked,3,exp,2,47,1568.04612513,3,go,avoid,0,-1,0,0,25
49,yoked,3,exp,2,48,1573.23732311,2,nogo,win,1,0.35082687656,9,0,34
49,yoked,3,exp,2,49,1578.36840596,4,nogo,avoid,0,-1,0,1,34
49,yoked,3,exp,2,50,1583.9203932,4,nogo,avoid,0,-1,0,1,34
49,yoked,3,exp,2,51,1589.07151418,2,nogo,win,1,0.481094171933,9,0,43
49,yoked,3,exp,2,52,1594.70366173,4,nogo,avoid,0,-1,0,1,43
49,yoked,3,exp,2,53,1600.31578322,4,nogo,avoid,0,-1,-10,0,33
49,yoked,3,exp,2,54,1605.78758929,4,nogo,avoid,0,-1,0,1,33
49,yoked,3,exp,2,55,1611.32954932,2,nogo,win,1,0.340810103413,-1,1,32
49,yoked,3,exp,2,56,1616.61094338,3,go,avoid,0,-1,-10,1,22
49,yoked,3,exp,2,57,1621.98254542,2,nogo,win,1,0.48112424072,-1,1,21
49,yoked,3,exp,2,58,1627.09358175,1,go,win,1,0.370865857367,-1,0,20
49,yoked,3,exp,2,59,1632.51529853,1,go,win,1,0.300709501489,9,1,29
49,yoked,3,exp,2,60,1637.67641176,2,nogo,win,1,0.360856819461,-1,1,28
49,yoked,3,exp,2,61,1642.98787869,2,nogo,win,1,0.471089684344,9,0,37
49,yoked,3,exp,2,62,1648.49978316,4,nogo,avoid,0,-1,0,1,37
49,yoked,3,exp,2,63,1653.71102077,4,nogo,avoid,0,-1,0,1,37
49,yoked,3,exp,2,64,1658.82205094,2,nogo,win,1,0.350822443535,9,0,46
49,yoked,3,exp,2,65,1663.89299719,3,go,avoid,1,0.561266152101,-1,1,45
49,yoked,3,exp,2,66,1669.08420331,1,go,win,1,0.340797041928,9,1,54
49,yoked,3,exp,2,67,1674.666248,4,nogo,avoid,0,-1,0,1,54
49,yoked,3,exp,2,68,1680.2583445,4,nogo,avoid,0,-1,-10,0,44
49,yoked,3,exp,2,69,1685.65998075,2,nogo,win,1,0.330785252178,-1,1,43
49,yoked,3,exp,2,70,1691.14181117,2,nogo,win,1,0.33142641083,9,0,52
49,yoked,3,exp,2,71,1696.71386396,1,go,win,1,0.360845204574,9,1,61
49,yoked,3,exp,2,72,1701.87497744,4,nogo,avoid,0,-1,0,1,61
49,yoked,3,exp,2,73,1707.24662572,3,go,avoid,1,0.430994956027,-1,1,60
49,yoked,3,exp,2,74,1712.47784845,1,go,win,1,0.400934483338,9,1,69
49,yoked,3,exp,2,75,1717.74923737,3,go,avoid,1,0.390911788463,-1,1,68
49,yoked,3,exp,2,76,1723.22104969,2,nogo,win,1,0.360845057206,-1,1,67
49,yoked,3,exp,2,77,1728.73297274,3,go,avoid,1,0.461066171434,-11,0,56
49,yoked,3,exp,2,78,1734.02436831,1,go,win,1,0.34078452179,-1,0,55
49,yoked,3,exp,2,79,1739.32580795,3,go,avoid,1,0.34079762538,-1,1,54
49,yoked,4,induction,9,0,1944.38831157,1,go,win,0,-1,0,0,0
49,yoked,4,induction,9,1,1949.84007502,4,nogo,avoid,0,-1,0,1,0
49,yoked,4,induction,9,2,1955.18160576,2,nogo,win,0,-1,10,1,10
49,yoked,4,induction,9,3,1960.60330788,1,go,win,1,0.31072608817,9,1,19
49,yoked,4,induction,9,4,1966.00496385,1,go,win,1,0.350822205944,9,1,28
49,yoked,4,induction,9,5,1971.1761938,4,nogo,avoid,0,-1,0,1,28
49,yoked,4,induction,9,6,1976.8182995,1,go,win,1,0.34081967923,9,1,37
49,yoked,4,induction,9,7,1982.25002242,3,go,avoid,0,-1,-10,0,27
49,yoked,4,induction,9,8,1987.97239571,3,go,avoid,0,-1,-10,0,17
49,yoked,4,induction,9,9,1993.37402978,3,go,avoid,1,0.36084104222,-11,0,6
49,yoked,4,induction,9,10,1998.50514676,3,go,avoid,1,0.330778822185,-1,1,5
49,yoked,4,induction,9,11,2003.9168161,1,go,win,1,0.340797871993,9,1,14
49,yoked,4,induction,9,12,2009.47878493,4,nogo,avoid,0,-1,-10,0,4
49,yoked,4,induction,9,13,2014.55975103,4,nogo,avoid,0,-1,0,1,4
49,yoked,4,induction,9,14,2019.76097422,3,go,avoid,1,0.461058830177,-11,0,-7
49,yoked,4,induction,9,15,2025.12254818,4,nogo,avoid,0,-1,-10,0,-17
49,yoked,4,induction,9,16,2030.47409739,3,go,avoid,1,0.350830933652,-11,0,-28
49,yoked,4,induction,9,17,2035.95593095,3,go,avoid,1,0.320755420553,-1,1,-29
49,yoked,4,induction,9,18,2041.5780664,4,nogo,avoid,0,-1,0,1,-29
49,yoked,4,induction,9,19,2047.02983043,4,nogo,avoid,0,-1,0,1,-29
49,yoked,4,induction,9,20,2052.25109875,2,nogo,win,1,0.461057410646,9,1,-20
49,yoked,4,induction,9,21,2057.78303643,2,nogo,win,1,0.441014929131,9,1,-11
49,yoked,4,induction,9,22,2063.15463035,1,go,win,1,0.41095060386,-1,0,-12
49,yoked,4,induction,9,23,2068.35585471,3,go,avoid,1,0.310729883609,-11,0,-23
49,yoked,4,induction,9,24,2073.4668842,2,nogo,win,0,-1,10,1,-13
49,yoked,4,induction,9,25,2078.84849999,2,nogo,win,0,-1,0,0,-13
49,yoked,4,induction,9,26,2084.09983632,4,nogo,avoid,0,-1,0,1,-13
49,yoked,4,induction,9,27,2089.58169994,2,nogo,win,0,-1,10,1,-3
49,yoked,4,induction,9,28,2095.17373537,4,nogo,avoid,0,-1,0,1,-3
49,yoked,4,induction,9,29,2100.26472255,4,nogo,avoid,0,-1,0,1,-3
49,yoked,4,induction,9,30,2105.39580159,1,go,win,1,0.531214392082,9,1,6
49,yoked,4,induction,9,31,2110.90769356,2,nogo,win,0,-1,0,0,6
49,yoked,4,induction,9,32,2116.25924409,4,nogo,avoid,0,-1,0,1,6
49,yoked,4,induction,9,33,2121.48051649,2,nogo,win,0,-1,10,1,16
49,yoked,4,induction,9,34,2126.7118032,4,nogo,avoid,0,-1,0,1,16
49,yoked,4,induction,9,35,2132.18361225,2,nogo,win,0,-1,0,0,16
49,yoked,4,induction,9,36,2137.50509988,3,go,avoid,1,0.771732299476,-11,0,5
49,yoked,4,induction,9,37,2143.16732102,3,go,avoid,1,0.31073925191,-1,1,4
49,yoked,4,induction,9,38,2148.39861244,4,nogo,avoid,0,-1,0,1,4
49,yoked,4,induction,9,39,2154.02074176,1,go,win,1,0.410953268487,9,1,13
49,yoked,4,induction,9,40,2159.21195282,1,go,win,1,0.360840825682,-1,0,12
49,yoked,4,induction,9,41,2164.62362955,2,nogo,win,0,-1,10,1,22
49,yoked,4,induction,9,42,2169.77474255,2,nogo,win,0,-1,10,1,32
49,yoked,4,induction,9,43,2174.99601384,3,go,avoid,1,0.380891198824,-11,0,21
49,yoked,4,induction,9,44,2180.73840873,4,nogo,avoid,0,-1,0,1,21
49,yoked,4,induction,9,45,2186.24027893,3,go,avoid,1,0.27065914897,-11,0,10
49,yoked,4,induction,9,46,2191.81231284,2,nogo,win,0,-1,0,0,10
49,yoked,4,induction,9,47,2197.23401442,1,go,win,1,0.360732643618,9,1,19
49,yoked,4,induction,9,48,2202.57554168,1,go,win,1,0.45104245101,9,1,28
49,yoked,4,induction,9,49,2207.99724566,1,go,win,1,0.390905914855,9,1,37
49,yoked,4,induction,9,50,2213.12831616,2,nogo,win,0,-1,0,0,37
49,yoked,4,induction,9,51,2218.56004129,2,nogo,win,0,-1,10,1,47
49,yoked,4,induction,9,52,2223.97171835,3,go,avoid,0,-1,0,1,47
49,yoked,4,induction,9,53,2229.06273766,3,go,avoid,0,-1,-10,0,37
49,yoked,4,induction,9,54,2234.3441088,4,nogo,avoid,0,-1,-10,0,27
49,yoked,4,induction,9,55,2239.88606643,4,nogo,avoid,0,-1,-10,0,17
49,yoked,4,induction,9,56,2245.02724477,2,nogo,win,0,-1,10,1,27
49,yoked,4,induction,9,57,2250.42882624,1,go,win,1,0.340927082358,-1,0,26
49,yoked,4,induction,9,58,2255.92068014,3,go,avoid,0,-1,-10,0,16
49,yoked,4,induction,9,59,2261.0918379,2,nogo,win,0,-1,0,0,16
49,yoked,4,induction,9,60,2266.27302315,2,nogo,win,0,-1,10,1,26
49,yoked,4,induction,9,61,2271.87511402,3,go,avoid,1,0.290692295264,-11,0,15
49,yoked,4,induction,9,62,2277.30683733,2,nogo,win,0,-1,10,1,25
49,yoked,4,induction,9,63,2282.57821898,4,nogo,avoid,0,-1,0,1,25
49,yoked,4,induction,9,64,2287.68925088,4,nogo,avoid,0,-1,0,1,25
49,yoked,4,induction,9,65,2293.19112265,3,go,avoid,1,0.791781099708,-1,1,24
49,yoked,4,induction,9,66,2298.54267586,3,go,avoid,1,0.401537410904,-11,0,13
49,yoked,4,induction,9,67,2304.07461459,3,go,avoid,1,0.360850612022,-1,1,12
49,yoked,4,induction,9,68,2309.25579264,1,go,win,1,0.390911466662,-1,0,11
49,yoked,4,induction,9,69,2314.68751476,3,go,avoid,1,0.280661468167,-1,1,10
49,yoked,4,induction,9,70,2319.95889723,4,nogo,avoid,0,-1,0,1,10
49,yoked,4,induction,9,71,2325.36055691,1,go,win,1,0.370865361134,-1,0,9
49,yoked,4,induction,9,72,2330.92256343,1,go,win,1,0.461062815088,-1,0,8
49,yoked,4,induction,9,73,2336.43445188,2,nogo,win,0,-1,10,1,18
49,yoked,4,induction,9,74,2341.78600787,1,go,win,1,0.40093283223,-1,0,17
49,yoked,4,induction,9,75,2347.31796217,2,nogo,win,0,-1,10,1,27
49,yoked,4,induction,9,76,2352.51916908,4,nogo,avoid,0,-1,0,1,27
49,yoked,4,induction,9,77,2358.04109609,1,go,win,1,0.400930844286,9,1,36
49,yoked,4,induction,9,78,2363.50287816,1,go,win,1,0.410952423385,9,1,45
49,yoked,4,induction,9,79,2368.99473513,1,go,win,1,0.481106316138,9,1,54
49,yoked,5,exp,1,0,2567.60332888,4,nogo,win,0,-1,0,0,0
49,yoked,5,exp,1,1,2573.02501433,2,go,win,0,-1,0,1,0
49,yoked,5,exp,1,2,2578.66718842,4,nogo,win,1,0.360854789413,-1,1,-1
49,yoked,5,exp,1,3,2584.20914569,2,go,win,1,0.481104078573,9,1,8
49,yoked,5,exp,1,4,2589.78117162,2,go,win,1,0.641451305031,9,1,17
49,yoked,5,exp,1,5,2595.21289525,3,go,avoid,0,-1,0,0,17
49,yoked,5,exp,1,6,2600.60453391,2,go,win,1,0.400923054913,9,1,26
49,yoked,5,exp,1,7,2605.95608232,1,nogo,avoid,0,-1,-10,0,16
49,yoked,5,exp,1,8,2611.15730582,2,go,win,0,-1,0,1,16
49,yoked,5,exp,1,9,2616.62911671,3,go,avoid,1,0.270661464729,-11,0,5
49,yoked,5,exp,1,10,2621.76018217,4,nogo,win,1,0.631427274835,9,0,14
49,yoked,5,exp,1,11,2627.25204015,3,go,avoid,0,-1,-10,1,4
49,yoked,5,exp,1,12,2632.44324083,2,go,win,0,-1,0,1,4
49,yoked,5,exp,1,13,2637.61439971,1,nogo,avoid,0,-1,0,1,4
49,yoked,5,exp,1,14,2642.83564964,2,go,win,1,0.350817727805,9,1,13
49,yoked,5,exp,1,15,2648.28743791,3,go,avoid,0,-1,-10,1,3
49,yoked,5,exp,1,16,2653.40848534,4,nogo,win,1,0.300709705996,9,0,12
49,yoked,5,exp,1,17,2658.72997187,2,go,win,1,0.681537853003,9,1,21
49,yoked,5,exp,1,18,2664.26190829,1,nogo,avoid,0,-1,0,1,21
49,yoked,5,exp,1,19,2669.38296252,1,nogo,avoid,0,-1,0,1,21
49,yoked,5,exp,1,20,2674.87482539,3,go,avoid,0,-1,-10,1,11
49,yoked,5,exp,1,21,2680.40675715,1,nogo,avoid,0,-1,0,1,11
49,yoked,5,exp,1,22,2685.62802503,4,nogo,win,1,0.370867192689,-1,1,10
49,yoked,5,exp,1,23,2691.01966393,4,nogo,win,1,0.370859526622,9,0,19
49,yoked,5,exp,1,24,2696.31107572,4,nogo,win,1,0.31074156767,-1,1,18
49,yoked,5,exp,1,25,2701.90315167,4,nogo,win,1,0.310741300005,-1,1,17
49,yoked,5,exp,1,26,2707.4651514,2,go,win,1,0.270645209299,9,1,26
49,yoked,5,exp,1,27,2713.00711595,2,go,win,1,0.451038688652,9,1,35
49,yoked,5,exp,1,28,2718.62924885,4,nogo,win,1,0.280670057529,-1,1,34
49,yoked,5,exp,1,29,2723.79038778,3,go,avoid,0,-1,-10,1,24
49,yoked,5,exp,1,30,2728.99161306,2,go,win,1,0.471077970209,-1,0,23
49,yoked,5,exp,1,31,2734.58368254,1,nogo,avoid,0,-1,0,1,23
49,yoked,5,exp,1,32,2740.18577626,3,go,avoid,1,0.300713266854,-1,1,22
49,yoked,5,exp,1,33,2745.47722515,1,nogo,avoid,0,-1,-10,0,12
49,yoked,5,exp,1,34,2750.67841981,1,nogo,avoid,0,-1,-10,0,2
49,yoked,5,exp,1,35,2755.84957804,3,go,avoid,0,-1,-10,1,-8
49,yoked,5,exp,1,36,2761.040811,3,go,avoid,1,0.531258376477,-11,0,-19
49,yoked,5,exp,1,37,2766.28209898,3,go,avoid,0,-1,-10,1,-29
49,yoked,5,exp,1,38,2771.58354098,2,go,win,1,0.621407112261,-1,0,-30
49,yoked,5,exp,1,39,2776.78476626,4,nogo,win,1,0.280671143228,-1,1,-31
49,yoked,5,exp,1,40,2782.09622788,4,nogo,win,1,0.481095233574,-1,1,-32
49,yoked,5,exp,1,41,2787.58807937,2,go,win,1,0.43099615601,9,1,-23
49,yoked,5,exp,1,42,2793.02982929,2,go,win,1,0.380993356906,9,1,-14
49,yoked,5,exp,1,43,2798.30120227,4,nogo,win,1,0.290691140393,9,0,-5
49,yoked,5,exp,1,44,2803.77301569,1,nogo,avoid,0,-1,-10,0,-15
49,yoked,5,exp,1,45,2809.14460512,1,nogo,avoid,1,0.300714244284,-11,1,-26
49,yoked,5,exp,1,46,2814.51620158,3,go,avoid,0,-1,-10,1,-36
49,yoked,5,exp,1,47,2819.96797123,1,nogo,avoid,0,-1,0,1,-36
49,yoked,5,exp,1,48,2825.13912957,2,go,win,0,-1,10,0,-26
49,yoked,5,exp,1,49,2830.31029332,1,nogo,avoid,0,-1,0,1,-26
49,yoked,5,exp,1,50,2835.95246605,3,go,avoid,1,0.350831390788,-1,1,-27
49,yoked,5,exp,1,51,2841.58462034,1,nogo,avoid,0,-1,0,1,-27
49,yoked,5,exp,1,52,2847.21677448,1,nogo,avoid,0,-1,0,1,-27
49,yoked,5,exp,1,53,2852.48814816,2,go,win,0,-1,10,0,-17
49,yoked,5,exp,1,54,2857.91988025,2,go,win,0,-1,10,0,-7
49,yoked,5,exp,1,55,2863.28144892,1,nogo,avoid,0,-1,0,1,-7
49,yoked,5,exp,1,56,2868.49270003,4,nogo,win,1,0.340800253918,9,0,2
49,yoked,5,exp,1,57,2873.92442487,3,go,avoid,1,0.591340967463,-1,1,1
49,yoked,5,exp,1,58,2879.04547561,3,go,avoid,1,0.320759865608,-1,1,0
49,yoked,5,exp,1,59,2884.30682353,2,go,win,0,-1,0,1,0
49,yoked,5,exp,1,60,2889.60827099,3,go,avoid,1,0.430991371109,-1,1,-1
49,yoked,5,exp,1,61,2894.7894555,4,nogo,win,1,0.340803778685,-1,1,-2
49,yoked,5,exp,1,62,2900.21115385,2,go,win,0,-1,0,1,-2
49,yoked,5,exp,1,63,2905.73307596,4,nogo,win,1,0.320767594832,-1,1,-3
49,yoked,5,exp,1,64,2911.38527537,1,nogo,avoid,0,-1,0,1,-3
49,yoked,5,exp,1,65,2917.07755847,1,nogo,avoid,0,-1,0,1,-3
49,yoked,5,exp,1,66,2922.70971879,3,go,avoid,1,0.691553763003,-11,0,-14
49,yoked,5,exp,1,67,2928.23163741,4,nogo,win,1,0.331455956315,-1,1,-15
49,yoked,5,exp,1,68,2933.75355077,4,nogo,win,1,0.230569584495,-1,1,-16
49,yoked,5,exp,1,69,2939.06501915,4,nogo,win,1,0.120324761872,-1,1,-17
49,yoked,5,exp,1,70,2944.61699922,2,go,win,0,-1,0,1,-17
49,yoked,5,exp,1,71,2949.77814453,1,nogo,avoid,0,-1,0,1,-17
49,yoked,5,exp,1,72,2954.93927922,1,nogo,avoid,0,-1,0,1,-17
49,yoked,5,exp,1,73,2960.3910712,3,go,avoid,1,0.35082429915,-1,1,-18
49,yoked,5,exp,1,74,2965.96307694,3,go,avoid,1,0.461063335382,-1,1,-19
49,yoked,5,exp,1,75,2971.33466941,4,nogo,win,1,0.240594119947,9,0,-10
49,yoked,5,exp,1,76,2976.8666256,1,nogo,avoid,0,-1,0,1,-10
49,yoked,5,exp,1,77,2982.48873527,3,go,avoid,1,0.400932146524,-11,0,-21
49,yoked,5,exp,1,78,2987.57972855,3,go,avoid,1,0.350820539799,-11,0,-32
49,yoked,5,exp,1,79,2993.10165011,4,nogo,win,1,0.310731763286,-1,1,-33
49,yoked,6,exp,4,0,3182.47028563,1,go,avoid,0,-1,0,0,0
49,yoked,6,exp,4,1,3187.94209331,3,nogo,avoid,0,-1,0,1,0
49,yoked,6,exp,4,2,3193.34374823,2,nogo,win,0,-1,0,0,0
49,yoked,6,exp,4,3,3198.58506088,4,go,win,0,-1,0,1,0
49,yoked,6,exp,4,4,3204.24727599,2,nogo,win,1,0.430995304894,-1,1,-1
49,yoked,6,exp,4,5,3209.72910825,4,go,win,1,0.481794141859,9,1,8
49,yoked,6,exp,4,6,3214.88022159,2,nogo,win,0,-1,10,1,18
49,yoked,6,exp,4,7,3220.07142328,3,nogo,avoid,0,-1,0,1,18
49,yoked,6,exp,4,8,3225.5332133,3,nogo,avoid,0,-1,0,1,18
49,yoked,6,exp,4,9,3230.62419824,2,nogo,win,0,-1,10,1,28
49,yoked,6,exp,4,10,3235.93569965,3,nogo,avoid,0,-1,-10,0,18
49,yoked,6,exp,4,11,3241.35739313,4,go,win,1,0.721627997922,9,1,27
49,yoked,6,exp,4,12,3246.77906363,3,nogo,avoid,1,0.370859589781,-11,1,16
49,yoked,6,exp,4,13,3252.21078631,2,nogo,win,0,-1,10,1,26
49,yoked,6,exp,4,14,3257.33184154,2,nogo,win,0,-1,0,0,26
49,yoked,6,exp,4,15,3262.8036497,1,go,avoid,0,-1,0,0,26
49,yoked,6,exp,4,16,3268.2453928,1,go,avoid,0,-1,-10,1,16
49,yoked,6,exp,4,17,3273.60695996,4,go,win,0,-1,0,1,16
49,yoked,6,exp,4,18,3278.6578678,1,go,avoid,0,-1,-10,1,6
49,yoked,6,exp,4,19,3284.029455,3,nogo,avoid,1,0.7116003798,-1,0,5
49,yoked,6,exp,4,20,3289.45116095,4,go,win,0,-1,10,0,15
49,yoked,6,exp,4,21,3294.91294707,3,nogo,avoid,1,0.451042658526,-11,1,4
49,yoked,6,exp,4,22,3300.18431978,2,nogo,win,0,-1,0,0,4
49,yoked,6,exp,4,23,3305.44567709,2,nogo,win,0,-1,0,0,4
49,yoked,6,exp,4,24,3310.67697231,3,nogo,avoid,1,0.300718024686,-1,0,3
49,yoked,6,exp,4,25,3316.25904197,4,go,win,0,-1,0,1,3
49,yoked,6,exp,4,26,3321.5604584,3,nogo,avoid,1,0.300714683373,-11,1,-8
49,yoked,6,exp,4,27,3326.93204981,2,nogo,win,0,-1,10,1,2
49,yoked,6,exp,4,28,3332.33369766,4,go,win,0,-1,10,0,12
49,yoked,6,exp,4,29,3337.72534425,3,nogo,avoid,0,-1,0,1,12
49,yoked,6,exp,4,30,3343.02678675,1,go,avoid,0,-1,0,0,12
49,yoked,6,exp,4,31,3348.07769563,4,go,win,0,-1,10,0,22
49,yoked,6,exp,4,32,3353.55952387,1,go,avoid,0,-1,-10,1,12
49,yoked,6,exp,4,33,3358.93111574,1,go,avoid,1,0.290694328323,-1,1,11
49,yoked,6,exp,4,34,3364.21250793,4,go,win,0,-1,10,0,21
49,yoked,6,exp,4,35,3369.68431601,1,go,avoid,1,0.340802837341,-1,1,20
49,yoked,6,exp,4,36,3374.98576556,2,nogo,win,0,-1,10,1,30
49,yoked,6,exp,4,37,3380.19700624,2,nogo,win,0,-1,10,1,40
49,yoked,6,exp,4,38,3385.78907428,3,nogo,avoid,0,-1,0,1,40
49,yoked,6,exp,4,39,3391.24084353,1,go,avoid,1,0.400931698408,-1,1,39
49,yoked,6,exp,4,40,3396.65252083,2,nogo,win,0,-1,10,1,49
49,yoked,6,exp,4,41,3401.91396078,4,go,win,0,-1,10,0,59
49,yoked,6,exp,4,42,3407.44582293,3,nogo,avoid,0,-1,0,1,59
49,yoked,6,exp,4,43,3412.6670932,1,go,avoid,1,0.360837685872,-1,1,58
49,yoked,6,exp,4,44,3418.09881746,4,go,win,0,-1,0,1,58
49,yoked,6,exp,4,45,3423.54055776,3,nogo,avoid,0,-1,0,1,58
49,yoked,6,exp,4,46,3429.22281617,3,nogo,avoid,0,-1,0,1,58
49,yoked,6,exp,4,47,3434.37393884,1,go,avoid,1,0.251284839294,-11,0,47
49,yoked,6,exp,4,48,3439.63529699,4,go,win,0,-1,0,1,47
49,yoked,6,exp,4,49,3445.19730073,4,go,win,0,-1,0,1,47
49,yoked,6,exp,4,50,3450.75930292,1,go,avoid,1,0.340803962139,-11,0,36
49,yoked,6,exp,4,51,3456.1309333,1,go,avoid,0,-1,0,0,36
49,yoked,6,exp,4,52,3461.70291774,4,go,win,0,-1,10,0,46
49,yoked,6,exp,4,53,3467.23486173,1,go,avoid,1,0.270644403296,-1,1,45
49,yoked,6,exp,4,54,3472.62649918,3,nogo,avoid,0,-1,0,1,45
49,yoked,6,exp,4,55,3478.1584358,4,go,win,0,-1,10,0,55
49,yoked,6,exp,4,56,3483.62022184,2,nogo,win,0,-1,0,0,55
49,yoked,6,exp,4,57,3489.04193224,3,nogo,avoid,0,-1,0,1,55
49,yoked,6,exp,4,58,3494.73421513,3,nogo,avoid,0,-1,0,1,55
49,yoked,6,exp,4,59,3499.85526988,3,nogo,avoid,0,-1,0,1,55
49,yoked,6,exp,4,60,3505.38720992,1,go,avoid,1,0.36084315347,-1,1,54
49,yoked,6,exp,4,61,3510.59845602,4,go,win,0,-1,10,0,64
49,yoked,6,exp,4,62,3515.75959379,4,go,win,0,-1,10,0,74
49,yoked,6,exp,4,63,3521.46193544,3,nogo,avoid,0,-1,-10,0,64
49,yoked,6,exp,4,64,3526.6931933,4,go,win,0,-1,10,0,74
49,yoked,6,exp,4,65,3532.27524217,1,go,avoid,1,0.340804341082,-11,0,63
49,yoked,6,exp,4,66,3537.67689585,2,nogo,win,0,-1,10,1,73
49,yoked,6,exp,4,67,3542.92822859,2,nogo,win,0,-1,10,1,83
49,yoked,6,exp,4,68,3548.00920353,1,go,avoid,1,0.310745772131,-1,1,82
49,yoked,6,exp,4,69,3553.16031789,1,go,avoid,1,0.340791261551,-1,1,81
49,yoked,6,exp,4,70,3558.84258392,2,nogo,win,0,-1,0,0,81
49,yoked,6,exp,4,71,3564.26431555,4,go,win,0,-1,0,1,81
49,yoked,6,exp,4,72,3569.89644654,2,nogo,win,0,-1,10,1,91
49,yoked,6,exp,4,73,3575.17783686,3,nogo,avoid,0,-1,0,1,91
49,yoked,6,exp,4,74,3580.5093804,2,nogo,win,0,-1,0,0,91
49,yoked,6,exp,4,75,3585.8709179,2,nogo,win,0,-1,10,1,101
49,yoked,6,exp,4,76,3591.10221028,2,nogo,win,0,-1,0,0,101
49,yoked,6,exp,4,77,3596.63414841,1,go,avoid,1,0.360847842134,-1,1,100
49,yoked,6,exp,4,78,3602.32642223,1,go,avoid,1,0.390913162882,-1,1,99
49,yoked,6,exp,4,79,3607.89846186,4,go,win,0,-1,10,0,109
49,yoked,7,induction,5,0,3771.16076494,2,go,win,0,-1,0,0,0
49,yoked,7,induction,5,1,3776.39204721,1,nogo,avoid,0,-1,0,1,0
49,yoked,7,induction,5,2,3781.89392279,3,go,avoid,0,-1,-10,0,-10
49,yoked,7,induction,5,3,3787.07510429,1,nogo,avoid,1,0.861928207585,-1,1,-11
49,yoked,7,induction,5,4,3792.33645262,4,nogo,win,0,-1,10,1,-1
49,yoked,7,induction,5,5,3797.81828639,2,go,win,0,-1,10,1,9
49,yoked,7,induction,5,6,3803.51057147,3,go,avoid,1,0.511171742146,-1,1,8
49,yoked,7,induction,5,7,3808.65166632,3,go,avoid,1,0.461064547395,-1,1,7
49,yoked,7,induction,5,8,3814.36398865,3,go,avoid,1,0.290694580952,-1,1,6
49,yoked,7,induction,5,9,3819.58526247,3,go,avoid,0,-1,0,1,6
49,yoked,7,induction,5,10,3825.00695296,2,go,win,1,0.350824843503,9,1,15
49,yoked,7,induction,5,11,3830.65916052,2,go,win,1,0.922057381431,-1,0,14
49,yoked,7,induction,5,12,3835.76016461,4,nogo,win,0,-1,10,1,24
49,yoked,7,induction,5,13,3841.24199144,4,nogo,win,0,-1,10,1,34
49,yoked,7,induction,5,14,3846.73384786,1,nogo,avoid,0,-1,0,1,34
49,yoked,7,induction,5,15,3852.25575879,4,nogo,win,0,-1,0,0,34
49,yoked,7,induction,5,16,3857.7877294,4,nogo,win,0,-1,10,1,44
49,yoked,7,induction,5,17,3863.51006075,1,nogo,avoid,0,-1,-10,0,34
49,yoked,7,induction,5,18,3868.91171101,4,nogo,win,0,-1,10,1,44
49,yoked,7,induction,5,19,3874.11293153,4,nogo,win,0,-1,10,1,54
49,yoked,7,induction,5,20,3879.6248341,3,go,avoid,1,0.370872900887,-1,1,53
49,yoked,7,induction,5,21,3884.78596586,2,go,win,0,-1,10,1,63
49,yoked,7,induction,5,22,3889.99721422,2,go,win,0,-1,10,1,73
49,yoked,7,induction,5,23,3895.57925927,2,go,win,0,-1,0,0,73
49,yoked,7,induction,5,24,3900.63015902,2,go,win,0,-1,10,1,83
49,yoked,7,induction,5,25,3906.04184174,4,nogo,win,0,-1,10,1,93
49,yoked,7,induction,5,26,3911.71407884,2,go,win,0,-1,0,0,93
49,yoked,7,induction,5,27,3917.2059322,3,go,avoid,1,0.571300031796,-11,0,82
49,yoked,7,induction,5,28,3922.47731214,4,nogo,win,0,-1,10,1,92
49,yoked,7,induction,5,29,3927.6785355,1,nogo,avoid,0,-1,-10,0,82
49,yoked,7,induction,5,30,3933.25056025,4,nogo,win,0,-1,10,1,92
49,yoked,7,induction,5,31,3938.48185018,2,go,win,0,-1,0,0,92
49,yoked,7,induction,5,32,3943.76325159,3,go,avoid,1,0.380886549257,-11,0,81
49,yoked,7,induction,5,33,3949.064694,4,nogo,win,0,-1,10,1,91
49,yoked,7,induction,5,34,3954.36613479,4,nogo,win,0,-1,10,1,101
49,yoked,7,induction,5,35,3959.86801293,3,go,avoid,1,0.350834569694,-1,1,100
49,yoked,7,induction,5,36,3965.36988832,1,nogo,avoid,0,-1,-10,0,90
49,yoked,7,induction,5,37,3970.52099966,1,nogo,avoid,0,-1,-10,0,80
49,yoked,7,induction,5,38,3975.87255477,4,nogo,win,0,-1,10,1,90
49,yoked,7,induction,5,39,3981.10384127,2,go,win,0,-1,10,1,100
49,yoked,7,induction,5,40,3986.36520063,1,nogo,avoid,1,0.380887367297,-1,1,99
49,yoked,7,induction,5,41,3991.81696171,4,nogo,win,0,-1,0,0,99
49,yoked,7,induction,5,42,3997.5693914,1,nogo,avoid,1,0.611391229329,-11,0,88
49,yoked,7,induction,5,43,4002.87081945,3,go,avoid,1,0.280658505799,-11,0,77
49,yoked,7,induction,5,44,4008.34262927,1,nogo,avoid,0,-1,-10,0,67
49,yoked,7,induction,5,45,4013.73426651,2,go,win,0,-1,10,1,77
49,yoked,7,induction,5,46,4019.44659819,2,go,win,0,-1,10,1,87
49,yoked,7,induction,5,47,4024.90837823,3,go,avoid,1,0.441034438652,-11,0,76
49,yoked,7,induction,5,48,4030.29000075,2,go,win,0,-1,0,0,76
49,yoked,7,induction,5,49,4035.79187558,2,go,win,0,-1,0,0,76
49,yoked,7,induction,5,50,4041.21357342,3,go,avoid,1,0.28066882446,-11,0,65
49,yoked,7,induction,5,51,4046.62525283,2,go,win,0,-1,10,1,75
49,yoked,7,induction,5,52,4051.97680461,1,nogo,avoid,1,0.43101713619,-11,0,64
49,yoked,7,induction,5,53,4057.57889371,1,nogo,avoid,0,-1,0,1,64
49,yoked,7,induction,5,54,4063.12085504,3,go,avoid,1,0.300733955308,-1,1,63
49,yoked,7,induction,5,55,4068.62273246,1,nogo,avoid,0,-1,-10,0,53
49,yoked,7,induction,5,56,4074.1145847,4,nogo,win,0,-1,0,0,53
49,yoked,7,induction,5,57,4079.51624293,1,nogo,avoid,0,-1,0,1,53
49,yoked,7,induction,5,58,4084.84774294,4,nogo,win,0,-1,10,1,63
49,yoked,7,induction,5,59,4090.48993336,3,go,avoid,1,0.411558818574,-1,1,62
49,yoked,7,induction,5,60,4096.10204232,2,go,win,0,-1,0,0,62
49,yoked,7,induction,5,61,4101.83441887,3,go,avoid,1,0.331389644387,-1,1,61
49,yoked,7,induction,5,62,4107.34630399,3,go,avoid,1,0.430997235697,-1,1,60
49,yoked,7,induction,5,63,4112.90831417,1,nogo,avoid,0,-1,-10,0,50
49,yoked,7,induction,5,64,4118.20975454,4,nogo,win,0,-1,0,0,50
49,yoked,7,induction,5,65,4123.74170283,1,nogo,avoid,0,-1,-10,0,40
49,yoked,7,induction,5,66,4129.35380577,1,nogo,avoid,0,-1,0,1,40
49,yoked,7,induction,5,67,4134.5850932,1,nogo,avoid,0,-1,-10,0,30
49,yoked,7,induction,5,68,4139.94667023,3,go,avoid,1,0.531206316999,-11,0,19
49,yoked,7,induction,5,69,4145.43852058,2,go,win,0,-1,0,0,19
49,yoked,7,induction,5,70,4150.83016252,2,go,win,0,-1,0,0,19
49,yoked,7,induction,5,71,4156.40218989,3,go,avoid,1,0.451036279661,-11,0,8
49,yoked,7,induction,5,72,4161.89404924,4,nogo,win,0,-1,10,1,18
49,yoked,7,induction,5,73,4167.31574139,4,nogo,win,0,-1,0,0,18
49,yoked,7,induction,5,74,4172.87774614,3,go,avoid,1,0.441019452381,-1,1,17
49,yoked,7,induction,5,75,4178.59007598,1,nogo,avoid,0,-1,0,1,17
49,yoked,7,induction,5,76,4183.70110968,2,go,win,0,-1,0,0,17
49,yoked,7,induction,5,77,4188.98250617,1,nogo,avoid,0,-1,-10,0,7
49,yoked,7,induction,5,78,4194.49440376,3,go,avoid,1,0.27065207237,-1,1,6
49,yoked,7,induction,5,79,4199.79597232,4,nogo,win,0,-1,0,0,6
49,yoked,8,exp,3,0,4349.68929561,2,nogo,avoid,0,-1,0,1,0
49,yoked,8,exp,3,1,4355.25132737,2,nogo,avoid,1,0.350822332257,-11,1,-11
49,yoked,8,exp,3,2,4360.60284554,2,nogo,avoid,0,-1,0,1,-11
49,yoked,8,exp,3,3,4366.15482678,4,go,avoid,0,-1,-10,1,-21
49,yoked,8,exp,3,4,4371.60659173,3,go,win,0,-1,0,1,-21
49,yoked,8,exp,3,5,4377.1184937,3,go,win,1,0.310725143823,9,1,-12
49,yoked,8,exp,3,6,4382.39987618,3,go,win,1,0.330840081548,9,1,-3
49,yoked,8,exp,3,7,4387.87169654,3,go,win,1,0.340798410332,9,1,6
49,yoked,8,exp,3,8,4393.45374081,4,go,avoid,1,0.410955632367,-1,1,5
49,yoked,8,exp,3,9,4398.53470053,1,nogo,win,0,-1,10,1,15
49,yoked,8,exp,3,10,4404.03656939,4,go,avoid,1,0.28067104398,-11,0,4
49,yoked,8,exp,3,11,4409.20773171,2,nogo,avoid,0,-1,0,1,4
49,yoked,8,exp,3,12,4414.82986672,3,go,win,1,0.501149802149,9,1,13
49,yoked,8,exp,3,13,4420.11126017,3,go,win,1,0.300720102856,9,1,22
49,yoked,8,exp,3,14,4425.29244424,4,go,avoid,1,0.280679946121,-1,1,21
49,yoked,8,exp,3,15,4430.87448935,1,nogo,win,0,-1,0,0,21
49,yoked,8,exp,3,16,4436.32625688,1,nogo,win,0,-1,0,0,21
49,yoked,8,exp,3,17,4441.81810389,3,go,win,1,0.350822341279,9,1,30
49,yoked,8,exp,3,18,4447.39013216,4,go,avoid,1,0.340950137699,-1,1,29
49,yoked,8,exp,3,19,4452.86193491,1,nogo,win,0,-1,10,1,39
49,yoked,8,exp,3,20,4457.95292852,3,go,win,1,0.430992333506,-1,0,38
49,yoked,8,exp,3,21,4463.59510307,3,go,win,1,0.340800900525,-1,0,37
49,yoked,8,exp,3,22,4468.97671987,1,nogo,win,0,-1,10,1,47
49,yoked,8,exp,3,23,4474.42848726,4,go,avoid,1,0.180455316149,-1,1,46
49,yoked,8,exp,3,24,4480.02054591,2,nogo,avoid,0,-1,0,1,46
49,yoked,8,exp,3,25,4485.72285744,1,nogo,win,0,-1,10,1,56
49,yoked,8,exp,3,26,4491.25479697,3,go,win,1,0.501147281881,9,1,65
49,yoked,8,exp,3,27,4496.7165844,2,nogo,avoid,0,-1,-10,0,55
49,yoked,8,exp,3,28,4501.93785305,3,go,win,1,0.140360861515,-1,0,54
49,yoked,8,exp,3,29,4507.17915929,1,nogo,win,0,-1,10,1,64
49,yoked,8,exp,3,30,4512.45053983,3,go,win,1,0.3708686844,9,1,73
49,yoked,8,exp,3,31,4517.84217657,2,nogo,avoid,0,-1,0,1,73
49,yoked,8,exp,3,32,4523.21376811,2,nogo,avoid,0,-1,0,1,73
49,yoked,8,exp,3,33,4528.72567246,4,go,avoid,1,0.390910098256,-1,1,72
49,yoked,8,exp,3,34,4534.24758238,4,go,avoid,1,0.320756587455,-11,0,61
49,yoked,8,exp,3,35,4539.57909223,3,go,win,1,0.300711366126,9,1,70
49,yoked,8,exp,3,36,4544.79033854,3,go,win,1,0.411565495182,9,1,79
49,yoked,8,exp,3,37,4550.17194596,4,go,avoid,1,0.360842046717,-1,1,78
49,yoked,8,exp,3,38,4555.74403503,4,go,avoid,1,0.340816557466,-1,1,77
49,yoked,8,exp,3,39,4560.97526761,1,nogo,win,0,-1,10,1,87
49,yoked,8,exp,3,40,4566.60742515,1,nogo,win,0,-1,10,1,97
49,yoked,8,exp,3,41,4571.65832077,1,nogo,win,0,-1,10,1,107
49,yoked,8,exp,3,42,4577.01989565,3,go,win,1,0.420973632561,9,1,116
49,yoked,8,exp,3,43,4582.57188392,4,go,avoid,1,0.290698105717,-11,0,105
49,yoked,8,exp,3,44,4587.83323168,4,go,avoid,1,0.280666210961,-1,1,104
49,yoked,8,exp,3,45,4593.39523882,2,nogo,avoid,0,-1,0,1,104
49,yoked,8,exp,3,46,4598.93719679,1,nogo,win,0,-1,0,0,104
49,yoked,8,exp,3,47,4604.45911569,2,nogo,avoid,0,-1,0,1,104
49,yoked,8,exp,3,48,4609.63027441,1,nogo,win,0,-1,10,1,114
49,yoked,8,exp,3,49,4615.13215114,1,nogo,win,0,-1,10,1,124
49,yoked,8,exp,3,50,4620.46365817,4,go,avoid,1,0.340798109581,-11,0,113
49,yoked,8,exp,3,51,4625.61477363,2,nogo,avoid,0,-1,0,1,113
49,yoked,8,exp,3,52,4631.23691117,2,nogo,avoid,0,-1,-10,0,103
49,yoked,8,exp,3,53,4636.99934733,4,go,avoid,1,0.451027726387,-1,1,102
49,yoked,8,exp,3,54,4642.50125194,3,go,win,1,0.441019289978,9,1,111
49,yoked,8,exp,3,55,4647.78261696,2,nogo,avoid,0,-1,0,1,111
49,yoked,8,exp,3,56,4653.02393156,1,nogo,win,0,-1,10,1,121
49,yoked,8,exp,3,57,4658.50576164,3,go,win,1,0.370870305429,9,1,130
49,yoked,8,exp,3,58,4663.79718158,1,nogo,win,0,-1,10,1,140
49,yoked,8,exp,3,59,4669.00843552,2,nogo,avoid,0,-1,0,1,140
49,yoked,8,exp,3,60,4674.38002515,1,nogo,win,0,-1,10,1,150
49,yoked,8,exp,3,61,4679.75161588,1,nogo,win,0,-1,0,0,150
49,yoked,8,exp,3,62,4685.1733169,2,nogo,avoid,0,-1,0,1,150
49,yoked,8,exp,3,63,4690.31441797,2,nogo,avoid,0,-1,-10,0,140
49,yoked,8,exp,3,64,4695.98666064,1,nogo,win,0,-1,0,0,140
49,yoked,8,exp,3,65,4701.48853539,4,go,avoid,1,0.481097693693,-1,1,139
49,yoked,8,exp,3,66,4707.17079556,1,nogo,win,0,-1,10,1,149
49,yoked,8,exp,3,67,4712.47223614,3,go,win,1,0.701575886455,-1,0,148
49,yoked,8,exp,3,68,4718.12443853,3,go,win,1,0.420974354358,9,1,157
49,yoked,8,exp,3,69,4723.81672595,2,nogo,avoid,0,-1,0,1,157
49,yoked,8,exp,3,70,4729.02797241,4,go,avoid,1,0.320758307735,-11,0,146
49,yoked,8,exp,3,71,4734.22922445,4,go,avoid,1,0.280670493612,-1,1,145
49,yoked,8,exp,3,72,4739.84130931,4,go,avoid,1,0.380889406366,-1,1,144
49,yoked,8,exp,3,73,4745.08261928,1,nogo,win,0,-1,0,0,144
49,yoked,8,exp,3,74,4750.49430254,3,go,win,1,0.350842274856,-1,0,143
49,yoked,8,exp,3,75,4755.99618113,2,nogo,avoid,0,-1,-10,0,133
49,yoked,8,exp,3,76,4761.70850609,2,nogo,avoid,0,-1,-10,0,123
49,yoked,8,exp,3,77,4767.19037267,4,go,avoid,1,0.340788801434,-1,1,122
49,yoked,8,exp,3,78,4772.88262099,4,go,avoid,1,0.33077980563,-1,1,121
49,yoked,8,exp,3,79,4778.3644559,2,nogo,avoid,0,-1,0,1,121
49,yoked,9,exp,8,0,5040.13933694,1,go,avoid,0,-1,-10,1,-10
49,yoked,9,exp,8,1,5045.44078175,1,go,avoid,1,0.561264825803,-11,0,-21
49,yoked,9,exp,8,2,5050.92261472,1,go,avoid,0,-1,0,0,-21
49,yoked,9,exp,8,3,5056.19398891,2,go,win,0,-1,10,0,-11
49,yoked,9,exp,8,4,5061.70588214,1,go,avoid,0,-1,-10,1,-21
49,yoked,9,exp,8,5,5067.4482776,3,nogo,avoid,0,-1,-10,0,-31
49,yoked,9,exp,8,6,5072.76976241,1,go,avoid,0,-1,-10,1,-41
49,yoked,9,exp,8,7,5078.28166089,1,go,avoid,0,-1,-10,1,-51
49,yoked,9,exp,8,8,5083.86371091,4,nogo,win,0,-1,10,1,-41
49,yoked,9,exp,8,9,5089.27538559,4,nogo,win,0,-1,0,0,-41
49,yoked,9,exp,8,10,5094.53673839,4,nogo,win,0,-1,0,0,-41
49,yoked,9,exp,8,11,5099.81814541,2,go,win,0,-1,0,1,-41
49,yoked,9,exp,8,12,5105.20977276,3,nogo,avoid,0,-1,0,1,-41
49,yoked,9,exp,8,13,5110.34084673,2,go,win,0,-1,0,1,-41
49,yoked,9,exp,8,14,5115.90285357,2,go,win,0,-1,0,1,-41
49,yoked,9,exp,8,15,5121.39470306,3,nogo,avoid,0,-1,0,1,-41
49,yoked,9,exp,8,16,5126.7963613,3,nogo,avoid,0,-1,0,1,-41
49,yoked,9,exp,8,17,5132.46862749,2,go,win,1,0.511819210496,9,1,-32
49,yoked,9,exp,8,18,5137.8001164,2,go,win,1,0.38088614626,9,1,-23
49,yoked,9,exp,8,19,5143.14163534,3,nogo,avoid,0,-1,0,1,-23
49,yoked,9,exp,8,20,5148.62347034,4,nogo,win,0,-1,10,1,-13
49,yoked,9,exp,8,21,5153.9549801,1,go,avoid,1,0.511169787285,-1,1,-14
49,yoked,9,exp,8,22,5159.29651237,2,go,win,1,0.501152584067,9,1,-5
49,yoked,9,exp,8,23,5164.37747332,1,go,avoid,1,0.360846341398,-1,1,-6
49,yoked,9,exp,8,24,5169.87935042,2,go,win,1,0.330836222951,9,1,3
49,yoked,9,exp,8,25,5175.060528,3,nogo,avoid,0,-1,0,1,3
49,yoked,9,exp,8,26,5180.47221275,2,go,win,1,0.300713805191,-1,0,2
49,yoked,9,exp,8,27,5186.13442324,4,nogo,win,0,-1,10,1,12
49,yoked,9,exp,8,28,5191.39578543,4,nogo,win,0,-1,10,1,22
49,yoked,9,exp,8,29,5196.89766649,2,go,win,0,-1,10,0,32
49,yoked,9,exp,8,30,5202.21915495,4,nogo,win,0,-1,10,1,42
49,yoked,9,exp,8,31,5207.70097345,1,go,avoid,1,0.270670863105,-1,1,41
49,yoked,9,exp,8,32,5213.11265408,4,nogo,win,0,-1,10,1,51
49,yoked,9,exp,8,33,5218.32390044,2,go,win,0,-1,0,1,51
49,yoked,9,exp,8,34,5223.43493961,2,go,win,1,0.260629278248,-1,0,50
49,yoked,9,exp,8,35,5229.01698245,4,nogo,win,0,-1,10,1,60
49,yoked,9,exp,8,36,5234.49890253,3,nogo,avoid,0,-1,0,1,60
49,yoked,9,exp,8,37,5239.66997349,3,nogo,avoid,0,-1,0,1,60
49,yoked,9,exp,8,38,5245.01149801,3,nogo,avoid,0,-1,0,1,60
49,yoked,9,exp,8,39,5250.43320142,2,go,win,1,0.300713302946,9,1,69
49,yoked,9,exp,8,40,5255.9350803,4,nogo,win,0,-1,10,1,79
49,yoked,9,exp,8,41,5261.42693314,1,go,avoid,1,0.230554559126,-1,1,78
49,yoked,9,exp,8,42,5266.53796126,4,nogo,win,0,-1,0,0,78
49,yoked,9,exp,8,43,5271.93962244,1,go,avoid,1,0.501148454801,-11,0,67
49,yoked,9,exp,8,44,5277.53169346,1,go,avoid,1,0.280669356784,-1,1,66
49,yoked,9,exp,8,45,5282.71285059,3,nogo,avoid,0,-1,-10,0,56
49,yoked,9,exp,8,46,5287.86399373,3,nogo,avoid,0,-1,0,1,56
49,yoked,9,exp,8,47,5293.23558482,3,nogo,avoid,0,-1,0,1,56
49,yoked,9,exp,8,48,5298.39672669,3,nogo,avoid,0,-1,-10,0,46
49,yoked,9,exp,8,49,5303.69816019,1,go,avoid,1,0.250607052541,-11,0,35
49,yoked,9,exp,8,50,5309.16997406,3,nogo,avoid,0,-1,0,1,35
49,yoked,9,exp,8,51,5314.3812256,4,nogo,win,0,-1,10,1,45
49,yoked,9,exp,8,52,5319.77285838,4,nogo,win,0,-1,10,1,55
49,yoked,9,exp,8,53,5325.18453891,4,nogo,win,0,-1,10,1,65
49,yoked,9,exp,8,54,5330.62628271,2,go,win,1,0.300725125348,-1,0,64
49,yoked,9,exp,8,55,5336.06803088,3,nogo,avoid,0,-1,0,1,64
49,yoked,9,exp,8,56,5341.34942737,2,go,win,1,0.350820275144,9,1,73
49,yoked,9,exp,8,57,5346.92145294,4,nogo,win,0,-1,10,1,83
49,yoked,9,exp,8,58,5352.41330826,1,go,avoid,1,0.310743227798,-11,0,72
49,yoked,9,exp,8,59,5358.02541993,4,nogo,win,0,-1,10,1,82
49,yoked,9,exp,8,60,5363.44712396,1,go,avoid,1,0.380887108651,-1,1,81
49,yoked,9,exp,8,61,5368.62831519,3,nogo,avoid,0,-1,0,1,81
49,yoked,9,exp,8,62,5373.83955262,2,go,win,1,0.280667341776,9,1,90
49,yoked,9,exp,8,63,5379.22116822,1,go,avoid,1,0.571306876816,-1,1,89
49,yoked,9,exp,8,64,5384.75310397,2,go,win,1,0.310739191762,9,1,98
49,yoked,9,exp,8,65,5390.2149253,2,go,win,1,0.280671203382,9,1,107
49,yoked,9,exp,8,66,5395.77689651,2,go,win,1,0.320779597685,9,1,116
49,yoked,9,exp,8,67,5401.32887853,3,nogo,avoid,0,-1,0,1,116
49,yoked,9,exp,8,68,5407.03119154,4,nogo,win,0,-1,10,1,126
49,yoked,9,exp,8,69,5412.6433019,1,go,avoid,1,0.400952101154,-1,1,125
49,yoked,9,exp,8,70,5417.85455289,4,nogo,win,0,-1,10,1,135
49,yoked,9,exp,8,71,5423.24618625,2,go,win,1,0.340939518286,9,1,144
49,yoked,9,exp,8,72,5428.45743618,4,nogo,win,0,-1,0,0,144
49,yoked,9,exp,8,73,5433.77891558,1,go,avoid,1,0.481100631998,-11,0,133
49,yoked,9,exp,8,74,5439.22066552,1,go,avoid,1,0.290684520929,-11,0,122
49,yoked,9,exp,8,75,5444.80272042,4,nogo,win,0,-1,0,0,122
49,yoked,9,exp,8,76,5450.0540472,3,nogo,avoid,0,-1,0,1,122
49,yoked,9,exp,8,77,5455.50581284,3,nogo,avoid,0,-1,-10,0,112
49,yoked,9,exp,8,78,5460.85736757,1,go,avoid,1,0.360791133091,-1,1,111
49,yoked,9,exp,8,79,5466.38933419,3,nogo,avoid,0,-1,0,1,111
