name	Mean	MCSE	StdDev	2.5%	50%	97.5%	N_Eff	N_Eff/s	R_hat
lp__	-11600.0	0.681	20.6	-11600.0	-11600.0	-11600.0	913.0	0.227	1.0
theta_mu[1]	0.843	0.00223	0.0871	0.675	0.84	1.01	1533.0	0.381	1.0
theta_mu[2]	0.0276	0.000218	0.0112	0.00418	0.0276	0.0486	2614.0	0.649	1.0
theta_mu[3]	0.106	0.000174	0.0121	0.0809	0.106	0.129	4800.0	1.19	1.0
theta_mu[4]	-0.803	0.00234	0.0937	-0.997	-0.802	-0.627	1608.0	0.399	1.0
theta_pr[1,1]	-0.575	0.00957	0.659	-1.4	-0.76	1.02	4747.0	1.18	0.999
theta_pr[1,2]	-0.607	0.00703	0.301	-1.06	-0.654	0.107	1837.0	0.456	1.0
theta_pr[1,3]	1.01	0.00608	0.463	0.187	0.972	2.0	5795.0	1.44	1.0
theta_pr[1,4]	-0.633	0.01	0.681	-1.48	-0.841	1.0	4632.0	1.15	1.0
theta_pr[1,5]	-0.143	0.00782	0.546	-0.907	-0.263	1.14	4879.0	1.21	1.0
theta_pr[1,6]	-0.697	0.00396	0.162	-1.04	-0.694	-0.399	1680.0	0.417	1.0
theta_pr[1,7]	-0.441	0.00909	0.604	-1.21	-0.599	1.06	4419.0	1.1	1.0
theta_pr[1,8]	0.775	0.00666	0.673	-0.332	0.701	2.21	10211.0	2.54	0.999
theta_pr[1,9]	1.56	0.00696	0.584	0.503	1.53	2.74	7040.0	1.75	1.0
theta_pr[1,10]	-0.251	0.00404	0.208	-0.657	-0.258	0.15	2657.0	0.66	1.0
theta_pr[1,11]	1.89	0.00662	0.626	0.723	1.86	3.16	8949.0	2.22	1.0
theta_pr[1,12]	-0.656	0.00927	0.527	-1.27	-0.811	0.722	3230.0	0.802	1.0
theta_pr[1,13]	-0.721	0.0104	0.571	-1.37	-0.902	0.784	3028.0	0.752	1.0
theta_pr[1,14]	0.63	0.00679	0.627	-0.425	0.555	1.99	8521.0	2.12	1.0
theta_pr[1,15]	-0.848	0.0106	0.554	-1.47	-1.02	0.666	2724.0	0.676	1.0
theta_pr[1,16]	0.723	0.00663	0.582	-0.24	0.648	1.99	7717.0	1.92	1.0
theta_pr[1,17]	-0.173	0.00917	0.702	-1.16	-0.308	1.39	5848.0	1.45	0.999
theta_pr[1,18]	-0.0463	0.00839	0.684	-1.05	-0.158	1.46	6635.0	1.65	1.0
theta_pr[1,19]	-0.028	0.00784	0.588	-0.866	-0.156	1.33	5617.0	1.39	1.0
theta_pr[1,20]	0.957	0.00641	0.469	0.124	0.918	1.94	5351.0	1.33	1.0
theta_pr[1,21]	-0.217	0.00862	0.684	-1.16	-0.366	1.4	6295.0	1.56	1.0
theta_pr[1,22]	-0.713	0.00428	0.21	-1.1	-0.723	-0.301	2415.0	0.6	1.0
theta_pr[1,23]	0.503	0.00583	0.432	-0.218	0.454	1.45	5487.0	1.36	1.0
theta_pr[1,24]	0.223	0.00739	0.675	-0.816	0.131	1.69	8327.0	2.07	1.0
theta_pr[1,25]	-0.877	0.00691	0.238	-1.27	-0.898	-0.441	1183.0	0.294	1.0
theta_pr[1,26]	0.674	0.00664	0.558	-0.219	0.595	1.87	7063.0	1.75	1.0
theta_pr[1,27]	-0.518	0.00907	0.68	-1.37	-0.717	1.16	5617.0	1.39	1.0
theta_pr[1,28]	-0.714	0.0103	0.649	-1.47	-0.926	0.952	3993.0	0.992	1.0
theta_pr[1,29]	-0.349	0.00881	0.681	-1.24	-0.519	1.26	5971.0	1.48	1.0
theta_pr[1,30]	-0.82	0.00479	0.194	-1.18	-0.826	-0.48	1649.0	0.41	1.0
theta_pr[1,31]	-0.0785	0.00742	0.566	-0.889	-0.194	1.23	5831.0	1.45	0.999
theta_pr[1,32]	-0.487	0.00924	0.66	-1.33	-0.678	1.07	5092.0	1.26	1.0
theta_pr[1,33]	-0.0822	0.00592	0.378	-0.685	-0.138	0.756	4073.0	1.01	1.0
theta_pr[1,34]	-0.366	0.00828	0.499	-1.03	-0.486	0.871	3632.0	0.902	1.0
theta_pr[1,35]	1.19	0.00723	0.621	0.0885	1.14	2.46	7382.0	1.83	1.0
theta_pr[1,36]	0.589	0.00703	0.652	-0.49	0.516	1.97	8595.0	2.13	0.999
theta_pr[1,37]	0.237	0.006	0.418	-0.424	0.176	1.19	4860.0	1.21	1.0
theta_pr[1,38]	0.452	0.00676	0.585	-0.456	0.366	1.75	7489.0	1.86	0.999
theta_pr[1,39]	1.77	0.00687	0.557	0.744	1.73	2.87	6592.0	1.64	1.0
theta_pr[1,40]	-0.638	0.00387	0.167	-0.994	-0.639	-0.323	1869.0	0.464	1.0
theta_pr[1,41]	-0.0636	0.00757	0.597	-0.932	-0.184	1.28	6216.0	1.54	1.0
theta_pr[1,42]	-0.351	0.00599	0.315	-0.841	-0.395	0.388	2772.0	0.688	1.0
theta_pr[1,43]	-0.603	0.0104	0.65	-1.37	-0.808	1.04	3900.0	0.968	1.0
theta_pr[1,44]	-0.958	0.0093	0.384	-1.42	-1.03	0.0889	1704.0	0.423	1.0
theta_pr[1,45]	1.05	0.00643	0.623	-0.0315	1.0	2.31	9390.0	2.33	1.0
theta_pr[1,46]	-0.517	0.00912	0.621	-1.31	-0.694	0.936	4632.0	1.15	1.0
theta_pr[1,47]	-0.814	0.0069	0.303	-1.25	-0.859	-0.0612	1928.0	0.479	1.0
theta_pr[1,48]	-0.422	0.00851	0.506	-1.06	-0.553	0.893	3539.0	0.879	1.0
theta_pr[1,49]	-0.299	0.00843	0.558	-1.03	-0.44	1.07	4384.0	1.09	1.0
theta_pr[1,50]	-0.801	0.0112	0.58	-1.44	-0.991	0.748	2702.0	0.671	1.0
theta_pr[1,51]	-0.181	0.00786	0.525	-0.914	-0.291	1.09	4468.0	1.11	1.0
theta_pr[1,52]	0.214	0.00518	0.326	-0.36	0.186	0.899	3976.0	0.987	1.0
theta_pr[1,53]	-1.11	0.0121	0.585	-1.88	-1.26	0.497	2349.0	0.583	1.0
theta_pr[1,54]	-0.233	0.00875	0.725	-1.25	-0.376	1.42	6853.0	1.7	1.0
theta_pr[1,55]	2.02	0.00659	0.612	0.875	1.99	3.27	8607.0	2.14	1.0
theta_pr[1,56]	-0.21	0.00814	0.566	-0.988	-0.339	1.19	4837.0	1.2	1.0
theta_pr[1,57]	-0.558	0.00997	0.662	-1.41	-0.75	1.07	4418.0	1.1	1.0
theta_pr[1,58]	-0.0558	0.00791	0.675	-1.04	-0.184	1.49	7269.0	1.8	1.0
theta_pr[1,59]	-0.845	0.00989	0.507	-1.41	-0.985	0.507	2621.0	0.651	1.0
theta_pr[1,60]	2.2	0.00689	0.629	1.03	2.16	3.45	8337.0	2.07	1.0
theta_pr[1,61]	0.0386	0.00526	0.31	-0.497	0.00651	0.698	3482.0	0.864	1.0
theta_pr[1,62]	-0.776	0.00926	0.461	-1.32	-0.898	0.461	2483.0	0.617	0.999
theta_pr[1,63]	-0.474	0.00813	0.509	-1.14	-0.605	0.79	3921.0	0.974	1.0
theta_pr[1,64]	-0.0445	0.00736	0.662	-0.989	-0.165	1.42	8086.0	2.01	1.0
theta_pr[1,65]	-0.114	0.00535	0.347	-0.669	-0.16	0.657	4190.0	1.04	1.0
theta_pr[1,66]	-0.235	0.00693	0.396	-0.84	-0.304	0.662	3260.0	0.81	1.0
theta_pr[1,67]	-0.453	0.00398	0.187	-0.818	-0.458	-0.0852	2206.0	0.548	1.0
theta_pr[1,68]	0.817	0.00647	0.568	-0.151	0.755	2.04	7708.0	1.91	1.0
theta_pr[1,69]	0.475	0.00598	0.418	-0.232	0.427	1.38	4872.0	1.21	0.999
theta_pr[1,70]	0.614	0.00698	0.64	-0.418	0.542	1.97	8407.0	2.09	1.0
theta_pr[1,71]	-0.124	0.00772	0.524	-0.856	-0.245	1.14	4597.0	1.14	1.0
theta_pr[1,72]	1.79	0.00647	0.577	0.727	1.76	2.94	7966.0	1.98	1.0
theta_pr[1,73]	2.84	0.00684	0.68	1.54	2.82	4.18	9888.0	2.46	1.0
theta_pr[1,74]	-0.337	0.00871	0.514	-1.01	-0.468	0.911	3489.0	0.866	1.0
theta_pr[1,75]	-0.645	0.0103	0.661	-1.42	-0.868	1.0	4128.0	1.03	1.0
theta_pr[1,76]	1.95	0.00675	0.583	0.888	1.91	3.11	7463.0	1.85	1.0
theta_pr[1,77]	-0.732	0.00944	0.405	-1.25	-0.827	0.346	1844.0	0.458	1.0
theta_pr[1,78]	-0.815	0.0086	0.397	-1.31	-0.899	0.246	2134.0	0.53	1.0
theta_pr[1,79]	-0.273	0.00606	0.36	-0.832	-0.326	0.556	3532.0	0.877	0.999
theta_pr[1,80]	-0.681	0.00458	0.208	-1.07	-0.691	-0.257	2057.0	0.511	1.0
theta_pr[1,81]	-0.135	0.00805	0.654	-1.06	-0.267	1.35	6598.0	1.64	1.0
theta_pr[1,82]	-0.465	0.00402	0.203	-0.857	-0.469	-0.0703	2553.0	0.634	1.0
theta_pr[1,83]	-0.952	0.00931	0.397	-1.43	-1.04	0.123	1817.0	0.451	1.0
theta_pr[1,84]	-0.375	0.00823	0.509	-1.05	-0.503	0.895	3824.0	0.949	1.0
theta_pr[1,85]	1.38	0.00608	0.533	0.402	1.34	2.47	7680.0	1.91	1.0
theta_pr[1,86]	-0.691	0.00575	0.297	-1.14	-0.73	-0.0493	2664.0	0.661	1.0
theta_pr[1,87]	-0.936	0.0104	0.397	-1.41	-1.02	0.109	1450.0	0.36	1.0
theta_pr[1,88]	0.22	0.00686	0.448	-0.495	0.156	1.22	4267.0	1.06	1.0
theta_pr[1,89]	-0.288	0.0087	0.673	-1.21	-0.439	1.27	5977.0	1.48	1.0
theta_pr[1,90]	-0.223	0.00424	0.236	-0.68	-0.236	0.254	3115.0	0.773	1.0
theta_pr[1,91]	-0.471	0.00988	0.697	-1.33	-0.676	1.26	4976.0	1.24	1.0
theta_pr[1,92]	1.37	0.00692	0.594	0.323	1.33	2.6	7364.0	1.83	1.0
theta_pr[1,93]	1.76	0.00652	0.619	0.63	1.72	3.04	9023.0	2.24	1.0
theta_pr[1,94]	-0.99	0.00891	0.334	-1.42	-1.04	-0.18	1402.0	0.348	1.0
theta_pr[1,95]	-0.75	0.0108	0.667	-1.57	-0.971	0.939	3816.0	0.947	1.0
theta_pr[1,96]	0.152	0.00753	0.646	-0.821	0.0432	1.62	7369.0	1.83	1.0
theta_pr[1,97]	-0.154	0.00922	0.656	-1.07	-0.309	1.35	5069.0	1.26	0.999
theta_pr[1,98]	-0.818	0.00641	0.265	-1.24	-0.849	-0.246	1704.0	0.423	1.0
theta_pr[1,99]	0.508	0.00638	0.439	-0.242	0.454	1.44	4725.0	1.17	1.0
theta_pr[2,1]	-1.13	0.00453	0.355	-1.9	-1.12	-0.495	6145.0	1.53	1.0
theta_pr[2,2]	-0.76	0.00447	0.384	-1.56	-0.754	-0.0497	7369.0	1.83	1.0
theta_pr[2,3]	1.22	0.00563	0.524	0.144	1.22	2.25	8659.0	2.15	0.999
theta_pr[2,4]	-0.239	0.00401	0.344	-0.943	-0.24	0.406	7355.0	1.83	1.0
theta_pr[2,5]	0.255	0.00464	0.399	-0.563	0.256	1.01	7406.0	1.84	1.0
theta_pr[2,6]	-1.05	0.00481	0.405	-1.89	-1.04	-0.311	7103.0	1.76	1.0
theta_pr[2,7]	-0.55	0.00408	0.374	-1.35	-0.547	0.135	8388.0	2.08	1.0
theta_pr[2,8]	0.349	0.00426	0.406	-0.476	0.343	1.13	9076.0	2.25	0.999
theta_pr[2,9]	0.596	0.00579	0.515	-0.443	0.597	1.57	7916.0	1.97	1.0
theta_pr[2,10]	-1.7	0.00576	0.507	-2.74	-1.69	-0.781	7744.0	1.92	1.0
theta_pr[2,11]	-0.75	0.00492	0.454	-1.73	-0.744	0.0919	8523.0	2.12	1.0
theta_pr[2,12]	0.708	0.00405	0.35	0.00196	0.704	1.37	7486.0	1.86	1.0
theta_pr[2,13]	0.6	0.00416	0.362	-0.134	0.591	1.3	7585.0	1.88	1.0
theta_pr[2,14]	-0.119	0.00441	0.384	-0.916	-0.128	0.595	7608.0	1.89	1.0
theta_pr[2,15]	-0.00823	0.00421	0.343	-0.719	-0.00542	0.64	6628.0	1.65	1.0
theta_pr[2,16]	-0.454	0.00539	0.453	-1.39	-0.447	0.389	7059.0	1.75	1.0
theta_pr[2,17]	1.13	0.00448	0.381	0.369	1.12	1.88	7257.0	1.8	1.0
theta_pr[2,18]	-1.26	0.00431	0.377	-2.07	-1.25	-0.564	7644.0	1.9	1.0
theta_pr[2,19]	0.494	0.0045	0.397	-0.309	0.492	1.24	7782.0	1.93	1.0
theta_pr[2,20]	-0.85	0.00538	0.504	-1.9	-0.85	0.0982	8786.0	2.18	0.999
theta_pr[2,21]	0.193	0.0042	0.35	-0.525	0.193	0.847	6938.0	1.72	0.999
theta_pr[2,22]	0.549	0.00476	0.402	-0.259	0.546	1.32	7146.0	1.77	1.0
theta_pr[2,23]	1.93	0.00542	0.486	0.968	1.92	2.86	8044.0	2.0	1.0
theta_pr[2,24]	-0.532	0.00448	0.363	-1.29	-0.524	0.142	6564.0	1.63	1.0
theta_pr[2,25]	-0.524	0.00417	0.37	-1.31	-0.518	0.156	7876.0	1.96	1.0
theta_pr[2,26]	-0.203	0.00506	0.43	-1.07	-0.205	0.598	7238.0	1.8	0.999
theta_pr[2,27]	0.73	0.00419	0.357	-0.0143	0.728	1.42	7243.0	1.8	1.0
theta_pr[2,28]	0.889	0.00419	0.361	0.164	0.881	1.59	7417.0	1.84	1.0
theta_pr[2,29]	-2.56	0.00602	0.432	-3.49	-2.55	-1.8	5144.0	1.28	1.0
theta_pr[2,30]	0.167	0.00452	0.397	-0.673	0.16	0.923	7715.0	1.92	0.999
theta_pr[2,31]	-0.832	0.00479	0.412	-1.69	-0.831	-0.0755	7410.0	1.84	1.0
theta_pr[2,32]	0.389	0.00424	0.343	-0.321	0.388	1.04	6537.0	1.62	0.999
theta_pr[2,33]	0.0213	0.00523	0.452	-0.886	0.0134	0.893	7467.0	1.85	1.0
theta_pr[2,34]	1.27	0.00484	0.408	0.452	1.26	2.08	7084.0	1.76	0.999
theta_pr[2,35]	-0.599	0.00446	0.405	-1.43	-0.596	0.148	8235.0	2.04	1.0
theta_pr[2,36]	1.66	0.00494	0.445	0.777	1.65	2.53	8141.0	2.02	0.999
theta_pr[2,37]	1.47	0.00515	0.471	0.502	1.48	2.39	8367.0	2.08	0.999
theta_pr[2,38]	-0.55	0.00496	0.451	-1.47	-0.546	0.271	8263.0	2.05	1.0
theta_pr[2,39]	-0.123	0.00538	0.502	-1.14	-0.123	0.832	8683.0	2.16	0.999
theta_pr[2,40]	1.03	0.00493	0.427	0.186	1.02	1.84	7487.0	1.86	1.0
theta_pr[2,41]	0.536	0.00432	0.376	-0.224	0.538	1.24	7564.0	1.88	1.0
theta_pr[2,42]	0.216	0.00478	0.428	-0.681	0.212	1.04	8020.0	1.99	1.0
theta_pr[2,43]	-0.506	0.00422	0.34	-1.22	-0.506	0.133	6494.0	1.61	1.0
theta_pr[2,44]	0.268	0.00425	0.35	-0.466	0.269	0.937	6784.0	1.68	1.0
theta_pr[2,45]	0.257	0.00471	0.429	-0.628	0.26	1.08	8320.0	2.07	1.0
theta_pr[2,46]	2.14	0.00553	0.413	1.33	2.13	2.95	5585.0	1.39	1.0
theta_pr[2,47]	-1.46	0.0046	0.382	-2.28	-1.45	-0.764	6898.0	1.71	1.0
theta_pr[2,48]	0.172	0.0044	0.386	-0.622	0.17	0.892	7666.0	1.9	1.0
theta_pr[2,49]	2.32	0.00551	0.44	1.45	2.31	3.18	6378.0	1.58	1.0
theta_pr[2,50]	-1.63	0.00468	0.373	-2.44	-1.62	-0.956	6364.0	1.58	1.0
theta_pr[2,51]	-1.13	0.0048	0.388	-1.94	-1.13	-0.407	6543.0	1.62	0.999
theta_pr[2,52]	-1.17	0.00544	0.462	-2.14	-1.17	-0.319	7216.0	1.79	1.0
theta_pr[2,53]	1.05	0.00435	0.358	0.332	1.04	1.74	6756.0	1.68	1.0
theta_pr[2,54]	-0.438	0.00382	0.343	-1.15	-0.438	0.199	8077.0	2.01	0.999
theta_pr[2,55]	-0.948	0.00541	0.508	-1.99	-0.935	-0.00877	8814.0	2.19	0.999
theta_pr[2,56]	0.221	0.00414	0.372	-0.551	0.225	0.922	8063.0	2.0	1.0
theta_pr[2,57]	-0.0671	0.00401	0.345	-0.776	-0.0685	0.581	7416.0	1.84	0.999
theta_pr[2,58]	0.548	0.00421	0.369	-0.199	0.544	1.25	7661.0	1.9	1.0
theta_pr[2,59]	0.257	0.00402	0.348	-0.459	0.263	0.889	7495.0	1.86	1.0
theta_pr[2,60]	0.797	0.0058	0.559	-0.32	0.793	1.87	9299.0	2.31	1.0
theta_pr[2,61]	-0.735	0.00539	0.463	-1.7	-0.725	0.146	7385.0	1.83	1.0
theta_pr[2,62]	-0.0832	0.00404	0.354	-0.799	-0.0852	0.581	7706.0	1.91	1.0
theta_pr[2,63]	-0.766	0.00455	0.379	-1.55	-0.766	-0.0597	6935.0	1.72	1.0
theta_pr[2,64]	0.726	0.00461	0.393	-0.0756	0.721	1.48	7251.0	1.8	1.0
theta_pr[2,65]	0.528	0.0045	0.433	-0.351	0.521	1.36	9282.0	2.3	0.999
theta_pr[2,66]	0.155	0.0046	0.413	-0.695	0.153	0.927	8071.0	2.0	1.0
theta_pr[2,67]	1.06	0.00528	0.475	0.109	1.06	1.97	8094.0	2.01	1.0
theta_pr[2,68]	0.742	0.00505	0.447	-0.157	0.744	1.58	7836.0	1.95	1.0
theta_pr[2,69]	-1.23	0.00555	0.504	-2.26	-1.21	-0.283	8251.0	2.05	1.0
theta_pr[2,70]	-0.626	0.00469	0.39	-1.43	-0.627	0.0914	6892.0	1.71	1.0
theta_pr[2,71]	0.0774	0.00472	0.423	-0.8	0.0803	0.869	8030.0	1.99	0.999
theta_pr[2,72]	-1.44	0.00585	0.567	-2.66	-1.43	-0.413	9371.0	2.33	1.0
theta_pr[2,73]	-0.194	0.00582	0.495	-1.21	-0.188	0.747	7223.0	1.79	1.0
theta_pr[2,74]	-0.956	0.00455	0.385	-1.79	-0.946	-0.257	7142.0	1.77	1.0
theta_pr[2,75]	-0.0598	0.00394	0.34	-0.745	-0.0635	0.604	7447.0	1.85	1.0
theta_pr[2,76]	1.33	0.00584	0.578	0.156	1.31	2.46	9788.0	2.43	1.0
theta_pr[2,77]	0.367	0.00429	0.367	-0.386	0.364	1.06	7346.0	1.82	1.0
theta_pr[2,78]	1.24	0.00455	0.387	0.466	1.23	2.0	7239.0	1.8	1.0
theta_pr[2,79]	-0.455	0.00492	0.444	-1.36	-0.458	0.39	8160.0	2.03	1.0
theta_pr[2,80]	-0.629	0.00461	0.385	-1.44	-0.624	0.0917	6955.0	1.73	1.0
theta_pr[2,81]	-0.238	0.00433	0.36	-0.99	-0.245	0.453	6929.0	1.72	1.0
theta_pr[2,82]	-0.18	0.00474	0.436	-1.06	-0.178	0.645	8468.0	2.1	1.0
theta_pr[2,83]	-1.72	0.00487	0.387	-2.56	-1.72	-1.03	6325.0	1.57	1.0
theta_pr[2,84]	-0.242	0.00434	0.369	-1.01	-0.245	0.466	7231.0	1.8	1.0
theta_pr[2,85]	0.95	0.00628	0.568	-0.208	0.954	2.03	8188.0	2.03	1.0
theta_pr[2,86]	-0.0158	0.00436	0.386	-0.81	-0.0135	0.7	7847.0	1.95	1.0
theta_pr[2,87]	0.755	0.0044	0.374	0.0168	0.742	1.48	7229.0	1.8	1.0
theta_pr[2,88]	-0.881	0.00513	0.427	-1.78	-0.88	-0.0895	6928.0	1.72	1.0
theta_pr[2,89]	0.408	0.00417	0.358	-0.316	0.409	1.08	7391.0	1.84	0.999
theta_pr[2,90]	-0.678	0.00519	0.464	-1.63	-0.667	0.187	7998.0	1.99	0.999
theta_pr[2,91]	0.719	0.00421	0.355	-0.0192	0.717	1.39	7093.0	1.76	1.0
theta_pr[2,92]	-0.262	0.00495	0.456	-1.22	-0.267	0.606	8478.0	2.11	1.0
theta_pr[2,93]	-0.661	0.00463	0.424	-1.53	-0.657	0.114	8371.0	2.08	1.0
theta_pr[2,94]	0.185	0.004	0.348	-0.516	0.186	0.851	7594.0	1.89	1.0
theta_pr[2,95]	0.448	0.00432	0.346	-0.262	0.449	1.1	6421.0	1.59	1.0
theta_pr[2,96]	0.116	0.0041	0.383	-0.672	0.116	0.824	8727.0	2.17	0.999
theta_pr[2,97]	1.48	0.00481	0.393	0.695	1.46	2.24	6684.0	1.66	0.999
theta_pr[2,98]	-0.206	0.00421	0.389	-1.01	-0.21	0.513	8536.0	2.12	1.0
theta_pr[2,99]	-1.47	0.00566	0.491	-2.52	-1.46	-0.554	7508.0	1.86	0.999
theta_pr[3,1]	1.08	0.0052	0.491	0.0769	1.07	2.02	8911.0	2.21	1.0
theta_pr[3,2]	0.452	0.00596	0.546	-0.673	0.449	1.5	8374.0	2.08	0.999
theta_pr[3,3]	0.865	0.007	0.689	-0.549	0.859	2.18	9678.0	2.4	1.0
theta_pr[3,4]	0.0403	0.00505	0.495	-0.985	0.0433	0.98	9627.0	2.39	1.0
theta_pr[3,5]	-0.943	0.00609	0.552	-2.12	-0.942	0.104	8204.0	2.04	1.0
theta_pr[3,6]	0.162	0.00585	0.588	-1.03	0.162	1.28	10088.0	2.5	0.999
theta_pr[3,7]	1.33	0.00583	0.542	0.215	1.32	2.37	8633.0	2.14	1.0
theta_pr[3,8]	-1.31	0.0059	0.566	-2.43	-1.3	-0.228	9211.0	2.29	1.0
theta_pr[3,9]	0.987	0.00694	0.71	-0.484	0.979	2.3	10454.0	2.6	1.0
theta_pr[3,10]	-0.386	0.00685	0.659	-1.72	-0.375	0.85	9250.0	2.3	1.0
theta_pr[3,11]	-0.762	0.00642	0.623	-2.06	-0.763	0.43	9434.0	2.34	1.0
theta_pr[3,12]	-0.401	0.00535	0.493	-1.4	-0.402	0.554	8510.0	2.11	0.999
theta_pr[3,13]	-0.392	0.00552	0.52	-1.47	-0.388	0.591	8882.0	2.21	0.999
theta_pr[3,14]	-1.36	0.00575	0.576	-2.57	-1.35	-0.284	10023.0	2.49	1.0
theta_pr[3,15]	-1.07	0.00508	0.485	-2.07	-1.06	-0.14	9105.0	2.26	0.999
theta_pr[3,16]	-0.0405	0.00664	0.626	-1.3	-0.0387	1.17	8889.0	2.21	1.0
theta_pr[3,17]	-0.258	0.00569	0.528	-1.32	-0.258	0.756	8612.0	2.14	1.0
theta_pr[3,18]	0.987	0.00532	0.532	-0.0749	0.981	2.01	10002.0	2.48	1.0
theta_pr[3,19]	0.561	0.00606	0.562	-0.572	0.551	1.64	8620.0	2.14	1.0
theta_pr[3,20]	0.371	0.00692	0.671	-1.01	0.387	1.63	9408.0	2.34	1.0
theta_pr[3,21]	-0.0262	0.00529	0.504	-1.05	-0.0316	0.938	9071.0	2.25	1.0
theta_pr[3,22]	0.957	0.0062	0.561	-0.178	0.947	2.01	8187.0	2.03	1.0
theta_pr[3,23]	-0.582	0.00661	0.674	-1.94	-0.593	0.714	10418.0	2.59	1.0
theta_pr[3,24]	-0.506	0.00536	0.508	-1.58	-0.501	0.438	8972.0	2.23	0.999
theta_pr[3,25]	0.678	0.00534	0.526	-0.397	0.677	1.65	9700.0	2.41	1.0
theta_pr[3,26]	-0.0487	0.0061	0.61	-1.28	-0.057	1.11	9996.0	2.48	1.0
theta_pr[3,27]	-1.35	0.00542	0.501	-2.46	-1.33	-0.43	8538.0	2.12	1.0
theta_pr[3,28]	-0.967	0.00551	0.503	-2.01	-0.967	-0.0359	8310.0	2.06	1.0
theta_pr[3,29]	-1.85	0.00583	0.563	-3.02	-1.83	-0.815	9327.0	2.32	1.0
theta_pr[3,30]	-1.1	0.00623	0.563	-2.25	-1.09	-0.0725	8148.0	2.02	0.999
theta_pr[3,31]	-0.115	0.0059	0.558	-1.26	-0.114	0.951	8968.0	2.23	1.0
theta_pr[3,32]	-0.197	0.00548	0.495	-1.23	-0.205	0.735	8178.0	2.03	0.999
theta_pr[3,33]	0.192	0.00656	0.607	-1.04	0.195	1.32	8547.0	2.12	1.0
theta_pr[3,34]	0.00913	0.00597	0.555	-1.16	0.014	1.07	8658.0	2.15	0.999
theta_pr[3,35]	0.705	0.00588	0.581	-0.472	0.694	1.82	9745.0	2.42	1.0
theta_pr[3,36]	-0.878	0.00609	0.604	-2.13	-0.879	0.254	9812.0	2.44	1.0
theta_pr[3,37]	0.141	0.00665	0.641	-1.15	0.144	1.35	9309.0	2.31	1.0
theta_pr[3,38]	0.717	0.00619	0.621	-0.539	0.715	1.89	10081.0	2.5	0.999
theta_pr[3,39]	-0.0605	0.00746	0.684	-1.46	-0.0605	1.22	8411.0	2.09	0.999
theta_pr[3,40]	-0.453	0.00615	0.587	-1.66	-0.45	0.646	9130.0	2.27	0.999
theta_pr[3,41]	-0.935	0.00567	0.53	-2.03	-0.935	0.05	8724.0	2.17	1.0
theta_pr[3,42]	0.409	0.00608	0.589	-0.799	0.405	1.56	9389.0	2.33	0.999
theta_pr[3,43]	0.183	0.0053	0.486	-0.792	0.173	1.11	8428.0	2.09	0.999
theta_pr[3,44]	-0.91	0.00515	0.502	-1.98	-0.907	0.0495	9514.0	2.36	1.0
theta_pr[3,45]	0.537	0.00667	0.603	-0.69	0.531	1.69	8178.0	2.03	1.0
theta_pr[3,46]	0.398	0.00608	0.579	-0.746	0.387	1.5	9073.0	2.25	1.0
theta_pr[3,47]	0.156	0.0055	0.524	-0.919	0.155	1.15	9076.0	2.25	1.0
theta_pr[3,48]	-0.222	0.00594	0.532	-1.33	-0.219	0.768	8028.0	1.99	0.999
theta_pr[3,49]	-0.853	0.00641	0.573	-2.06	-0.866	0.243	7980.0	1.98	1.0
theta_pr[3,50]	-0.0624	0.00505	0.486	-1.05	-0.06	0.863	9239.0	2.29	0.999
theta_pr[3,51]	0.681	0.00569	0.551	-0.423	0.667	1.71	9382.0	2.33	0.999
theta_pr[3,52]	0.00615	0.00683	0.634	-1.25	-0.00355	1.25	8608.0	2.14	1.0
theta_pr[3,53]	0.181	0.00569	0.528	-0.867	0.172	1.21	8603.0	2.14	1.0
theta_pr[3,54]	1.58	0.00542	0.514	0.548	1.56	2.56	8991.0	2.23	1.0
theta_pr[3,55]	-1.15	0.00676	0.681	-2.6	-1.14	0.104	10151.0	2.52	1.0
theta_pr[3,56]	-0.0802	0.00573	0.531	-1.18	-0.0803	0.92	8586.0	2.13	1.0
theta_pr[3,57]	1.59	0.00563	0.539	0.538	1.57	2.62	9148.0	2.27	1.0
theta_pr[3,58]	-0.254	0.00563	0.516	-1.29	-0.258	0.69	8390.0	2.08	0.999
theta_pr[3,59]	-1.08	0.00528	0.492	-2.12	-1.07	-0.171	8672.0	2.15	0.999
theta_pr[3,60]	-0.0338	0.00758	0.721	-1.51	-0.0306	1.29	9046.0	2.25	1.0
theta_pr[3,61]	0.276	0.00671	0.651	-1.07	0.274	1.53	9403.0	2.33	1.0
theta_pr[3,62]	0.895	0.00572	0.525	-0.182	0.895	1.89	8443.0	2.1	0.999
theta_pr[3,63]	-0.368	0.00592	0.539	-1.51	-0.368	0.64	8277.0	2.06	0.999
theta_pr[3,64]	1.0	0.00585	0.564	-0.142	0.992	2.07	9299.0	2.31	1.0
theta_pr[3,65]	0.799	0.00658	0.623	-0.445	0.8	1.99	8976.0	2.23	1.0
theta_pr[3,66]	0.366	0.0059	0.567	-0.753	0.359	1.43	9237.0	2.29	0.999
theta_pr[3,67]	0.383	0.00674	0.642	-0.925	0.375	1.6	9070.0	2.25	1.0
theta_pr[3,68]	-0.13	0.00612	0.621	-1.44	-0.128	1.03	10279.0	2.55	1.0
theta_pr[3,69]	-1.21	0.00672	0.642	-2.55	-1.21	0.0141	9136.0	2.27	1.0
theta_pr[3,70]	0.289	0.00597	0.588	-0.917	0.288	1.39	9692.0	2.41	0.999
theta_pr[3,71]	0.217	0.00608	0.575	-0.98	0.218	1.32	8917.0	2.21	1.0
theta_pr[3,72]	-1.44	0.00696	0.711	-2.92	-1.44	-0.114	10452.0	2.6	0.999
theta_pr[3,73]	0.271	0.00729	0.681	-1.11	0.261	1.58	8725.0	2.17	1.0
theta_pr[3,74]	0.433	0.00567	0.556	-0.688	0.425	1.47	9625.0	2.39	0.999
theta_pr[3,75]	0.242	0.00508	0.503	-0.797	0.237	1.21	9789.0	2.43	1.0
theta_pr[3,76]	0.552	0.00735	0.722	-0.911	0.537	1.94	9651.0	2.4	0.999
theta_pr[3,77]	0.895	0.00601	0.564	-0.204	0.879	1.98	8800.0	2.19	1.0
theta_pr[3,78]	-0.223	0.00541	0.543	-1.33	-0.211	0.781	10094.0	2.51	0.999
theta_pr[3,79]	-0.724	0.00599	0.617	-2.0	-0.729	0.452	10588.0	2.63	0.999
theta_pr[3,80]	-1.76	0.00579	0.547	-2.89	-1.75	-0.739	8929.0	2.22	1.0
theta_pr[3,81]	1.79	0.00607	0.557	0.646	1.79	2.87	8412.0	2.09	1.0
theta_pr[3,82]	1.07	0.00638	0.626	-0.201	1.06	2.3	9617.0	2.39	1.0
theta_pr[3,83]	2.57	0.00604	0.541	1.47	2.55	3.62	8004.0	1.99	0.999
theta_pr[3,84]	-0.476	0.0054	0.517	-1.52	-0.467	0.473	9164.0	2.28	1.0
theta_pr[3,85]	0.936	0.00713	0.738	-0.57	0.932	2.36	10714.0	2.66	1.0
theta_pr[3,86]	-1.12	0.00539	0.541	-2.28	-1.12	-0.13	10098.0	2.51	0.999
theta_pr[3,87]	-0.736	0.00526	0.514	-1.81	-0.736	0.256	9555.0	2.37	0.999
theta_pr[3,88]	-0.165	0.00637	0.589	-1.39	-0.176	0.955	8546.0	2.12	1.0
theta_pr[3,89]	-0.302	0.00544	0.504	-1.34	-0.296	0.639	8586.0	2.13	1.0
theta_pr[3,90]	0.0906	0.00709	0.652	-1.22	0.0837	1.34	8439.0	2.1	1.0
theta_pr[3,91]	1.3	0.00628	0.558	0.169	1.3	2.38	7901.0	1.96	1.0
theta_pr[3,92]	0.24	0.00674	0.631	-1.04	0.229	1.43	8759.0	2.18	1.0
theta_pr[3,93]	0.0991	0.00631	0.611	-1.15	0.104	1.25	9385.0	2.33	1.0
theta_pr[3,94]	0.0924	0.00567	0.51	-0.956	0.084	1.08	8101.0	2.01	1.0
theta_pr[3,95]	-0.607	0.00569	0.498	-1.65	-0.599	0.317	7638.0	1.9	1.0
theta_pr[3,96]	0.422	0.00594	0.554	-0.669	0.421	1.5	8699.0	2.16	0.999
theta_pr[3,97]	0.049	0.00591	0.551	-1.09	0.0394	1.12	8693.0	2.16	1.0
theta_pr[3,98]	-0.311	0.00534	0.537	-1.45	-0.318	0.693	10113.0	2.51	0.999
theta_pr[3,99]	-1.11	0.00675	0.62	-2.38	-1.1	0.0616	8423.0	2.09	0.999
theta_pr[4,1]	-1.0	0.0118	0.885	-2.45	-1.15	0.939	5635.0	1.4	1.0
theta_pr[4,2]	0.53	0.00886	0.567	-0.748	0.559	1.54	4099.0	1.02	1.0
theta_pr[4,3]	0.206	0.00441	0.3	-0.415	0.208	0.77	4625.0	1.15	1.0
theta_pr[4,4]	-1.09	0.0148	0.951	-2.68	-1.23	0.984	4110.0	1.02	1.0
theta_pr[4,5]	-0.211	0.00672	0.581	-1.29	-0.232	0.928	7464.0	1.85	1.0
theta_pr[4,6]	2.02	0.00616	0.478	1.12	1.99	2.99	6038.0	1.5	1.0
theta_pr[4,7]	0.127	0.012	1.04	-1.56	-0.023	2.22	7602.0	1.89	1.0
theta_pr[4,8]	-0.745	0.00533	0.371	-1.45	-0.754	-0.00316	4851.0	1.2	1.0
theta_pr[4,9]	0.105	0.00476	0.307	-0.529	0.107	0.68	4157.0	1.03	1.0
theta_pr[4,10]	2.18	0.00599	0.407	1.4	2.15	2.99	4628.0	1.15	1.0
theta_pr[4,11]	-0.35	0.00468	0.263	-0.9	-0.35	0.133	3151.0	0.782	1.0
theta_pr[4,12]	-0.168	0.0112	0.837	-1.74	-0.149	1.36	5610.0	1.39	1.0
theta_pr[4,13]	0.0175	0.0163	1.11	-1.86	-0.0273	2.09	4678.0	1.16	1.0
theta_pr[4,14]	-0.614	0.00531	0.387	-1.37	-0.636	0.165	5311.0	1.32	1.0
theta_pr[4,15]	-0.231	0.021	1.23	-2.38	-0.251	2.02	3442.0	0.855	1.0
theta_pr[4,16]	0.151	0.00544	0.413	-0.637	0.13	0.974	5762.0	1.43	1.0
theta_pr[4,17]	-0.949	0.00862	0.652	-2.03	-1.03	0.448	5721.0	1.42	1.0
theta_pr[4,18]	-1.05	0.00762	0.564	-2.03	-1.11	0.144	5479.0	1.36	1.0
theta_pr[4,19]	-0.31	0.00653	0.557	-1.38	-0.327	0.791	7261.0	1.8	1.0
theta_pr[4,20]	0.228	0.00482	0.311	-0.415	0.231	0.8	4178.0	1.04	1.0
theta_pr[4,21]	-0.766	0.00894	0.718	-1.92	-0.89	0.845	6455.0	1.6	1.0
theta_pr[4,22]	0.923	0.00647	0.521	-0.152	0.919	1.9	6468.0	1.61	1.0
theta_pr[4,23]	0.372	0.00498	0.388	-0.43	0.379	1.08	6044.0	1.5	1.0
theta_pr[4,24]	-0.932	0.00598	0.471	-1.81	-0.975	0.0348	6201.0	1.54	1.0
theta_pr[4,25]	0.974	0.0104	0.642	-0.444	0.994	2.13	3786.0	0.94	1.0
theta_pr[4,26]	-0.229	0.00455	0.374	-0.96	-0.235	0.495	6743.0	1.67	0.999
theta_pr[4,27]	-0.705	0.013	0.973	-2.23	-0.872	1.49	5616.0	1.39	1.0
theta_pr[4,28]	-0.705	0.0166	1.12	-2.49	-0.879	1.64	4553.0	1.13	1.0
theta_pr[4,29]	-0.717	0.0103	0.841	-2.04	-0.863	1.16	6671.0	1.66	1.0
theta_pr[4,30]	1.47	0.00716	0.555	0.268	1.47	2.47	6004.0	1.49	1.0
theta_pr[4,31]	-0.376	0.00641	0.573	-1.43	-0.413	0.78	7973.0	1.98	1.0
theta_pr[4,32]	-0.817	0.0107	0.847	-2.19	-0.937	1.02	6283.0	1.56	1.0
theta_pr[4,33]	0.497	0.0054	0.499	-0.485	0.492	1.48	8531.0	2.12	1.0
theta_pr[4,34]	-0.0631	0.00733	0.618	-1.3	-0.057	1.06	7097.0	1.76	1.0
theta_pr[4,35]	-0.702	0.00519	0.299	-1.34	-0.701	-0.153	3330.0	0.827	1.0
theta_pr[4,36]	-0.448	0.00594	0.453	-1.26	-0.498	0.506	5817.0	1.44	1.0
theta_pr[4,37]	0.262	0.005	0.409	-0.584	0.255	1.01	6691.0	1.66	1.0
theta_pr[4,38]	-0.233	0.00488	0.442	-1.09	-0.256	0.631	8203.0	2.04	1.0
theta_pr[4,39]	0.228	0.00432	0.276	-0.369	0.229	0.733	4088.0	1.02	1.0
theta_pr[4,40]	1.92	0.0057	0.464	1.01	1.9	2.86	6621.0	1.64	1.0
theta_pr[4,41]	-0.562	0.00617	0.539	-1.57	-0.586	0.514	7641.0	1.9	1.0
theta_pr[4,42]	0.909	0.00728	0.551	-0.306	0.931	1.92	5731.0	1.42	1.0
theta_pr[4,43]	-0.675	0.0121	0.949	-2.21	-0.803	1.28	6173.0	1.53	1.0
theta_pr[4,44]	0.693	0.0177	1.03	-1.59	0.822	2.41	3389.0	0.842	1.0
theta_pr[4,45]	-0.74	0.00513	0.318	-1.38	-0.742	-0.128	3845.0	0.955	0.999
theta_pr[4,46]	-0.698	0.0106	0.823	-2.13	-0.771	0.956	6008.0	1.49	1.0
theta_pr[4,47]	1.04	0.0126	0.832	-0.882	1.09	2.44	4370.0	1.09	1.0
theta_pr[4,48]	0.154	0.00908	0.745	-1.29	0.146	1.57	6724.0	1.67	1.0
theta_pr[4,49]	-0.385	0.00746	0.631	-1.58	-0.413	0.833	7163.0	1.78	1.0
theta_pr[4,50]	-0.418	0.0178	1.15	-2.34	-0.479	1.78	4206.0	1.04	1.0
theta_pr[4,51]	-0.145	0.00677	0.585	-1.25	-0.151	0.978	7464.0	1.85	1.0
theta_pr[4,52]	0.508	0.0051	0.352	-0.257	0.508	1.17	4754.0	1.18	1.0
theta_pr[4,53]	-0.937	0.0218	1.14	-2.99	-1.0	1.32	2729.0	0.678	1.0
theta_pr[4,54]	-1.14	0.00878	0.681	-2.27	-1.24	0.354	6027.0	1.5	1.0
theta_pr[4,55]	0.0102	0.00438	0.267	-0.535	0.0062	0.522	3722.0	0.924	1.0
theta_pr[4,56]	-0.255	0.00707	0.619	-1.41	-0.283	0.931	7680.0	1.91	0.999
theta_pr[4,57]	-1.04	0.0124	0.857	-2.45	-1.17	0.838	4737.0	1.18	1.0
theta_pr[4,58]	-0.923	0.00732	0.586	-1.94	-0.992	0.323	6412.0	1.59	1.0
theta_pr[4,59]	0.124	0.0157	1.07	-1.92	0.159	2.05	4684.0	1.16	1.0
theta_pr[4,60]	0.105	0.00443	0.263	-0.427	0.103	0.607	3524.0	0.875	1.0
theta_pr[4,61]	0.745	0.00518	0.412	-0.103	0.747	1.53	6314.0	1.57	1.0
theta_pr[4,62]	0.241	0.0127	0.984	-1.64	0.274	2.06	5991.0	1.49	0.999
theta_pr[4,63]	0.119	0.00835	0.755	-1.32	0.0884	1.63	8184.0	2.03	1.0
theta_pr[4,64]	-0.761	0.00682	0.601	-1.78	-0.835	0.523	7754.0	1.93	1.0
theta_pr[4,65]	0.296	0.0053	0.417	-0.603	0.3	1.06	6207.0	1.54	0.999
theta_pr[4,66]	0.375	0.00629	0.508	-0.687	0.39	1.31	6525.0	1.62	1.0
theta_pr[4,67]	1.15	0.00493	0.378	0.389	1.15	1.86	5869.0	1.46	1.0
theta_pr[4,68]	-0.154	0.00488	0.372	-0.87	-0.16	0.58	5808.0	1.44	1.0
theta_pr[4,69]	0.496	0.0055	0.394	-0.317	0.504	1.2	5150.0	1.28	0.999
theta_pr[4,70]	-0.623	0.00536	0.41	-1.42	-0.641	0.186	5845.0	1.45	1.0
theta_pr[4,71]	0.104	0.007	0.634	-1.04	0.0724	1.37	8219.0	2.04	1.0
theta_pr[4,72]	0.0151	0.00446	0.274	-0.538	0.0147	0.532	3777.0	0.938	1.0
theta_pr[4,73]	-0.331	0.00446	0.234	-0.838	-0.329	0.0934	2759.0	0.685	1.0
theta_pr[4,74]	0.333	0.00995	0.799	-1.08	0.3	1.87	6455.0	1.6	1.0
theta_pr[4,75]	-0.655	0.0152	1.06	-2.33	-0.837	1.56	4870.0	1.21	1.0
theta_pr[4,76]	0.304	0.00448	0.279	-0.257	0.299	0.845	3867.0	0.96	1.0
theta_pr[4,77]	0.452	0.0129	0.835	-1.32	0.532	1.89	4188.0	1.04	1.0
theta_pr[4,78]	0.429	0.0124	0.836	-1.42	0.498	1.84	4582.0	1.14	1.0
theta_pr[4,79]	0.801	0.00718	0.595	-0.405	0.793	1.91	6863.0	1.7	0.999
theta_pr[4,80]	1.1	0.00664	0.521	-0.00735	1.1	2.07	6144.0	1.53	1.0
theta_pr[4,81]	-0.657	0.00731	0.651	-1.76	-0.737	0.769	7949.0	1.97	1.0
theta_pr[4,82]	1.2	0.00531	0.456	0.297	1.18	2.08	7389.0	1.83	1.0
theta_pr[4,83]	0.527	0.0194	1.12	-1.82	0.63	2.44	3341.0	0.829	1.0
theta_pr[4,84]	-0.0754	0.00766	0.673	-1.34	-0.0977	1.24	7722.0	1.92	1.0
theta_pr[4,85]	0.369	0.00438	0.297	-0.225	0.366	0.939	4593.0	1.14	1.0
theta_pr[4,86]	0.696	0.00766	0.691	-0.726	0.681	2.03	8135.0	2.02	1.0
theta_pr[4,87]	0.572	0.0198	0.999	-1.65	0.698	2.24	2538.0	0.63	1.0
theta_pr[4,88]	-0.132	0.00538	0.398	-0.947	-0.133	0.62	5466.0	1.36	0.999
theta_pr[4,89]	-0.826	0.0085	0.722	-2.01	-0.929	0.732	7204.0	1.79	1.0
theta_pr[4,90]	1.27	0.0054	0.436	0.369	1.28	2.11	6526.0	1.62	1.0
theta_pr[4,91]	-0.765	0.0114	0.924	-2.19	-0.903	1.24	6552.0	1.63	1.0
theta_pr[4,92]	-0.435	0.00479	0.288	-1.04	-0.44	0.111	3628.0	0.901	1.0
theta_pr[4,93]	-0.547	0.00472	0.273	-1.11	-0.544	-0.0339	3334.0	0.828	1.0
theta_pr[4,94]	1.1	0.0183	0.972	-1.35	1.23	2.65	2823.0	0.701	1.0
theta_pr[4,95]	-1.07	0.0166	1.05	-2.82	-1.22	1.21	4041.0	1.0	1.0
theta_pr[4,96]	-0.586	0.00673	0.537	-1.53	-0.645	0.572	6369.0	1.58	1.0
theta_pr[4,97]	-0.731	0.00688	0.607	-1.84	-0.784	0.497	7802.0	1.94	0.999
theta_pr[4,98]	1.04	0.0117	0.757	-0.731	1.07	2.4	4162.0	1.03	0.999
theta_pr[4,99]	0.249	0.00509	0.367	-0.497	0.251	0.954	5205.0	1.29	0.999
sigma[1]	0.626	0.00142	0.0719	0.498	0.621	0.771	2576.0	0.64	1.0
sigma[2]	0.103	0.00018	0.00912	0.0855	0.103	0.121	2571.0	0.638	1.0
sigma[3]	0.0969	0.000195	0.0104	0.0769	0.0964	0.117	2840.0	0.705	1.0
sigma[4]	0.639	0.00171	0.074	0.502	0.635	0.787	1881.0	0.467	1.0
b1[1]	4.86	0.0641	4.15	0.446	3.5	14.9	4194.0	1.04	1.0
b1[2]	4.65	0.0386	1.78	2.6	4.24	9.11	2131.0	0.529	1.0
b1[3]	14.7	0.0331	2.78	9.89	14.4	20.7	7046.0	1.75	1.0
b1[4]	4.51	0.0679	4.28	0.0609	3.03	15.1	3979.0	0.988	1.0
b1[5]	7.55	0.0499	3.44	3.2	6.66	16.0	4771.0	1.18	1.0
b1[6]	4.09	0.00764	0.598	2.96	4.04	5.3	6139.0	1.52	0.999
b1[7]	5.69	0.0581	3.77	1.77	4.45	15.3	4212.0	1.05	1.0
b1[8]	13.3	0.0478	4.35	6.32	12.8	22.9	8313.0	2.06	1.0
b1[9]	18.1	0.0423	3.69	11.7	17.7	25.9	7589.0	1.88	1.0
b1[10]	6.85	0.0124	1.01	4.97	6.77	8.88	6598.0	1.64	1.0
b1[11]	20.2	0.0456	4.1	12.9	19.9	28.7	8070.0	2.0	0.999
b1[12]	4.34	0.06	3.29	1.25	3.14	13.2	3012.0	0.748	1.0
b1[13]	3.94	0.0684	3.57	0.99	2.46	13.5	2720.0	0.675	1.0
b1[14]	12.4	0.0449	3.98	5.85	11.9	21.0	7848.0	1.95	1.0
b1[15]	3.16	0.0696	3.47	0.429	1.67	12.7	2484.0	0.617	1.0
b1[16]	12.9	0.0431	3.68	7.12	12.4	21.1	7299.0	1.81	1.0
b1[17]	7.36	0.0611	4.45	1.57	6.4	17.5	5287.0	1.31	0.999
b1[18]	8.16	0.057	4.37	2.14	7.36	17.9	5871.0	1.46	1.0
b1[19]	8.26	0.0511	3.71	3.41	7.35	17.2	5285.0	1.31	1.0
b1[20]	14.4	0.0352	2.85	9.58	14.1	20.5	6542.0	1.62	1.0
b1[21]	7.09	0.0599	4.33	1.66	6.06	17.2	5227.0	1.3	1.0
b1[22]	3.99	0.0168	1.03	2.45	3.85	6.12	3774.0	0.937	1.0
b1[23]	11.5	0.0312	2.58	7.36	11.1	17.3	6856.0	1.7	1.0
b1[24]	9.83	0.0506	4.29	3.42	9.11	19.3	7191.0	1.79	1.0
b1[25]	2.97	0.0342	1.21	1.65	2.75	5.36	1248.0	0.31	1.0
b1[26]	12.6	0.0413	3.51	7.19	12.1	20.4	7218.0	1.79	1.0
b1[27]	5.23	0.0633	4.32	0.685	3.82	15.7	4655.0	1.16	1.0
b1[28]	4.01	0.0707	4.1	0.295	2.4	14.5	3359.0	0.834	1.0
b1[29]	6.27	0.0582	4.31	1.26	5.08	16.7	5489.0	1.36	1.0
b1[30]	3.33	0.0189	0.862	2.17	3.22	4.89	2088.0	0.519	1.0
b1[31]	7.94	0.0474	3.55	3.31	7.12	16.1	5626.0	1.4	0.999
b1[32]	5.42	0.0606	4.18	0.803	4.08	15.4	4749.0	1.18	1.0
b1[33]	7.9	0.0314	2.26	4.68	7.46	13.2	5200.0	1.29	1.0
b1[34]	6.14	0.0517	3.06	2.72	5.24	13.8	3502.0	0.87	1.0
b1[35]	15.9	0.0454	4.0	9.04	15.5	24.3	7750.0	1.92	1.0
b1[36]	12.1	0.0486	4.21	5.53	11.5	21.3	7507.0	1.86	1.0
b1[37]	9.88	0.0317	2.51	6.12	9.44	15.8	6263.0	1.56	1.0
b1[38]	11.2	0.0437	3.68	5.77	10.6	19.4	7075.0	1.76	0.999
b1[39]	19.4	0.0406	3.51	13.2	19.1	26.8	7489.0	1.86	1.0
b1[40]	4.45	0.00797	0.64	3.28	4.4	5.77	6442.0	1.6	1.0
b1[41]	8.04	0.0501	3.79	2.98	7.16	16.9	5745.0	1.43	0.999
b1[42]	6.23	0.0338	1.83	3.76	5.89	10.7	2929.0	0.727	1.0
b1[43]	4.71	0.0668	4.09	0.767	3.21	15.3	3754.0	0.932	1.0
b1[44]	2.47	0.0553	2.28	0.891	1.75	9.08	1700.0	0.422	1.0
b1[45]	15.0	0.0439	4.02	8.2	14.6	23.5	8390.0	2.08	1.0
b1[46]	5.22	0.0604	3.92	0.979	3.97	14.8	4215.0	1.05	1.0
b1[47]	3.36	0.0412	1.73	1.77	2.9	7.83	1765.0	0.438	1.0
b1[48]	5.8	0.0526	3.12	2.48	4.83	14.0	3507.0	0.871	1.0
b1[49]	6.56	0.0547	3.48	2.48	5.55	15.2	4051.0	1.01	1.0
b1[50]	3.46	0.0726	3.65	0.448	1.88	13.4	2526.0	0.627	1.0
b1[51]	7.31	0.0479	3.28	3.27	6.47	15.4	4702.0	1.17	1.0
b1[52]	9.73	0.0245	1.87	6.56	9.52	13.8	5821.0	1.45	1.0
b1[53]	1.5	0.0781	3.63	-2.95	0.321	11.7	2167.0	0.538	1.0
b1[54]	7.01	0.0631	4.66	1.08	5.9	18.0	5443.0	1.35	1.0
b1[55]	21.0	0.0448	3.92	13.9	20.7	28.8	7681.0	1.91	0.999
b1[56]	7.14	0.0546	3.59	2.84	6.17	16.0	4318.0	1.07	1.0
b1[57]	4.99	0.0678	4.2	0.474	3.62	15.4	3841.0	0.954	1.0
b1[58]	8.1	0.0533	4.28	2.23	7.25	17.9	6443.0	1.6	1.0
b1[59]	3.18	0.0628	3.1	0.796	1.96	11.7	2444.0	0.607	1.0
b1[60]	22.1	0.0449	4.09	14.7	21.8	30.6	8291.0	2.06	1.0
b1[61]	8.64	0.0224	1.75	5.73	8.43	12.5	6093.0	1.51	1.0
b1[62]	3.61	0.0593	2.89	1.18	2.55	11.6	2373.0	0.589	1.0
b1[63]	5.48	0.0505	3.15	2.02	4.58	13.6	3890.0	0.966	1.0
b1[64]	8.17	0.0525	4.24	2.43	7.34	17.7	6514.0	1.62	1.0
b1[65]	7.69	0.0276	2.02	4.69	7.35	12.4	5341.0	1.33	1.0
b1[66]	6.95	0.0356	2.36	3.78	6.46	12.5	4414.0	1.1	1.0
b1[67]	5.59	0.0101	0.839	4.07	5.52	7.34	6942.0	1.72	1.0
b1[68]	13.5	0.0409	3.59	7.71	13.0	21.7	7728.0	1.92	1.0
b1[69]	11.4	0.0322	2.48	7.31	11.1	16.8	5904.0	1.47	1.0
b1[70]	12.3	0.0473	4.09	5.91	11.7	21.2	7460.0	1.85	1.0
b1[71]	7.64	0.0476	3.25	3.52	6.86	15.6	4674.0	1.16	1.0
b1[72]	19.6	0.0415	3.69	13.0	19.3	27.3	7893.0	1.96	1.0
b1[73]	26.1	0.0551	4.66	17.5	25.8	35.4	7139.0	1.77	1.0
b1[74]	6.34	0.0529	3.2	2.77	5.32	14.1	3671.0	0.912	1.0
b1[75]	4.44	0.0703	4.18	0.595	2.84	15.1	3528.0	0.876	1.0
b1[76]	20.6	0.0416	3.71	13.9	20.3	28.1	7947.0	1.97	1.0
b1[77]	3.88	0.0563	2.47	1.68	3.07	10.7	1922.0	0.477	1.0
b1[78]	3.37	0.0525	2.4	1.34	2.61	10.1	2088.0	0.519	1.0
b1[79]	6.71	0.0331	2.15	3.82	6.27	11.7	4212.0	1.05	0.999
b1[80]	4.19	0.0164	1.01	2.65	4.04	6.42	3756.0	0.933	1.0
b1[81]	7.61	0.0552	4.15	2.27	6.64	17.4	5661.0	1.41	1.0
b1[82]	5.52	0.0107	0.989	3.79	5.43	7.61	8529.0	2.12	0.999
b1[83]	2.51	0.057	2.37	0.727	1.72	9.25	1725.0	0.428	1.0
b1[84]	6.09	0.0496	3.14	2.43	5.19	14.1	4024.0	0.999	1.0
b1[85]	17.0	0.0377	3.23	11.2	16.8	23.6	7333.0	1.82	1.0
b1[86]	4.13	0.0296	1.69	2.21	3.73	7.93	3269.0	0.812	1.0
b1[87]	2.62	0.0648	2.36	0.941	1.83	9.3	1329.0	0.33	1.0
b1[88]	9.78	0.0394	2.75	5.74	9.3	16.2	4878.0	1.21	1.0
b1[89]	6.66	0.0587	4.28	1.51	5.61	16.9	5317.0	1.32	1.0
b1[90]	7.02	0.0143	1.23	4.84	6.92	9.51	7373.0	1.83	0.999
b1[91]	5.51	0.0691	4.4	0.861	4.09	16.6	4065.0	1.01	1.0
b1[92]	17.0	0.0474	3.83	10.6	16.6	25.4	6531.0	1.62	1.0
b1[93]	19.4	0.0447	4.04	12.3	19.0	28.0	8151.0	2.02	1.0
b1[94]	2.28	0.0526	1.93	0.957	1.77	7.56	1341.0	0.333	1.0
b1[95]	3.78	0.0725	4.21	-0.416	2.15	14.6	3369.0	0.837	1.0
b1[96]	9.38	0.0522	4.12	3.49	8.61	18.8	6245.0	1.55	1.0
b1[97]	7.49	0.0616	4.18	2.19	6.42	17.2	4616.0	1.15	1.0
b1[98]	3.34	0.0364	1.46	1.92	3.01	7.03	1606.0	0.399	1.0
b1[99]	11.6	0.0344	2.65	7.28	11.2	17.3	5943.0	1.48	1.0
b2[1]	-0.441	0.00184	0.17	-0.798	-0.436	-0.127	8540.0	2.12	1.0
b2[2]	-0.251	0.00197	0.189	-0.635	-0.251	0.107	9211.0	2.29	1.0
b2[3]	0.763	0.00273	0.265	0.225	0.761	1.28	9458.0	2.35	0.999
b2[4]	0.0156	0.00169	0.169	-0.328	0.0128	0.342	9959.0	2.47	1.0
b2[5]	0.269	0.00215	0.197	-0.133	0.268	0.645	8399.0	2.09	1.0
b2[6]	-0.398	0.00206	0.198	-0.808	-0.394	-0.0303	9243.0	2.29	1.0
b2[7]	-0.143	0.00185	0.185	-0.515	-0.143	0.2	9995.0	2.48	1.0
b2[8]	0.316	0.00197	0.203	-0.0944	0.312	0.7	10614.0	2.64	1.0
b2[9]	0.444	0.00278	0.26	-0.0935	0.444	0.941	8747.0	2.17	1.0
b2[10]	-0.731	0.00276	0.254	-1.24	-0.729	-0.269	8495.0	2.11	1.0
b2[11]	-0.246	0.00243	0.228	-0.723	-0.245	0.176	8798.0	2.18	1.0
b2[12]	0.5	0.00177	0.169	0.162	0.501	0.821	9161.0	2.27	1.0
b2[13]	0.445	0.00182	0.178	0.0816	0.443	0.784	9614.0	2.39	1.0
b2[14]	0.0772	0.00198	0.191	-0.321	0.0732	0.432	9348.0	2.32	0.999
b2[15]	0.134	0.0018	0.167	-0.208	0.134	0.452	8670.0	2.15	0.999
b2[16]	-0.0938	0.00248	0.227	-0.572	-0.0906	0.331	8400.0	2.09	1.0
b2[17]	0.717	0.00201	0.185	0.333	0.712	1.07	8537.0	2.12	1.0
b2[18]	-0.507	0.00186	0.181	-0.886	-0.503	-0.167	9530.0	2.37	1.0
b2[19]	0.391	0.00211	0.197	-0.00783	0.39	0.761	8695.0	2.16	1.0
b2[20]	-0.299	0.00261	0.254	-0.83	-0.3	0.184	9454.0	2.35	0.999
b2[21]	0.237	0.00184	0.172	-0.119	0.236	0.562	8683.0	2.16	0.999
b2[22]	0.419	0.00219	0.2	0.0155	0.418	0.795	8313.0	2.06	1.0
b2[23]	1.13	0.00263	0.247	0.635	1.12	1.61	8849.0	2.2	1.0
b2[24]	-0.134	0.00186	0.177	-0.507	-0.135	0.207	9121.0	2.26	1.0
b2[25]	-0.13	0.00193	0.182	-0.516	-0.129	0.212	8924.0	2.22	0.999
b2[26]	0.0341	0.00233	0.216	-0.404	0.0313	0.445	8560.0	2.13	0.999
b2[27]	0.512	0.00184	0.175	0.154	0.512	0.854	9089.0	2.26	1.0
b2[28]	0.593	0.00181	0.174	0.239	0.59	0.923	9227.0	2.29	1.0
b2[29]	-1.17	0.00219	0.201	-1.6	-1.17	-0.799	8399.0	2.09	0.999
b2[30]	0.224	0.00203	0.198	-0.201	0.222	0.602	9529.0	2.37	0.999
b2[31]	-0.288	0.00207	0.205	-0.717	-0.288	0.102	9826.0	2.44	1.0
b2[32]	0.337	0.00183	0.168	-0.0119	0.336	0.654	8453.0	2.1	0.999
b2[33]	0.149	0.00237	0.226	-0.305	0.145	0.587	9042.0	2.25	1.0
b2[34]	0.787	0.00228	0.198	0.382	0.787	1.17	7544.0	1.87	0.999
b2[35]	-0.169	0.00202	0.2	-0.578	-0.17	0.208	9818.0	2.44	0.999
b2[36]	0.989	0.00223	0.219	0.551	0.986	1.4	9614.0	2.39	0.999
b2[37]	0.894	0.0025	0.238	0.414	0.892	1.36	9049.0	2.25	0.999
b2[38]	-0.143	0.00236	0.225	-0.604	-0.142	0.271	9111.0	2.26	1.0
b2[39]	0.0754	0.00264	0.253	-0.441	0.0749	0.559	9232.0	2.29	0.999
b2[40]	0.668	0.00229	0.213	0.237	0.667	1.08	8623.0	2.14	1.0
b2[41]	0.413	0.00195	0.186	0.0314	0.413	0.764	9050.0	2.25	1.0
b2[42]	0.249	0.00228	0.214	-0.202	0.246	0.666	8846.0	2.2	1.0
b2[43]	-0.121	0.00183	0.166	-0.461	-0.123	0.195	8219.0	2.04	1.0
b2[44]	0.275	0.00182	0.171	-0.0802	0.275	0.6	8795.0	2.18	1.0
b2[45]	0.27	0.00215	0.214	-0.154	0.271	0.677	9876.0	2.45	1.0
b2[46]	1.23	0.00224	0.197	0.84	1.23	1.61	7703.0	1.91	1.0
b2[47]	-0.612	0.00198	0.187	-1.0	-0.606	-0.265	8846.0	2.2	1.0
b2[48]	0.226	0.00202	0.191	-0.163	0.228	0.587	8918.0	2.21	0.999
b2[49]	1.33	0.00234	0.212	0.91	1.32	1.74	8168.0	2.03	0.999
b2[50]	-0.694	0.00178	0.174	-1.06	-0.692	-0.377	9482.0	2.35	0.999
b2[51]	-0.441	0.00202	0.188	-0.838	-0.446	-0.0899	8717.0	2.16	1.0
b2[52]	-0.463	0.00259	0.232	-0.939	-0.46	-0.0275	8010.0	1.99	1.0
b2[53]	0.675	0.00191	0.173	0.328	0.672	1.01	8178.0	2.03	1.0
b2[54]	-0.0862	0.00173	0.169	-0.437	-0.084	0.227	9549.0	2.37	1.0
b2[55]	-0.348	0.00269	0.257	-0.871	-0.343	0.131	9133.0	2.27	0.999
b2[56]	0.251	0.00193	0.184	-0.132	0.251	0.597	9087.0	2.26	1.0
b2[57]	0.104	0.00176	0.169	-0.245	0.102	0.421	9216.0	2.29	0.999
b2[58]	0.419	0.00183	0.18	0.052	0.418	0.765	9639.0	2.39	1.0
b2[59]	0.27	0.00175	0.172	-0.0797	0.269	0.588	9655.0	2.4	1.0
b2[60]	0.548	0.00287	0.286	-0.017	0.541	1.09	9915.0	2.46	1.0
b2[61]	-0.239	0.00244	0.232	-0.725	-0.233	0.199	9016.0	2.24	1.0
b2[62]	0.0955	0.00176	0.175	-0.26	0.0955	0.424	9844.0	2.44	1.0
b2[63]	-0.254	0.00204	0.187	-0.642	-0.254	0.0927	8456.0	2.1	1.0
b2[64]	0.509	0.00208	0.194	0.106	0.51	0.877	8703.0	2.16	1.0
b2[65]	0.409	0.00207	0.216	-0.034	0.405	0.823	10909.0	2.71	0.999
b2[66]	0.217	0.00215	0.206	-0.202	0.218	0.599	9193.0	2.28	1.0
b2[67]	0.682	0.00241	0.239	0.203	0.681	1.14	9886.0	2.45	1.0
b2[68]	0.518	0.00233	0.222	0.0716	0.517	0.933	9034.0	2.24	1.0
b2[69]	-0.49	0.00283	0.255	-1.03	-0.487	-0.00533	8126.0	2.02	1.0
b2[70]	-0.183	0.00215	0.193	-0.576	-0.183	0.179	8017.0	1.99	1.0
b2[71]	0.178	0.00224	0.212	-0.262	0.178	0.583	8980.0	2.23	1.0
b2[72]	-0.603	0.00294	0.291	-1.22	-0.594	-0.0719	9785.0	2.43	1.0
b2[73]	0.0383	0.00287	0.25	-0.473	0.0433	0.508	7610.0	1.89	1.0
b2[74]	-0.351	0.00195	0.189	-0.752	-0.349	-0.00157	9468.0	2.35	1.0
b2[75]	0.108	0.00179	0.167	-0.223	0.107	0.424	8684.0	2.16	0.999
b2[76]	0.821	0.00302	0.298	0.224	0.814	1.41	9692.0	2.41	1.0
b2[77]	0.326	0.00196	0.181	-0.0432	0.324	0.669	8502.0	2.11	0.999
b2[78]	0.77	0.00187	0.188	0.394	0.77	1.13	10048.0	2.5	1.0
b2[79]	-0.0949	0.00233	0.223	-0.552	-0.097	0.327	9174.0	2.28	1.0
b2[80]	-0.184	0.00204	0.19	-0.572	-0.184	0.18	8649.0	2.15	1.0
b2[81]	0.0163	0.00204	0.178	-0.344	0.0126	0.361	7617.0	1.89	1.0
b2[82]	0.0458	0.00233	0.218	-0.396	0.0422	0.458	8778.0	2.18	1.0
b2[83]	-0.744	0.00205	0.184	-1.13	-0.741	-0.402	8068.0	2.0	1.0
b2[84]	0.0141	0.00192	0.183	-0.362	0.0142	0.355	9069.0	2.25	1.0
b2[85]	0.626	0.00322	0.291	0.0331	0.622	1.19	8161.0	2.03	0.999
b2[86]	0.13	0.00197	0.191	-0.263	0.128	0.485	9356.0	2.32	1.0
b2[87]	0.524	0.00188	0.182	0.156	0.522	0.867	9297.0	2.31	1.0
b2[88]	-0.313	0.00237	0.213	-0.758	-0.314	0.0814	8065.0	2.0	1.0
b2[89]	0.347	0.00182	0.176	-0.0145	0.347	0.68	9409.0	2.34	0.999
b2[90]	-0.209	0.00243	0.231	-0.677	-0.208	0.227	9032.0	2.24	0.999
b2[91]	0.506	0.00184	0.173	0.141	0.507	0.832	8772.0	2.18	1.0
b2[92]	0.00386	0.00227	0.228	-0.472	0.00401	0.442	10091.0	2.51	1.0
b2[93]	-0.2	0.00214	0.212	-0.631	-0.201	0.196	9844.0	2.44	1.0
b2[94]	0.233	0.00178	0.172	-0.112	0.232	0.561	9398.0	2.33	1.0
b2[95]	0.367	0.00197	0.168	0.0261	0.369	0.678	7337.0	1.82	1.0
b2[96]	0.198	0.00185	0.189	-0.195	0.199	0.544	10491.0	2.6	1.0
b2[97]	0.893	0.00212	0.191	0.506	0.891	1.26	8114.0	2.01	1.0
b2[98]	0.0328	0.00196	0.194	-0.363	0.0317	0.397	9798.0	2.43	1.0
b2[99]	-0.615	0.00265	0.247	-1.14	-0.614	-0.152	8710.0	2.16	1.0
b3[1]	1.05	0.00246	0.232	0.579	1.05	1.49	8944.0	2.22	1.0
b3[2]	0.749	0.00276	0.258	0.22	0.749	1.24	8755.0	2.17	0.999
b3[3]	0.95	0.00347	0.335	0.264	0.947	1.6	9302.0	2.31	1.0
b3[4]	0.55	0.00234	0.232	0.0741	0.553	0.983	9830.0	2.44	1.0
b3[5]	0.0765	0.00286	0.262	-0.466	0.0775	0.568	8389.0	2.08	1.0
b3[6]	0.609	0.00274	0.277	0.0459	0.609	1.12	10267.0	2.55	0.999
b3[7]	1.17	0.00274	0.257	0.624	1.17	1.65	8775.0	2.18	1.0
b3[8]	-0.0996	0.00275	0.273	-0.653	-0.1	0.423	9832.0	2.44	1.0
b3[9]	1.01	0.00349	0.346	0.303	1.0	1.66	9862.0	2.45	1.0
b3[10]	0.344	0.00325	0.316	-0.306	0.35	0.932	9418.0	2.34	1.0
b3[11]	0.163	0.00312	0.3	-0.463	0.166	0.717	9282.0	2.3	1.0
b3[12]	0.338	0.00249	0.234	-0.139	0.335	0.783	8847.0	2.2	0.999
b3[13]	0.342	0.00252	0.245	-0.161	0.342	0.81	9432.0	2.34	0.999
b3[14]	-0.124	0.00285	0.279	-0.705	-0.121	0.396	9560.0	2.37	0.999
b3[15]	0.0186	0.00227	0.226	-0.441	0.0192	0.451	9993.0	2.48	0.999
b3[16]	0.512	0.00318	0.3	-0.0903	0.508	1.1	8908.0	2.21	1.0
b3[17]	0.406	0.00261	0.252	-0.107	0.406	0.887	9267.0	2.3	1.0
b3[18]	1.01	0.00237	0.249	0.502	1.01	1.47	11023.0	2.74	1.0
b3[19]	0.801	0.00281	0.268	0.261	0.795	1.31	9057.0	2.25	1.0
b3[20]	0.71	0.00332	0.322	0.0602	0.715	1.31	9461.0	2.35	1.0
b3[21]	0.518	0.00242	0.238	0.0342	0.518	0.976	9668.0	2.4	1.0
b3[22]	0.993	0.00291	0.269	0.447	0.989	1.5	8551.0	2.12	1.0
b3[23]	0.249	0.0032	0.325	-0.419	0.243	0.869	10285.0	2.55	1.0
b3[24]	0.287	0.0025	0.241	-0.221	0.288	0.746	9247.0	2.3	0.999
b3[25]	0.858	0.00262	0.25	0.347	0.853	1.33	9096.0	2.26	1.0
b3[26]	0.507	0.0029	0.292	-0.099	0.508	1.07	10158.0	2.52	1.0
b3[27]	-0.118	0.00248	0.235	-0.624	-0.111	0.318	8968.0	2.23	1.0
b3[28]	0.0652	0.00258	0.237	-0.415	0.0606	0.514	8430.0	2.09	1.0
b3[29]	-0.36	0.00277	0.269	-0.933	-0.354	0.142	9440.0	2.34	0.999
b3[30]	0.00172	0.00291	0.265	-0.546	0.00729	0.504	8288.0	2.06	1.0
b3[31]	0.476	0.00269	0.265	-0.0587	0.474	0.976	9676.0	2.4	1.0
b3[32]	0.436	0.00247	0.233	-0.047	0.434	0.868	8908.0	2.21	0.999
b3[33]	0.623	0.00311	0.291	0.0295	0.624	1.18	8756.0	2.17	1.0
b3[34]	0.535	0.00277	0.264	-0.0205	0.535	1.03	9058.0	2.25	0.999
b3[35]	0.871	0.00277	0.279	0.307	0.867	1.4	10083.0	2.5	1.0
b3[36]	0.107	0.00309	0.289	-0.486	0.104	0.657	8727.0	2.17	1.0
b3[37]	0.6	0.00318	0.308	-0.0339	0.599	1.19	9363.0	2.32	0.999
b3[38]	0.877	0.00303	0.298	0.266	0.874	1.45	9721.0	2.41	0.999
b3[39]	0.502	0.00366	0.332	-0.182	0.501	1.13	8186.0	2.03	0.999
b3[40]	0.312	0.003	0.281	-0.26	0.313	0.842	8807.0	2.19	1.0
b3[41]	0.0802	0.00257	0.253	-0.439	0.0824	0.551	9684.0	2.4	1.0
b3[42]	0.728	0.00283	0.28	0.154	0.724	1.26	9806.0	2.43	0.999
b3[43]	0.619	0.00255	0.229	0.162	0.614	1.06	8110.0	2.01	0.999
b3[44]	0.0935	0.00243	0.236	-0.403	0.0945	0.552	9451.0	2.35	1.0
b3[45]	0.791	0.00313	0.288	0.216	0.793	1.34	8491.0	2.11	1.0
b3[46]	0.723	0.00285	0.277	0.178	0.716	1.25	9491.0	2.36	1.0
b3[47]	0.607	0.00248	0.249	0.0962	0.607	1.07	10116.0	2.51	1.0
b3[48]	0.424	0.00269	0.254	-0.108	0.42	0.909	8900.0	2.21	0.999
b3[49]	0.118	0.00301	0.272	-0.437	0.116	0.636	8188.0	2.03	1.0
b3[50]	0.501	0.00237	0.23	0.0213	0.502	0.932	9404.0	2.33	1.0
b3[51]	0.859	0.00264	0.261	0.339	0.855	1.35	9802.0	2.43	0.999
b3[52]	0.534	0.00325	0.306	-0.0573	0.528	1.12	8831.0	2.19	1.0
b3[53]	0.617	0.00272	0.25	0.121	0.613	1.09	8468.0	2.1	1.0
b3[54]	1.29	0.00266	0.247	0.79	1.29	1.75	8637.0	2.14	1.0
b3[55]	-0.0238	0.00341	0.331	-0.725	-0.0195	0.587	9432.0	2.34	1.0
b3[56]	0.492	0.00264	0.249	-0.0127	0.491	0.964	8919.0	2.21	1.0
b3[57]	1.29	0.00259	0.253	0.792	1.29	1.78	9551.0	2.37	1.0
b3[58]	0.408	0.00252	0.245	-0.0982	0.405	0.865	9414.0	2.34	0.999
b3[59]	0.00879	0.00244	0.233	-0.466	0.0125	0.449	9112.0	2.26	1.0
b3[60]	0.514	0.00362	0.345	-0.194	0.52	1.16	9122.0	2.27	1.0
b3[61]	0.664	0.00307	0.313	0.0159	0.663	1.26	10374.0	2.58	1.0
b3[62]	0.962	0.00271	0.249	0.454	0.96	1.44	8395.0	2.08	0.999
b3[63]	0.354	0.00271	0.253	-0.163	0.351	0.828	8736.0	2.17	1.0
b3[64]	1.01	0.00287	0.268	0.472	1.01	1.52	8690.0	2.16	1.0
b3[65]	0.916	0.00315	0.299	0.332	0.911	1.5	9048.0	2.25	1.0
b3[66]	0.708	0.00282	0.27	0.176	0.706	1.22	9170.0	2.28	0.999
b3[67]	0.716	0.0033	0.306	0.105	0.715	1.28	8583.0	2.13	1.0
b3[68]	0.468	0.00294	0.298	-0.143	0.467	1.03	10240.0	2.54	1.0
b3[69]	-0.0565	0.00326	0.311	-0.7	-0.0547	0.519	9066.0	2.25	1.0
b3[70]	0.671	0.00284	0.279	0.11	0.665	1.2	9668.0	2.4	0.999
b3[71]	0.635	0.00287	0.275	0.0674	0.633	1.16	9192.0	2.28	1.0
b3[72]	-0.167	0.00353	0.349	-0.901	-0.159	0.478	9802.0	2.43	0.999
b3[73]	0.663	0.00354	0.329	-0.00942	0.658	1.29	8629.0	2.14	1.0
b3[74]	0.739	0.00263	0.265	0.204	0.736	1.23	10203.0	2.53	1.0
b3[75]	0.647	0.00245	0.237	0.176	0.645	1.1	9377.0	2.33	1.0
b3[76]	0.797	0.00358	0.351	0.0963	0.788	1.47	9627.0	2.39	0.999
b3[77]	0.962	0.0028	0.266	0.431	0.954	1.48	9046.0	2.25	1.0
b3[78]	0.424	0.00255	0.255	-0.0951	0.428	0.892	10049.0	2.5	0.999
b3[79]	0.182	0.00284	0.295	-0.426	0.181	0.748	10737.0	2.67	0.999
b3[80]	-0.315	0.00281	0.26	-0.845	-0.314	0.168	8591.0	2.13	1.0
b3[81]	1.39	0.00312	0.271	0.845	1.39	1.92	7514.0	1.87	1.0
b3[82]	1.05	0.00316	0.3	0.441	1.04	1.64	8998.0	2.23	1.0
b3[83]	1.77	0.003	0.262	1.24	1.77	2.26	7620.0	1.89	1.0
b3[84]	0.302	0.00253	0.244	-0.198	0.302	0.761	9326.0	2.32	1.0
b3[85]	0.983	0.00352	0.359	0.26	0.973	1.68	10357.0	2.57	1.0
b3[86]	-0.0112	0.00274	0.261	-0.561	-0.00605	0.462	9032.0	2.24	1.0
b3[87]	0.176	0.0024	0.245	-0.326	0.173	0.643	10411.0	2.59	0.999
b3[88]	0.451	0.00299	0.281	-0.119	0.449	0.991	8825.0	2.19	1.0
b3[89]	0.387	0.00247	0.235	-0.0841	0.386	0.832	9083.0	2.26	1.0
b3[90]	0.575	0.00324	0.311	-0.0634	0.575	1.16	9236.0	2.29	1.0
b3[91]	1.16	0.00297	0.264	0.626	1.15	1.67	7910.0	1.96	1.0
b3[92]	0.646	0.00322	0.302	0.0264	0.645	1.22	8848.0	2.2	1.0
b3[93]	0.579	0.00304	0.292	-0.0194	0.579	1.13	9245.0	2.3	1.0
b3[94]	0.576	0.00262	0.241	0.102	0.57	1.04	8477.0	2.1	1.0
b3[95]	0.239	0.00245	0.234	-0.232	0.241	0.679	9104.0	2.26	1.0
b3[96]	0.734	0.00276	0.263	0.214	0.734	1.26	9131.0	2.27	0.999
b3[97]	0.554	0.00272	0.26	0.0213	0.549	1.05	9145.0	2.27	0.999
b3[98]	0.382	0.0024	0.253	-0.138	0.381	0.854	11108.0	2.76	0.999
b3[99]	-0.0045	0.00328	0.298	-0.623	0.000225	0.562	8216.0	2.04	1.0
a1[1]	0.106	0.00166	0.115	0.0101	0.0627	0.413	4783.0	1.19	1.0
a1[2]	0.331	0.00164	0.119	0.096	0.329	0.562	5257.0	1.31	1.0
a1[3]	0.254	0.000555	0.054	0.15	0.252	0.361	9463.0	2.35	1.0
a1[4]	0.102	0.00188	0.119	0.00592	0.056	0.429	4002.0	0.994	1.0
a1[5]	0.189	0.00113	0.098	0.0536	0.172	0.416	7506.0	1.86	0.999
a1[6]	0.676	0.00111	0.0968	0.475	0.678	0.852	7655.0	1.9	1.0
a1[7]	0.274	0.0025	0.207	0.0396	0.205	0.742	6892.0	1.71	1.0
a1[8]	0.107	0.000555	0.0425	0.0476	0.0979	0.208	5864.0	1.46	1.0
a1[9]	0.234	0.000572	0.0536	0.134	0.231	0.339	8763.0	2.18	0.999
a1[10]	0.712	0.000901	0.0727	0.563	0.713	0.848	6502.0	1.61	1.0
a1[11]	0.156	0.000372	0.034	0.0958	0.153	0.228	8324.0	2.07	0.999
a1[12]	0.212	0.00179	0.143	0.0262	0.187	0.53	6366.0	1.58	1.0
a1[13]	0.262	0.00297	0.207	0.0221	0.203	0.711	4847.0	1.2	1.0
a1[14]	0.123	0.00057	0.0489	0.0534	0.113	0.236	7346.0	1.82	1.0
a1[15]	0.232	0.00318	0.207	0.01	0.168	0.693	4259.0	1.06	1.0
a1[16]	0.246	0.000861	0.0793	0.119	0.235	0.415	8492.0	2.11	1.0
a1[17]	0.0976	0.00118	0.0813	0.0199	0.0711	0.306	4780.0	1.19	1.0
a1[18]	0.0838	0.000902	0.0625	0.021	0.0639	0.239	4800.0	1.19	1.0
a1[19]	0.173	0.00102	0.089	0.0515	0.154	0.377	7635.0	1.9	1.0
a1[20]	0.259	0.000628	0.0572	0.149	0.256	0.372	8304.0	2.06	1.0
a1[21]	0.121	0.00151	0.102	0.0235	0.0867	0.393	4523.0	1.12	1.0
a1[22]	0.419	0.00135	0.12	0.182	0.414	0.65	7813.0	1.94	0.999
a1[23]	0.29	0.000817	0.0778	0.143	0.287	0.439	9063.0	2.25	1.0
a1[24]	0.0906	0.000702	0.0511	0.0306	0.0773	0.216	5299.0	1.32	1.0
a1[25]	0.434	0.00208	0.145	0.136	0.435	0.706	4867.0	1.21	0.999
a1[26]	0.178	0.000618	0.0595	0.0832	0.17	0.303	9272.0	2.3	1.0
a1[27]	0.145	0.00231	0.151	0.0137	0.086	0.565	4287.0	1.06	1.0
a1[28]	0.156	0.00256	0.17	0.00826	0.0873	0.611	4426.0	1.1	1.0
a1[29]	0.134	0.00192	0.129	0.0191	0.0884	0.485	4504.0	1.12	1.0
a1[30]	0.55	0.00157	0.128	0.263	0.555	0.776	6642.0	1.65	1.0
a1[31]	0.164	0.00105	0.0909	0.0484	0.143	0.379	7496.0	1.86	1.0
a1[32]	0.124	0.00168	0.121	0.0151	0.0818	0.445	5119.0	1.27	1.0
a1[33]	0.32	0.00107	0.107	0.134	0.312	0.541	9946.0	2.47	1.0
a1[34]	0.216	0.00113	0.107	0.0523	0.203	0.448	9098.0	2.26	0.999
a1[35]	0.11	0.000322	0.0314	0.0596	0.106	0.179	9530.0	2.37	1.0
a1[36]	0.148	0.000873	0.0689	0.0588	0.132	0.309	6243.0	1.55	1.0
a1[37]	0.268	0.000775	0.0797	0.125	0.263	0.429	10584.0	2.63	0.999
a1[38]	0.179	0.000701	0.0715	0.0747	0.167	0.343	10397.0	2.58	1.0
a1[39]	0.258	0.000531	0.0493	0.163	0.256	0.354	8628.0	2.14	1.0
a1[40]	0.654	0.00105	0.0957	0.451	0.657	0.831	8362.0	2.08	1.0
a1[41]	0.136	0.000918	0.0763	0.0398	0.12	0.318	6912.0	1.72	1.0
a1[42]	0.416	0.00154	0.128	0.16	0.416	0.656	6907.0	1.72	0.999
a1[43]	0.146	0.00191	0.141	0.0139	0.0947	0.512	5477.0	1.36	1.0
a1[44]	0.387	0.0034	0.208	0.0322	0.391	0.777	3757.0	0.933	1.0
a1[45]	0.106	0.000374	0.0341	0.0539	0.1	0.182	8311.0	2.06	1.0
a1[46]	0.136	0.00157	0.116	0.016	0.0976	0.425	5492.0	1.36	1.0
a1[47]	0.454	0.00263	0.187	0.0857	0.458	0.787	5076.0	1.26	0.999
a1[48]	0.263	0.00162	0.144	0.0532	0.241	0.582	7855.0	1.95	1.0
a1[49]	0.165	0.00112	0.0977	0.0376	0.144	0.387	7647.0	1.9	1.0
a1[50]	0.197	0.00265	0.186	0.01	0.134	0.648	4930.0	1.22	1.0
a1[51]	0.201	0.00109	0.101	0.0574	0.185	0.43	8600.0	2.14	1.0
a1[52]	0.319	0.000815	0.0724	0.174	0.318	0.458	7892.0	1.96	0.999
a1[53]	0.131	0.0024	0.145	0.0026	0.078	0.524	3655.0	0.908	1.0
a1[54]	0.0813	0.00116	0.0767	0.0135	0.0553	0.28	4358.0	1.08	1.0
a1[55]	0.215	0.000463	0.0424	0.136	0.213	0.301	8365.0	2.08	1.0
a1[56]	0.185	0.00116	0.104	0.0452	0.163	0.419	7962.0	1.98	1.0
a1[57]	0.101	0.00168	0.108	0.00868	0.0612	0.403	4138.0	1.03	1.0
a1[58]	0.0968	0.000998	0.0713	0.024	0.075	0.277	5103.0	1.27	1.0
a1[59]	0.278	0.00274	0.199	0.0199	0.244	0.703	5242.0	1.3	1.0
a1[60]	0.233	0.000462	0.0435	0.153	0.231	0.321	8867.0	2.2	1.0
a1[61]	0.374	0.000965	0.091	0.197	0.372	0.549	8898.0	2.21	1.0
a1[62]	0.293	0.00229	0.192	0.0325	0.263	0.703	6993.0	1.74	0.999
a1[63]	0.256	0.00167	0.148	0.0523	0.228	0.602	7915.0	1.97	1.0
a1[64]	0.115	0.00106	0.0812	0.0297	0.0905	0.321	5851.0	1.45	1.0
a1[65]	0.276	0.000864	0.082	0.123	0.271	0.442	9014.0	2.24	0.999
a1[66]	0.295	0.00106	0.104	0.111	0.289	0.506	9508.0	2.36	1.0
a1[67]	0.472	0.000927	0.0839	0.302	0.472	0.627	8185.0	2.03	0.999
a1[68]	0.19	0.00064	0.0607	0.0901	0.181	0.325	9001.0	2.23	1.0
a1[69]	0.317	0.000943	0.0814	0.162	0.314	0.475	7453.0	1.85	0.999
a1[70]	0.123	0.000594	0.0526	0.0511	0.113	0.243	7832.0	1.94	1.0
a1[71]	0.247	0.00138	0.124	0.0716	0.224	0.525	8109.0	2.01	1.0
a1[72]	0.217	0.00049	0.0447	0.135	0.214	0.304	8324.0	2.07	0.999
a1[73]	0.158	0.000329	0.0281	0.106	0.155	0.216	7293.0	1.81	1.0
a1[74]	0.299	0.00189	0.166	0.0678	0.273	0.651	7668.0	1.9	1.0
a1[75]	0.158	0.00251	0.163	0.0113	0.0919	0.579	4246.0	1.05	1.0
a1[76]	0.273	0.000541	0.0516	0.177	0.271	0.375	9106.0	2.26	1.0
a1[77]	0.326	0.00236	0.169	0.0496	0.319	0.66	5147.0	1.28	1.0
a1[78]	0.322	0.00226	0.167	0.0415	0.314	0.653	5462.0	1.36	1.0
a1[79]	0.392	0.00159	0.135	0.147	0.386	0.661	7276.0	1.81	0.999
a1[80]	0.46	0.00145	0.122	0.211	0.46	0.687	7104.0	1.76	1.0
a1[81]	0.13	0.00118	0.0932	0.03	0.102	0.366	6231.0	1.55	1.0
a1[82]	0.484	0.00115	0.108	0.276	0.477	0.699	8809.0	2.19	1.0
a1[83]	0.358	0.00356	0.221	0.0241	0.344	0.782	3850.0	0.956	1.0
a1[84]	0.217	0.00133	0.121	0.0514	0.193	0.491	8345.0	2.07	1.0
a1[85]	0.287	0.000559	0.0567	0.182	0.284	0.399	10294.0	2.56	1.0
a1[86]	0.371	0.00169	0.155	0.104	0.357	0.69	8455.0	2.1	1.0
a1[87]	0.361	0.00343	0.2	0.0311	0.36	0.746	3406.0	0.846	1.0
a1[88]	0.195	0.000676	0.0652	0.085	0.188	0.33	9320.0	2.31	0.999
a1[89]	0.114	0.0013	0.097	0.0208	0.081	0.373	5542.0	1.38	1.0
a1[90]	0.502	0.00107	0.102	0.292	0.502	0.691	8999.0	2.23	0.999
a1[91]	0.134	0.00209	0.137	0.0138	0.0832	0.498	4301.0	1.07	1.0
a1[92]	0.144	0.000382	0.0365	0.0808	0.14	0.22	9127.0	2.27	1.0
a1[93]	0.128	0.000335	0.0311	0.076	0.125	0.196	8605.0	2.14	1.0
a1[94]	0.473	0.00376	0.209	0.0479	0.491	0.819	3094.0	0.768	1.0
a1[95]	0.112	0.00198	0.133	0.00378	0.0563	0.476	4498.0	1.12	1.0
a1[96]	0.133	0.00113	0.0789	0.041	0.112	0.324	4864.0	1.21	1.0
a1[97]	0.119	0.000986	0.0805	0.028	0.0974	0.311	6667.0	1.66	1.0
a1[98]	0.451	0.00236	0.17	0.106	0.452	0.774	5192.0	1.29	0.999
a1[99]	0.264	0.00072	0.0706	0.137	0.261	0.409	9614.0	2.39	0.999
