# {'date': u'2017_feb_14_1514', 'frameRate': 99.784520448057989, 'expName': 'pavlovian', u'participant': u'13'}
subj,condition,session_index,induction,cardset,trial,time,cardnumber,trial_type,reward_type,response,RT,RT_in_frames,reward,won_if_correct,reward_sum
13,yoked,1,induction,6,0,38.5461286172,2,nogo,avoid,0,-1,-10,0,-10
13,yoked,1,induction,6,1,43.7273223422,3,go,win,0,-1,0,0,-10
13,yoked,1,induction,6,2,49.2091740763,4,nogo,win,1,0.591338503644,-1,0,-11
13,yoked,1,induction,6,3,54.721091991,1,go,avoid,1,0.44101241192,-11,0,-22
13,yoked,1,induction,6,4,60.2129630014,3,go,win,0,-1,10,1,-12
13,yoked,1,induction,6,5,65.5444948211,3,go,win,0,-1,0,0,-12
13,yoked,1,induction,6,6,70.8259099466,3,go,win,0,-1,10,1,-2
13,yoked,1,induction,6,7,76.5482887236,4,nogo,win,0,-1,10,1,8
13,yoked,1,induction,6,8,81.8998546779,4,nogo,win,0,-1,0,0,8
13,yoked,1,induction,6,9,87.4719008851,1,go,avoid,1,0.280666743143,-1,1,7
13,yoked,1,induction,6,10,92.9738282782,3,go,win,0,-1,10,1,17
13,yoked,1,induction,6,11,98.3454080064,4,nogo,win,1,0.751757206384,-1,0,16
13,yoked,1,induction,6,12,103.787178659,1,go,avoid,1,0.71159135002,-11,0,5
13,yoked,1,induction,6,13,108.958360879,1,go,avoid,1,0.46105711487,-11,0,-6
13,yoked,1,induction,6,14,114.580516304,3,go,win,0,-1,10,1,4
13,yoked,1,induction,6,15,119.761717858,4,nogo,win,0,-1,10,1,14
13,yoked,1,induction,6,16,125.353810052,2,nogo,avoid,1,0.390912845432,-11,0,3
13,yoked,1,induction,6,17,130.665300787,2,nogo,avoid,1,0.380884444388,-1,1,2
13,yoked,1,induction,6,18,136.097040587,4,nogo,win,0,-1,0,0,2
13,yoked,1,induction,6,19,141.258197423,1,go,avoid,1,0.441019714119,-11,0,-9
13,yoked,1,induction,6,20,146.569717815,4,nogo,win,1,0.491125027926,9,1,0
13,yoked,1,induction,6,21,152.04151528,3,go,win,0,-1,0,0,0
13,yoked,1,induction,6,22,157.353007663,4,nogo,win,0,-1,10,1,10
13,yoked,1,induction,6,23,163.035409175,3,go,win,0,-1,0,0,10
13,yoked,1,induction,6,24,168.326728579,1,go,avoid,1,0.461053021671,-1,1,9
13,yoked,1,induction,6,25,173.50793532,2,nogo,avoid,1,0.330775993763,-11,0,-2
13,yoked,1,induction,6,26,178.879562883,2,nogo,avoid,0,-1,0,1,-2
13,yoked,1,induction,6,27,184.321314198,2,nogo,avoid,0,-1,-10,0,-12
13,yoked,1,induction,6,28,189.78313002,4,nogo,win,0,-1,0,0,-12
13,yoked,1,induction,6,29,194.984379596,2,nogo,avoid,1,0.410950574002,-1,1,-13
13,yoked,1,induction,6,30,200.516340593,3,go,win,0,-1,0,0,-13
13,yoked,1,induction,6,31,205.687521989,1,go,avoid,0,-1,-10,0,-23
13,yoked,1,induction,6,32,210.858703629,1,go,avoid,1,0.390907025932,-11,0,-34
13,yoked,1,induction,6,33,216.150148391,1,go,avoid,1,0.400925499245,-1,1,-35
13,yoked,1,induction,6,34,221.391480752,4,nogo,win,0,-1,10,1,-25
13,yoked,1,induction,6,35,226.702964401,4,nogo,win,0,-1,0,0,-25
13,yoked,1,induction,6,36,232.264995728,1,go,avoid,1,0.571304050234,-11,0,-36
13,yoked,1,induction,6,37,237.796985883,1,go,avoid,1,0.431600910841,-1,1,-37
13,yoked,1,induction,6,38,243.008230117,2,nogo,avoid,1,0.461056991564,-1,1,-38
13,yoked,1,induction,6,39,248.309689837,2,nogo,avoid,1,0.400927237573,-1,1,-39
13,yoked,1,induction,6,40,253.831634186,2,nogo,avoid,1,0.411631073417,-1,1,-40
13,yoked,1,induction,6,41,259.263376395,2,nogo,avoid,1,0.601363238555,-11,0,-51
13,yoked,1,induction,6,42,264.374438335,2,nogo,avoid,1,0.47107629494,-11,0,-62
13,yoked,1,induction,6,43,270.046731964,1,go,avoid,1,0.461060447171,-11,0,-73
13,yoked,1,induction,6,44,275.608726895,3,go,win,0,-1,0,0,-73
13,yoked,1,induction,6,45,280.86008159,1,go,avoid,1,0.451030094264,-1,1,-74
13,yoked,1,induction,6,46,286.14150298,4,nogo,win,0,-1,0,0,-74
13,yoked,1,induction,6,47,291.47303547,1,go,avoid,1,0.410947677788,-1,1,-75
13,yoked,1,induction,6,48,296.804568012,1,go,avoid,1,0.420972325479,-11,0,-86
13,yoked,1,induction,6,49,302.035879848,2,nogo,avoid,1,0.922051418245,-1,1,-87
13,yoked,1,induction,6,50,307.297257043,1,go,avoid,0,-1,-10,0,-97
13,yoked,1,induction,6,51,312.849259365,3,go,win,0,-1,0,0,-97
13,yoked,1,induction,6,52,318.321092536,4,nogo,win,0,-1,10,1,-87
13,yoked,1,induction,6,53,324.03344979,3,go,win,0,-1,10,1,-77
13,yoked,1,induction,6,54,329.46519855,1,go,avoid,1,0.441021133651,-11,0,-88
13,yoked,1,induction,6,55,334.656412814,3,go,win,0,-1,0,0,-88
13,yoked,1,induction,6,56,339.877714261,2,nogo,avoid,1,0.360843037655,-1,1,-89
13,yoked,1,induction,6,57,345.289412721,3,go,win,0,-1,10,1,-79
13,yoked,1,induction,6,58,350.560814567,1,go,avoid,1,0.461061232127,-11,0,-90
13,yoked,1,induction,6,59,355.711950611,3,go,win,0,-1,0,0,-90
13,yoked,1,induction,6,60,361.213851319,2,nogo,avoid,1,0.441043470302,-11,0,-101
13,yoked,1,induction,6,61,366.825991762,1,go,avoid,1,0.561271261256,-11,0,-112
13,yoked,1,induction,6,62,372.047283449,4,nogo,win,0,-1,0,0,-112
13,yoked,1,induction,6,63,377.428922697,3,go,win,0,-1,0,0,-112
13,yoked,1,induction,6,64,382.880715922,3,go,win,0,-1,0,0,-112
13,yoked,1,induction,6,65,388.262351044,2,nogo,avoid,1,0.481103932081,-1,1,-113
13,yoked,1,induction,6,66,393.974704448,2,nogo,avoid,1,0.420976021691,-1,1,-114
13,yoked,1,induction,6,67,399.496660409,3,go,win,0,-1,0,0,-114
13,yoked,1,induction,6,68,404.607697188,4,nogo,win,0,-1,10,1,-104
13,yoked,1,induction,6,69,410.069511936,2,nogo,avoid,1,0.420977522426,-11,0,-115
13,yoked,1,induction,6,70,415.350932138,2,nogo,avoid,1,0.451039399446,-1,1,-116
13,yoked,1,induction,6,71,420.702507383,2,nogo,avoid,1,0.731641701041,-1,1,-117
13,yoked,1,induction,6,72,426.214422847,1,go,avoid,1,0.34079552571,-11,0,-128
13,yoked,1,induction,6,73,431.736368759,4,nogo,win,0,-1,10,1,-118
13,yoked,1,induction,6,74,437.318437996,4,nogo,win,0,-1,10,1,-108
13,yoked,1,induction,6,75,442.700077557,3,go,win,0,-1,0,0,-108
13,yoked,1,induction,6,76,448.201976851,4,nogo,win,1,0.280665022859,9,1,-99
13,yoked,1,induction,6,77,453.593637173,3,go,win,0,-1,0,0,-99
13,yoked,1,induction,6,78,458.814927513,4,nogo,win,0,-1,0,0,-99
13,yoked,1,induction,6,79,464.366934073,4,nogo,win,0,-1,10,1,-89
13,yoked,2,exp,9,0,736.485327859,2,go,avoid,0,-1,-10,1,-10
13,yoked,2,exp,9,1,741.917071913,1,nogo,avoid,0,-1,0,1,-10
13,yoked,2,exp,9,2,747.579324157,3,go,win,1,0.601358519798,9,1,-1
13,yoked,2,exp,9,3,753.001043535,4,nogo,win,0,-1,10,1,9
13,yoked,2,exp,9,4,758.673312174,3,go,win,1,0.531208758679,-1,0,8
13,yoked,2,exp,9,5,764.105054637,1,nogo,avoid,1,0.541249616759,-11,1,-3
13,yoked,2,exp,9,6,769.516761551,2,go,avoid,1,0.451073531487,-1,1,-4
13,yoked,2,exp,9,7,774.657878132,2,go,avoid,1,0.461056841188,-1,1,-5
13,yoked,2,exp,9,8,779.899217574,2,go,avoid,1,0.350896145683,-1,1,-6
13,yoked,2,exp,9,9,785.381088394,3,go,win,0,-1,0,1,-6
13,yoked,2,exp,9,10,790.872944944,1,nogo,avoid,0,-1,-10,0,-16
13,yoked,2,exp,9,11,796.214492928,4,nogo,win,1,0.491126642948,-1,1,-17
13,yoked,2,exp,9,12,801.696352096,3,go,win,1,0.581318839362,-1,0,-18
13,yoked,2,exp,9,13,806.927691105,1,nogo,avoid,1,0.501142346358,-11,1,-29
13,yoked,2,exp,9,14,812.229122209,1,nogo,avoid,0,-1,0,1,-29
13,yoked,2,exp,9,15,817.570680144,3,go,win,0,-1,0,1,-29
13,yoked,2,exp,9,16,822.932273455,2,go,avoid,1,0.46106197498,-1,1,-30
13,yoked,2,exp,9,17,828.444194886,4,nogo,win,0,-1,10,1,-20
13,yoked,2,exp,9,18,833.865918977,2,go,avoid,1,0.46106945461,-1,1,-21
13,yoked,2,exp,9,19,839.117278496,2,go,avoid,1,0.491120200899,-1,1,-22
13,yoked,2,exp,9,20,844.569065388,2,go,avoid,1,0.521198234172,-11,0,-33
13,yoked,2,exp,9,21,849.980772666,1,nogo,avoid,1,0.681535235359,-11,1,-44
13,yoked,2,exp,9,22,855.232125662,2,go,avoid,1,0.952119114769,-1,1,-45
13,yoked,2,exp,9,23,860.303087357,3,go,win,0,-1,10,0,-35
13,yoked,2,exp,9,24,865.8851602,3,go,win,0,-1,10,0,-25
13,yoked,2,exp,9,25,871.377044254,4,nogo,win,0,-1,10,1,-15
13,yoked,2,exp,9,26,876.999236297,4,nogo,win,0,-1,0,0,-15
13,yoked,2,exp,9,27,882.140311997,3,go,win,0,-1,0,1,-15
13,yoked,2,exp,9,28,887.542031358,2,go,avoid,1,0.330775966693,-11,0,-26
13,yoked,2,exp,9,29,892.803400996,4,nogo,win,0,-1,10,1,-16
13,yoked,2,exp,9,30,898.11486672,2,go,avoid,1,0.411038892042,-1,1,-17
13,yoked,2,exp,9,31,903.386266536,4,nogo,win,0,-1,10,1,-7
13,yoked,2,exp,9,32,908.587515533,2,go,avoid,1,0.401460390887,-1,1,-8
13,yoked,2,exp,9,33,914.279958504,3,go,win,0,-1,0,1,-8
13,yoked,2,exp,9,34,919.601331376,2,go,avoid,1,0.430993478465,-11,0,-19
13,yoked,2,exp,9,35,925.02308163,4,nogo,win,0,-1,0,0,-19
13,yoked,2,exp,9,36,930.48486886,4,nogo,win,0,-1,10,1,-9
13,yoked,2,exp,9,37,935.716181324,3,go,win,0,-1,0,1,-9
13,yoked,2,exp,9,38,941.057734336,4,nogo,win,0,-1,10,1,1
13,yoked,2,exp,9,39,946.349175249,2,go,avoid,1,0.37085939369,-1,1,0
13,yoked,2,exp,9,40,952.04148678,1,nogo,avoid,0,-1,0,1,0
13,yoked,2,exp,9,41,957.463216186,2,go,avoid,1,0.451049525676,-11,0,-11
13,yoked,2,exp,9,42,962.694524707,4,nogo,win,0,-1,0,0,-11
13,yoked,2,exp,9,43,968.37682376,4,nogo,win,0,-1,10,1,-1
13,yoked,2,exp,9,44,973.748432703,2,go,avoid,1,0.300711873155,-1,1,-2
13,yoked,2,exp,9,45,979.170159669,2,go,avoid,1,0.400978103302,-11,0,-13
13,yoked,2,exp,9,46,984.341337601,2,go,avoid,1,0.541243213807,-1,1,-14
13,yoked,2,exp,9,47,989.612738821,4,nogo,win,0,-1,10,1,-4
13,yoked,2,exp,9,48,995.214857101,1,nogo,avoid,0,-1,-10,0,-14
13,yoked,2,exp,9,49,1000.89714878,1,nogo,avoid,1,0.310744520775,-11,1,-25
13,yoked,2,exp,9,50,1006.04829108,2,go,avoid,1,0.430885443304,-1,1,-26
13,yoked,2,exp,9,51,1011.38984136,3,go,win,0,-1,10,0,-16
13,yoked,2,exp,9,52,1016.82158741,1,nogo,avoid,1,0.380885139119,-11,1,-27
13,yoked,2,exp,9,53,1022.09298381,4,nogo,win,0,-1,0,0,-27
13,yoked,2,exp,9,54,1027.69509976,1,nogo,avoid,1,0.310746671134,-11,1,-38
13,yoked,2,exp,9,55,1032.90637086,3,go,win,0,-1,0,1,-38
13,yoked,2,exp,9,56,1038.45838383,4,nogo,win,0,-1,10,1,-28
13,yoked,2,exp,9,57,1043.61954326,1,nogo,avoid,1,0.34079944748,-11,1,-39
13,yoked,2,exp,9,58,1049.22165665,1,nogo,avoid,0,-1,0,1,-39
13,yoked,2,exp,9,59,1054.7135816,1,nogo,avoid,0,-1,-10,0,-49
13,yoked,2,exp,9,60,1060.15530277,3,go,win,0,-1,0,1,-49
13,yoked,2,exp,9,61,1065.6972887,2,go,avoid,1,0.320769544411,-11,0,-60
13,yoked,2,exp,9,62,1071.27936263,4,nogo,win,0,-1,10,1,-50
13,yoked,2,exp,9,63,1076.53071897,3,go,win,0,-1,10,0,-40
13,yoked,2,exp,9,64,1081.80210454,4,nogo,win,0,-1,0,0,-40
13,yoked,2,exp,9,65,1087.15368968,4,nogo,win,0,-1,10,1,-30
13,yoked,2,exp,9,66,1092.48522724,3,go,win,0,-1,0,1,-30
13,yoked,2,exp,9,67,1097.64638614,1,nogo,avoid,1,0.330772559202,-11,1,-41
13,yoked,2,exp,9,68,1103.03804784,1,nogo,avoid,0,-1,0,1,-41
13,yoked,2,exp,9,69,1108.28939591,3,go,win,0,-1,10,0,-31
13,yoked,2,exp,9,70,1113.60089044,3,go,win,0,-1,0,1,-31
13,yoked,2,exp,9,71,1118.90235419,1,nogo,avoid,0,-1,0,1,-31
13,yoked,2,exp,9,72,1124.23388432,3,go,win,0,-1,0,1,-31
13,yoked,2,exp,9,73,1129.81595338,3,go,win,1,0.290698987767,9,1,-22
13,yoked,2,exp,9,74,1135.39802982,1,nogo,avoid,0,-1,0,1,-22
13,yoked,2,exp,9,75,1140.75962629,1,nogo,avoid,0,-1,0,1,-22
13,yoked,2,exp,9,76,1145.93080768,4,nogo,win,0,-1,10,1,-12
13,yoked,2,exp,9,77,1151.52290416,1,nogo,avoid,0,-1,-10,0,-22
13,yoked,2,exp,9,78,1156.9245844,4,nogo,win,0,-1,10,1,-12
13,yoked,2,exp,9,79,1162.2561112,3,go,win,0,-1,0,1,-12
13,yoked,3,exp,3,0,1591.66466255,3,nogo,win,0,-1,10,1,10
13,yoked,3,exp,3,1,1597.20665028,2,nogo,avoid,0,-1,0,1,10
13,yoked,3,exp,3,2,1602.38785483,3,nogo,win,0,-1,10,1,20
13,yoked,3,exp,3,3,1607.83964349,3,nogo,win,0,-1,0,0,20
13,yoked,3,exp,3,4,1613.29143179,3,nogo,win,0,-1,10,1,30
13,yoked,3,exp,3,5,1618.66304867,1,go,win,1,0.380953003198,9,1,39
13,yoked,3,exp,3,6,1623.70395044,1,go,win,1,0.320753114473,-1,0,38
13,yoked,3,exp,3,7,1629.13569589,2,nogo,avoid,0,-1,-10,0,28
13,yoked,3,exp,3,8,1634.49729241,3,nogo,win,0,-1,0,0,28
13,yoked,3,exp,3,9,1639.73862914,1,go,win,1,0.400928212002,9,1,37
13,yoked,3,exp,3,10,1645.36078766,3,nogo,win,0,-1,10,1,47
13,yoked,3,exp,3,11,1650.71236001,1,go,win,1,0.34079765802,-1,0,46
13,yoked,3,exp,3,12,1655.99378322,1,go,win,1,0.621405574602,9,1,55
13,yoked,3,exp,3,13,1661.51572637,3,nogo,win,0,-1,10,1,65
13,yoked,3,exp,3,14,1666.80716851,4,go,avoid,0,-1,-10,1,55
13,yoked,3,exp,3,15,1672.3391315,1,go,win,1,0.320756079862,-1,0,54
13,yoked,3,exp,3,16,1677.67066293,3,nogo,win,0,-1,10,1,64
13,yoked,3,exp,3,17,1682.82179865,3,nogo,win,0,-1,0,0,64
13,yoked,3,exp,3,18,1688.34375039,4,go,avoid,0,-1,0,0,64
13,yoked,3,exp,3,19,1693.90577541,2,nogo,avoid,1,0.461061584003,-1,0,63
13,yoked,3,exp,3,20,1699.41769432,2,nogo,avoid,1,0.631430832818,-11,1,52
13,yoked,3,exp,3,21,1704.74922554,3,nogo,win,0,-1,10,1,62
13,yoked,3,exp,3,22,1709.96049862,2,nogo,avoid,1,0.631431963637,-11,1,51
13,yoked,3,exp,3,23,1715.29202425,3,nogo,win,0,-1,10,1,61
13,yoked,3,exp,3,24,1720.51331982,3,nogo,win,0,-1,10,1,71
13,yoked,3,exp,3,25,1725.95508326,4,go,avoid,0,-1,0,0,71
13,yoked,3,exp,3,26,1731.66744281,2,nogo,avoid,0,-1,-10,0,61
13,yoked,3,exp,3,27,1736.92882253,3,nogo,win,0,-1,0,0,61
13,yoked,3,exp,3,28,1742.61110921,2,nogo,avoid,1,0.360841323385,-1,0,60
13,yoked,3,exp,3,29,1747.93262113,4,go,avoid,1,0.541227788373,-11,0,49
13,yoked,3,exp,3,30,1753.45455804,1,go,win,0,-1,0,1,49
13,yoked,3,exp,3,31,1758.71593886,2,nogo,avoid,1,0.451037910738,-11,1,38
13,yoked,3,exp,3,32,1764.21783499,1,go,win,1,0.501143738831,9,1,47
13,yoked,3,exp,3,33,1769.60949783,2,nogo,avoid,1,0.330778577198,-11,1,36
13,yoked,3,exp,3,34,1775.07130872,4,go,avoid,0,-1,-10,1,26
13,yoked,3,exp,3,35,1780.27257807,1,go,win,1,0.300735018816,9,1,35
13,yoked,3,exp,3,36,1785.87467752,1,go,win,1,0.29069943889,-1,0,34
13,yoked,3,exp,3,37,1791.12602848,4,go,avoid,1,0.741684520006,-1,1,33
13,yoked,3,exp,3,38,1796.45755598,2,nogo,avoid,0,-1,-10,0,23
13,yoked,3,exp,3,39,1802.14986362,1,go,win,1,0.551265711143,9,1,32
13,yoked,3,exp,3,40,1807.22083791,2,nogo,avoid,1,0.551859086496,-11,1,21
13,yoked,3,exp,3,41,1812.56238854,4,go,avoid,0,-1,-10,1,11
13,yoked,3,exp,3,42,1817.90393972,1,go,win,1,0.300706342372,9,1,20
13,yoked,3,exp,3,43,1823.13525741,3,nogo,win,0,-1,0,0,20
13,yoked,3,exp,3,44,1828.86764948,2,nogo,avoid,1,0.531209194767,-1,0,19
13,yoked,3,exp,3,45,1834.28937427,1,go,win,1,0.481118837215,9,1,28
13,yoked,3,exp,3,46,1839.38038621,3,nogo,win,0,-1,10,1,38
13,yoked,3,exp,3,47,1844.91235007,1,go,win,1,0.431014398586,9,1,47
13,yoked,3,exp,3,48,1850.33407443,3,nogo,win,0,-1,10,1,57
13,yoked,3,exp,3,49,1855.59545558,4,go,avoid,0,-1,-10,1,47
13,yoked,3,exp,3,50,1860.8668596,1,go,win,1,0.260622343954,9,1,56
13,yoked,3,exp,3,51,1866.29859853,4,go,avoid,1,0.511164359486,-11,0,45
13,yoked,3,exp,3,52,1871.57000588,2,nogo,avoid,1,0.471079543033,-11,1,34
13,yoked,3,exp,3,53,1876.78127352,1,go,win,1,0.320765370008,9,1,43
13,yoked,3,exp,3,54,1881.91237046,2,nogo,avoid,1,0.330769596825,-11,1,32
13,yoked,3,exp,3,55,1887.50449001,3,nogo,win,0,-1,0,0,32
13,yoked,3,exp,3,56,1893.0464472,1,go,win,1,0.521189753043,9,1,41
13,yoked,3,exp,3,57,1898.3880063,2,nogo,avoid,0,-1,0,1,41
13,yoked,3,exp,3,58,1903.95003283,2,nogo,avoid,0,-1,0,1,41
13,yoked,3,exp,3,59,1909.23144937,4,go,avoid,0,-1,-10,1,31
13,yoked,3,exp,3,60,1914.61309149,1,go,win,1,0.260624716866,9,1,40
13,yoked,3,exp,3,61,1920.0849318,4,go,avoid,1,0.861931008541,-1,1,39
13,yoked,3,exp,3,62,1925.44652227,4,go,avoid,1,0.280666812316,-1,1,38
13,yoked,3,exp,3,63,1930.82815794,4,go,avoid,1,0.410945010139,-1,1,37
13,yoked,3,exp,3,64,1935.97930145,2,nogo,avoid,0,-1,-10,0,27
13,yoked,3,exp,3,65,1941.65156617,1,go,win,1,0.420972743523,9,1,36
13,yoked,3,exp,3,66,1946.93298696,2,nogo,avoid,0,-1,0,1,36
13,yoked,3,exp,3,67,1952.2444727,4,go,avoid,1,0.43098798077,-1,1,35
13,yoked,3,exp,3,68,1957.64615159,4,go,avoid,1,0.541236546193,-1,1,34
13,yoked,3,exp,3,69,1963.14805659,3,nogo,win,0,-1,10,1,44
13,yoked,3,exp,3,70,1968.22904685,4,go,avoid,1,0.461719307674,-1,1,43
13,yoked,3,exp,3,71,1973.78107394,3,nogo,win,0,-1,10,1,53
13,yoked,3,exp,3,72,1979.27293558,2,nogo,avoid,0,-1,0,1,53
13,yoked,3,exp,3,73,1984.45413362,4,go,avoid,1,0.451043486628,-11,0,42
13,yoked,3,exp,3,74,1989.84579596,2,nogo,avoid,0,-1,-10,0,32
13,yoked,3,exp,3,75,1995.43788925,4,go,avoid,1,0.481095775762,-1,1,31
13,yoked,3,exp,3,76,2000.83956937,4,go,avoid,1,0.701581766858,-1,1,30
13,yoked,3,exp,3,77,2006.37153279,4,go,avoid,1,0.861939799444,-1,1,29
13,yoked,3,exp,3,78,2011.85341056,1,go,win,1,0.501154225956,-1,0,28
13,yoked,3,exp,3,79,2017.23502802,3,nogo,win,0,-1,10,1,38
13,yoked,4,induction,1,0,2194.33796281,2,go,win,0,-1,10,1,10
13,yoked,4,induction,1,1,2199.98016338,3,go,avoid,0,-1,0,1,10
13,yoked,4,induction,1,2,2205.41190732,4,nogo,avoid,1,0.501152938752,-1,1,9
13,yoked,4,induction,1,3,2210.57306842,2,go,win,0,-1,10,1,19
13,yoked,4,induction,1,4,2216.04489199,4,nogo,avoid,1,0.3307770133,-1,1,18
13,yoked,4,induction,1,5,2221.54679352,2,go,win,0,-1,10,1,28
13,yoked,4,induction,1,6,2226.92843282,3,go,avoid,0,-1,0,1,28
13,yoked,4,induction,1,7,2232.1697627,2,go,win,0,-1,0,0,28
13,yoked,4,induction,1,8,2237.4211214,4,nogo,avoid,1,0.541221502717,-11,0,17
13,yoked,4,induction,1,9,2242.85287061,1,nogo,win,1,0.85189799701,-1,0,16
13,yoked,4,induction,1,10,2248.27458508,1,nogo,win,0,-1,10,1,26
13,yoked,4,induction,1,11,2253.69631244,2,go,win,0,-1,10,1,36
13,yoked,4,induction,1,12,2258.98775918,4,nogo,avoid,1,0.511170693273,-11,0,25
13,yoked,4,induction,1,13,2264.47967059,1,nogo,win,0,-1,0,0,25
13,yoked,4,induction,1,14,2269.82118353,1,nogo,win,0,-1,0,0,25
13,yoked,4,induction,1,15,2275.47340615,4,nogo,avoid,0,-1,0,1,25
13,yoked,4,induction,1,16,2281.06549835,2,go,win,0,-1,10,1,35
13,yoked,4,induction,1,17,2286.42712342,4,nogo,avoid,0,-1,-10,0,25
13,yoked,4,induction,1,18,2291.96907685,2,go,win,0,-1,10,1,35
13,yoked,4,induction,1,19,2297.42086504,1,nogo,win,0,-1,10,1,45
13,yoked,4,induction,1,20,2302.72233107,2,go,win,0,-1,10,1,55
13,yoked,4,induction,1,21,2307.94362232,4,nogo,avoid,1,0.501140860659,-11,0,44
13,yoked,4,induction,1,22,2313.50564792,4,nogo,avoid,0,-1,0,1,44
13,yoked,4,induction,1,23,2319.01756937,1,nogo,win,0,-1,0,0,44
13,yoked,4,induction,1,24,2324.71989889,2,go,win,0,-1,0,0,44
13,yoked,4,induction,1,25,2330.17168852,2,go,win,0,-1,10,1,54
13,yoked,4,induction,1,26,2335.64352228,3,go,avoid,1,0.420972175103,-11,0,43
13,yoked,4,induction,1,27,2341.29574964,3,go,avoid,0,-1,-10,0,33
13,yoked,4,induction,1,28,2346.69742814,4,nogo,avoid,0,-1,0,1,33
13,yoked,4,induction,1,29,2351.89867368,3,go,avoid,1,0.320761318915,-11,0,22
13,yoked,4,induction,1,30,2357.17007403,4,nogo,avoid,0,-1,0,1,22
13,yoked,4,induction,1,31,2362.53166832,3,go,avoid,0,-1,0,1,22
13,yoked,4,induction,1,32,2367.81309493,3,go,avoid,0,-1,-10,0,12
13,yoked,4,induction,1,33,2372.87403545,2,go,win,0,-1,10,1,22
13,yoked,4,induction,1,34,2378.22560395,1,nogo,win,0,-1,0,0,22
13,yoked,4,induction,1,35,2383.74755356,4,nogo,avoid,0,-1,0,1,22
13,yoked,4,induction,1,36,2389.13920608,1,nogo,win,0,-1,0,0,22
13,yoked,4,induction,1,37,2394.81147433,4,nogo,avoid,0,-1,0,1,22
13,yoked,4,induction,1,38,2400.34344192,4,nogo,avoid,0,-1,0,1,22
13,yoked,4,induction,1,39,2405.56473427,3,go,avoid,0,-1,-10,0,12
13,yoked,4,induction,1,40,2410.92632539,2,go,win,0,-1,10,1,22
13,yoked,4,induction,1,41,2416.03737949,4,nogo,avoid,0,-1,-10,0,12
13,yoked,4,induction,1,42,2421.44908137,1,nogo,win,0,-1,0,0,12
13,yoked,4,induction,1,43,2426.66035065,3,go,avoid,0,-1,0,1,12
13,yoked,4,induction,1,44,2431.91170736,1,nogo,win,0,-1,0,0,12
13,yoked,4,induction,1,45,2437.49378128,3,go,avoid,0,-1,0,1,12
13,yoked,4,induction,1,46,2443.04578804,1,nogo,win,0,-1,0,0,12
13,yoked,4,induction,1,47,2448.4975793,1,nogo,win,0,-1,10,1,22
13,yoked,4,induction,1,48,2454.07964874,3,go,avoid,0,-1,-10,0,12
13,yoked,4,induction,1,49,2459.44124706,1,nogo,win,0,-1,0,0,12
13,yoked,4,induction,1,50,2464.95316785,3,go,avoid,1,0.110302300305,-1,1,11
13,yoked,4,induction,1,51,2470.32478022,4,nogo,avoid,1,0.27065132845,-1,1,10
13,yoked,4,induction,1,52,2475.9168733,2,go,win,0,-1,0,0,10
13,yoked,4,induction,1,53,2481.34862251,1,nogo,win,0,-1,0,0,10
13,yoked,4,induction,1,54,2487.07100139,3,go,avoid,1,0.350827355294,-11,0,-1
13,yoked,4,induction,1,55,2492.50274635,3,go,avoid,0,-1,0,1,-1
13,yoked,4,induction,1,56,2497.79418903,2,go,win,0,-1,0,0,-1
13,yoked,4,induction,1,57,2503.29608507,4,nogo,avoid,1,0.200498331273,-1,1,-2
13,yoked,4,induction,1,58,2508.77794116,3,go,avoid,0,-1,-10,0,-12
13,yoked,4,induction,1,59,2513.99923506,3,go,avoid,0,-1,-10,0,-22
13,yoked,4,induction,1,60,2519.24056672,3,go,avoid,1,0.300714561854,-11,0,-33
13,yoked,4,induction,1,61,2524.48190499,4,nogo,avoid,1,0.420965799221,-1,1,-34
13,yoked,4,induction,1,62,2529.71321548,4,nogo,avoid,0,-1,0,1,-34
13,yoked,4,induction,1,63,2535.11490074,3,go,avoid,1,0.320760314415,-11,0,-45
13,yoked,4,induction,1,64,2540.18586388,2,go,win,0,-1,10,1,-35
13,yoked,4,induction,1,65,2545.57752736,2,go,win,0,-1,10,1,-25
13,yoked,4,induction,1,66,2550.80883919,2,go,win,0,-1,10,1,-15
13,yoked,4,induction,1,67,2556.03013064,2,go,win,0,-1,0,0,-15
13,yoked,4,induction,1,68,2561.5220077,1,nogo,win,0,-1,0,0,-15
13,yoked,4,induction,1,69,2566.63305512,1,nogo,win,0,-1,10,1,-5
13,yoked,4,induction,1,70,2572.02475047,2,go,win,0,-1,10,1,5
13,yoked,4,induction,1,71,2577.45647,4,nogo,avoid,1,0.36083556704,-1,1,4
13,yoked,4,induction,1,72,2582.84813153,3,go,avoid,0,-1,-10,0,-6
13,yoked,4,induction,1,73,2588.43019927,2,go,win,0,-1,10,1,4
13,yoked,4,induction,1,74,2594.19266223,1,nogo,win,0,-1,10,1,14
13,yoked,4,induction,1,75,2599.81483589,1,nogo,win,0,-1,10,1,24
13,yoked,4,induction,1,76,2605.32674132,1,nogo,win,0,-1,0,0,24
13,yoked,4,induction,1,77,2610.60816265,4,nogo,avoid,1,0.551260135249,-11,0,13
13,yoked,4,induction,1,78,2615.76932529,3,go,avoid,0,-1,-10,0,3
13,yoked,4,induction,1,79,2620.88037915,1,nogo,win,0,-1,10,1,13
13,yoked,5,exp,2,0,2886.6350039,1,go,win,0,-1,0,1,0
13,yoked,5,exp,2,1,2892.12687527,1,go,win,0,-1,0,1,0
13,yoked,5,exp,2,2,2897.47845323,3,nogo,win,0,-1,0,0,0
13,yoked,5,exp,2,3,2902.69977381,3,nogo,win,1,0.340795940741,9,0,9
13,yoked,5,exp,2,4,2908.06134348,3,nogo,win,1,0.400928079674,-1,1,8
13,yoked,5,exp,2,5,2913.48305995,1,go,win,1,0.420971525487,9,1,17
13,yoked,5,exp,2,6,2919.13528072,1,go,win,1,0.300718537757,9,1,26
13,yoked,5,exp,2,7,2924.21626944,3,nogo,win,1,0.44101654422,-1,1,25
13,yoked,5,exp,2,8,2929.7081441,2,nogo,avoid,0,-1,0,1,25
13,yoked,5,exp,2,9,2934.88935542,3,nogo,win,1,0.47107626186,-1,1,24
13,yoked,5,exp,2,10,2940.3712068,4,go,avoid,0,-1,-10,1,14
13,yoked,5,exp,2,11,2945.88312624,3,nogo,win,0,-1,10,1,24
13,yoked,5,exp,2,12,2951.15452647,3,nogo,win,0,-1,0,0,24
13,yoked,5,exp,2,13,2956.43594745,1,go,win,1,0.320755090394,9,1,33
13,yoked,5,exp,2,14,2961.55702271,4,go,avoid,1,0.611374719443,-1,1,32
13,yoked,5,exp,2,15,2967.03887828,2,nogo,avoid,0,-1,-10,0,22
13,yoked,5,exp,2,16,2972.2301029,3,nogo,win,0,-1,0,0,22
13,yoked,5,exp,2,17,2977.4914855,2,nogo,avoid,1,0.320747523547,-11,1,11
13,yoked,5,exp,2,18,2982.56244842,3,nogo,win,0,-1,0,0,11
13,yoked,5,exp,2,19,2988.16455953,1,go,win,1,0.671519640218,9,1,20
13,yoked,5,exp,2,20,2993.78672136,1,go,win,1,0.451035597976,9,1,29
13,yoked,5,exp,2,21,2998.97794947,3,nogo,win,0,-1,0,0,29
13,yoked,5,exp,2,22,3004.48986563,2,nogo,avoid,0,-1,0,1,29
13,yoked,5,exp,2,23,3009.93163335,1,go,win,1,0.340809146644,9,1,38
13,yoked,5,exp,2,24,3015.17296468,4,go,avoid,1,0.451032725821,-11,0,27
13,yoked,5,exp,2,25,3020.60471683,2,nogo,avoid,0,-1,0,1,27
13,yoked,5,exp,2,26,3025.74582253,1,go,win,1,0.541232392847,-1,0,26
13,yoked,5,exp,2,27,3031.39805401,4,go,avoid,1,0.841880783839,-1,1,25
13,yoked,5,exp,2,28,3036.81978257,1,go,win,1,0.551255717244,-1,0,24
13,yoked,5,exp,2,29,3042.12126076,2,nogo,avoid,0,-1,0,1,24
13,yoked,5,exp,2,30,3047.67325343,3,nogo,win,0,-1,0,0,24
13,yoked,5,exp,2,31,3052.88452813,4,go,avoid,1,0.310724376588,-1,1,23
13,yoked,5,exp,2,32,3058.37640108,1,go,win,1,0.280667507046,9,1,32
13,yoked,5,exp,2,33,3063.97851449,4,go,avoid,1,0.541231216917,-1,1,31
13,yoked,5,exp,2,34,3069.34010918,4,go,avoid,1,0.531234301317,-1,1,30
13,yoked,5,exp,2,35,3074.43112245,2,nogo,avoid,0,-1,0,1,30
13,yoked,5,exp,2,36,3079.61232044,3,nogo,win,0,-1,0,0,30
13,yoked,5,exp,2,37,3084.77348697,1,go,win,0,-1,0,1,30
13,yoked,5,exp,2,38,3090.39564546,4,go,avoid,1,0.420971582629,-1,1,29
13,yoked,5,exp,2,39,3095.99775805,3,nogo,win,1,0.481777072164,-1,1,28
13,yoked,5,exp,2,40,3101.54976575,3,nogo,win,0,-1,10,1,38
13,yoked,5,exp,2,41,3106.83118709,2,nogo,avoid,1,0.441023022358,-11,1,27
13,yoked,5,exp,2,42,3111.94224176,2,nogo,avoid,0,-1,-10,0,17
13,yoked,5,exp,2,43,3117.10339387,2,nogo,avoid,0,-1,0,1,17
13,yoked,5,exp,2,44,3122.37479948,1,go,win,1,0.31073019308,9,1,26
13,yoked,5,exp,2,45,3127.60611341,4,go,avoid,1,0.441016508128,-11,0,15
13,yoked,5,exp,2,46,3132.97773664,1,go,win,1,0.78172790524,9,1,24
13,yoked,5,exp,2,47,3138.51972769,4,go,avoid,1,0.340806930122,-1,1,23
13,yoked,5,exp,2,48,3143.92142081,3,nogo,win,0,-1,10,1,33
13,yoked,5,exp,2,49,3149.47340684,4,go,avoid,1,0.541233637949,-11,0,22
13,yoked,5,exp,2,50,3154.97530514,2,nogo,avoid,0,-1,0,1,22
13,yoked,5,exp,2,51,3160.10640245,2,nogo,avoid,0,-1,0,1,22
13,yoked,5,exp,2,52,3165.768647,1,go,win,0,-1,0,1,22
13,yoked,5,exp,2,53,3171.03002563,2,nogo,avoid,0,-1,-10,0,12
13,yoked,5,exp,2,54,3176.27135416,2,nogo,avoid,0,-1,0,1,12
13,yoked,5,exp,2,55,3181.87347143,2,nogo,avoid,0,-1,-10,0,2
13,yoked,5,exp,2,56,3187.33529219,4,go,avoid,1,0.461067472675,-11,0,-9
13,yoked,5,exp,2,57,3192.5665971,3,nogo,win,0,-1,10,1,1
13,yoked,5,exp,2,58,3197.9382169,1,go,win,1,0.320760741477,9,1,10
13,yoked,5,exp,2,59,3202.97911948,1,go,win,1,0.360840580532,9,1,19
13,yoked,5,exp,2,60,3208.18037163,4,go,avoid,1,0.300709623545,-1,1,18
13,yoked,5,exp,2,61,3213.56200365,4,go,avoid,1,0.310724439747,-11,0,7
13,yoked,5,exp,2,62,3219.10398832,2,nogo,avoid,0,-1,0,1,7
13,yoked,5,exp,2,63,3224.60588867,2,nogo,avoid,0,-1,0,1,7
13,yoked,5,exp,2,64,3230.02761887,4,go,avoid,1,0.300712676155,-1,1,6
13,yoked,5,exp,2,65,3235.50946979,4,go,avoid,1,0.330905463328,-1,1,5
13,yoked,5,exp,2,66,3241.02139349,3,nogo,win,0,-1,10,1,15
13,yoked,5,exp,2,67,3246.12241822,2,nogo,avoid,0,-1,0,1,15
13,yoked,5,exp,2,68,3251.52410342,1,go,win,1,0.400924383463,9,1,24
13,yoked,5,exp,2,69,3256.66522137,3,nogo,win,0,-1,0,0,24
13,yoked,5,exp,2,70,3262.14707493,3,nogo,win,0,-1,0,0,24
13,yoked,5,exp,2,71,3267.57882654,2,nogo,avoid,0,-1,-10,0,14
13,yoked,5,exp,2,72,3272.72996254,1,go,win,0,-1,10,0,24
13,yoked,5,exp,2,73,3278.28197092,4,go,avoid,1,0.430991415327,-1,1,23
13,yoked,5,exp,2,74,3283.55337476,1,go,win,1,0.791775364767,-1,0,22
13,yoked,5,exp,2,75,3289.03523074,4,go,avoid,1,0.501146947823,-1,1,21
13,yoked,5,exp,2,76,3294.22645304,4,go,avoid,1,0.651473195932,-1,1,20
13,yoked,5,exp,2,77,3299.87867863,4,go,avoid,1,0.400932157831,-1,1,19
13,yoked,5,exp,2,78,3305.32044915,3,nogo,win,0,-1,0,0,19
13,yoked,5,exp,2,79,3310.81235383,2,nogo,avoid,0,-1,0,1,19
13,yoked,6,exp,4,0,3616.38304605,4,nogo,win,0,-1,0,0,0
13,yoked,6,exp,4,1,3621.86489881,3,go,win,0,-1,0,1,0
13,yoked,6,exp,4,2,3627.15633829,2,nogo,avoid,1,0.881968595757,-11,1,-11
13,yoked,6,exp,4,3,3632.7384134,3,go,win,0,-1,0,1,-11
13,yoked,6,exp,4,4,3637.86951023,1,go,avoid,1,0.581323497972,-1,1,-12
13,yoked,6,exp,4,5,3643.33132371,1,go,avoid,0,-1,-10,1,-22
13,yoked,6,exp,4,6,3648.73300279,4,nogo,win,0,-1,0,0,-22
13,yoked,6,exp,4,7,3654.40526859,4,nogo,win,1,0.330774977228,-1,1,-23
13,yoked,6,exp,4,8,3659.8169716,4,nogo,win,1,0.33077169906,-1,1,-24
13,yoked,6,exp,4,9,3665.08837389,1,go,avoid,1,0.35140783753,-1,1,-25
13,yoked,6,exp,4,10,3670.34974947,1,go,avoid,1,0.4510373333,-1,1,-26
13,yoked,6,exp,4,11,3675.90175774,3,go,win,1,0.390910902592,9,1,-17
13,yoked,6,exp,4,12,3681.4938495,2,nogo,avoid,1,0.621406452792,-11,1,-28
13,yoked,6,exp,4,13,3686.78528895,1,go,avoid,1,0.2305581662,-1,1,-29
13,yoked,6,exp,4,14,3692.00658071,2,nogo,avoid,0,-1,0,1,-29
13,yoked,6,exp,4,15,3697.31810404,3,go,win,1,0.350973396147,9,1,-20
13,yoked,6,exp,4,16,3702.74981346,3,go,win,1,0.380886312039,-1,0,-21
13,yoked,6,exp,4,17,3708.01119828,1,go,avoid,1,0.380880709079,-11,0,-32
13,yoked,6,exp,4,18,3713.14228877,4,nogo,win,0,-1,10,1,-22
13,yoked,6,exp,4,19,3718.74440435,1,go,avoid,1,0.340935350072,-1,1,-23
13,yoked,6,exp,4,20,3723.87549951,2,nogo,avoid,0,-1,0,1,-23
13,yoked,6,exp,4,21,3728.98654943,1,go,avoid,1,0.280673756617,-1,1,-24
13,yoked,6,exp,4,22,3734.3682412,1,go,avoid,1,0.531819625608,-1,1,-25
13,yoked,6,exp,4,23,3739.78991725,4,nogo,win,0,-1,10,1,-15
13,yoked,6,exp,4,24,3745.13147021,1,go,avoid,1,0.451039360349,-1,1,-16
13,yoked,6,exp,4,25,3750.40287088,2,nogo,avoid,0,-1,0,1,-16
13,yoked,6,exp,4,26,3755.65421846,1,go,avoid,1,0.300715449059,-1,1,-17
13,yoked,6,exp,4,27,3760.92561862,4,nogo,win,0,-1,10,1,-7
13,yoked,6,exp,4,28,3766.27719543,3,go,win,1,0.350822979395,9,1,2
13,yoked,6,exp,4,29,3771.84924338,4,nogo,win,0,-1,10,1,12
13,yoked,6,exp,4,30,3777.34112314,2,nogo,avoid,0,-1,-10,0,2
13,yoked,6,exp,4,31,3782.97330603,4,nogo,win,0,-1,10,1,12
13,yoked,6,exp,4,32,3788.51529141,1,go,avoid,1,0.471082631728,-1,1,11
13,yoked,6,exp,4,33,3794.09735794,1,go,avoid,1,0.410952119852,-1,1,10
13,yoked,6,exp,4,34,3799.5491535,2,nogo,avoid,0,-1,0,1,10
13,yoked,6,exp,4,35,3805.26150008,1,go,avoid,0,-1,-10,1,0
13,yoked,6,exp,4,36,3810.37255375,3,go,win,1,0.290681908209,9,1,9
13,yoked,6,exp,4,37,3815.65398035,4,nogo,win,0,-1,10,1,19
13,yoked,6,exp,4,38,3820.98551142,3,go,win,1,0.390902692136,-1,0,18
13,yoked,6,exp,4,39,3826.26692976,1,go,avoid,1,0.270647848782,-11,0,7
13,yoked,6,exp,4,40,3831.69867404,2,nogo,avoid,0,-1,0,1,7
13,yoked,6,exp,4,41,3837.3108117,3,go,win,1,0.290802099662,9,1,16
13,yoked,6,exp,4,42,3842.59223917,3,go,win,1,0.320752049822,9,1,25
13,yoked,6,exp,4,43,3848.05407609,4,nogo,win,0,-1,0,0,25
13,yoked,6,exp,4,44,3853.60604881,2,nogo,avoid,0,-1,0,1,25
13,yoked,6,exp,4,45,3858.81732126,3,go,win,1,0.281241568278,9,1,34
13,yoked,6,exp,4,46,3864.08872285,2,nogo,avoid,0,-1,0,1,34
13,yoked,6,exp,4,47,3869.38019076,2,nogo,avoid,0,-1,0,1,34
13,yoked,6,exp,4,48,3874.80190105,1,go,avoid,1,0.441012893123,-11,0,23
13,yoked,6,exp,4,49,3880.25367777,4,nogo,win,0,-1,10,1,33
13,yoked,6,exp,4,50,3885.87583897,4,nogo,win,0,-1,10,1,43
13,yoked,6,exp,4,51,3891.42787287,3,go,win,1,0.290695005842,9,1,52
13,yoked,6,exp,4,52,3896.89968333,2,nogo,avoid,0,-1,-10,0,42
13,yoked,6,exp,4,53,3902.3915558,3,go,win,1,0.641445149773,9,1,51
13,yoked,6,exp,4,54,3907.66295964,1,go,avoid,1,0.521191512427,-1,1,50
13,yoked,6,exp,4,55,3913.11474652,2,nogo,avoid,0,-1,0,1,50
13,yoked,6,exp,4,56,3918.48639631,4,nogo,win,0,-1,10,1,60
13,yoked,6,exp,4,57,3923.80787285,3,go,win,1,0.461062194525,-1,0,59
13,yoked,6,exp,4,58,3929.53025147,3,go,win,1,0.410968438511,9,1,68
13,yoked,6,exp,4,59,3935.14238675,2,nogo,avoid,0,-1,0,1,68
13,yoked,6,exp,4,60,3940.66432606,2,nogo,avoid,0,-1,0,1,68
13,yoked,6,exp,4,61,3946.15620682,4,nogo,win,0,-1,10,1,78
13,yoked,6,exp,4,62,3951.37751519,4,nogo,win,0,-1,10,1,88
13,yoked,6,exp,4,63,3956.61882849,3,go,win,1,0.210523285728,-1,0,87
13,yoked,6,exp,4,64,3961.89023033,2,nogo,avoid,0,-1,0,1,87
13,yoked,6,exp,4,65,3967.50237077,4,nogo,win,0,-1,0,0,87
13,yoked,6,exp,4,66,3972.76374602,1,go,avoid,1,0.390901780866,-1,1,86
13,yoked,6,exp,4,67,3978.0952722,4,nogo,win,0,-1,10,1,96
13,yoked,6,exp,4,68,3983.37669683,2,nogo,avoid,0,-1,-10,0,86
13,yoked,6,exp,4,69,3988.92870674,1,go,avoid,1,0.360971983911,-11,0,75
13,yoked,6,exp,4,70,3994.420581,3,go,win,1,0.340899804512,9,1,84
13,yoked,6,exp,4,71,3999.63185158,3,go,win,1,0.631438390647,-1,0,83
13,yoked,6,exp,4,72,4004.95336083,2,nogo,avoid,0,-1,0,1,83
13,yoked,6,exp,4,73,4010.4552597,2,nogo,avoid,0,-1,-10,0,73
13,yoked,6,exp,4,74,4015.89702506,4,nogo,win,0,-1,0,0,73
13,yoked,6,exp,4,75,4021.60938082,2,nogo,avoid,0,-1,-10,0,63
13,yoked,6,exp,4,76,4026.99102193,1,go,avoid,1,0.260630196521,-1,1,62
13,yoked,6,exp,4,77,4032.49291703,4,nogo,win,0,-1,10,1,72
13,yoked,6,exp,4,78,4038.01485868,3,go,win,1,0.430993707036,9,1,81
13,yoked,6,exp,4,79,4043.26621517,3,go,win,0,-1,0,1,81
13,yoked,7,induction,8,0,4212.09123823,3,nogo,win,0,-1,0,0,0
13,yoked,7,induction,8,1,4217.47290797,4,go,win,0,-1,0,0,0
13,yoked,7,induction,8,2,4222.75431924,3,nogo,win,1,0.280665040904,9,1,9
13,yoked,7,induction,8,3,4227.95554493,1,nogo,avoid,0,-1,0,1,9
13,yoked,7,induction,8,4,4233.32715747,1,nogo,avoid,1,0.320769345912,-1,1,8
13,yoked,7,induction,8,5,4238.73885883,3,nogo,win,1,0.300710546846,-1,0,7
13,yoked,7,induction,8,6,4244.28083867,3,nogo,win,0,-1,10,1,17
13,yoked,7,induction,8,7,4249.65245238,4,go,win,1,0.471078893414,9,1,26
13,yoked,7,induction,8,8,4255.17439701,2,go,avoid,0,-1,-10,0,16
13,yoked,7,induction,8,9,4260.69633589,2,go,avoid,1,0.390902421459,-11,0,5
13,yoked,7,induction,8,10,4266.23831698,4,go,win,0,-1,10,1,15
13,yoked,7,induction,8,11,4271.30928801,4,go,win,0,-1,10,1,25
13,yoked,7,induction,8,12,4276.80116433,3,nogo,win,1,0.62140422123,-1,0,24
13,yoked,7,induction,8,13,4282.0725611,4,go,win,0,-1,10,1,34
13,yoked,7,induction,8,14,4287.39406826,4,go,win,0,-1,10,1,44
13,yoked,7,induction,8,15,4292.74563705,3,nogo,win,1,0.631423413332,9,1,53
13,yoked,7,induction,8,16,4297.91681933,3,nogo,win,1,0.491124534696,9,1,62
13,yoked,7,induction,8,17,4303.02787456,2,go,avoid,0,-1,0,1,62
13,yoked,7,induction,8,18,4308.29927097,2,go,avoid,0,-1,0,1,62
13,yoked,7,induction,8,19,4313.54061122,1,nogo,avoid,1,0.461058194556,-1,1,61
13,yoked,7,induction,8,20,4319.05252736,2,go,avoid,0,-1,0,1,61
13,yoked,7,induction,8,21,4324.25376775,2,go,avoid,0,-1,0,1,61
13,yoked,7,induction,8,22,4329.48508337,1,nogo,avoid,0,-1,-10,0,51
13,yoked,7,induction,8,23,4334.57609813,2,go,avoid,0,-1,-10,0,41
13,yoked,7,induction,8,24,4340.15816326,1,nogo,avoid,1,0.320773523323,-11,0,30
13,yoked,7,induction,8,25,4345.21910993,3,nogo,win,1,0.481101348643,9,1,39
13,yoked,7,induction,8,26,4350.5305953,2,go,avoid,0,-1,0,1,39
13,yoked,7,induction,8,27,4356.04251613,2,go,avoid,0,-1,-10,0,29
13,yoked,7,induction,8,28,4361.59451679,4,go,win,0,-1,0,0,29
13,yoked,7,induction,8,29,4366.95611677,1,nogo,avoid,1,0.571309911837,-1,1,28
13,yoked,7,induction,8,30,4372.22751292,4,go,win,0,-1,0,0,28
13,yoked,7,induction,8,31,4377.70936914,3,nogo,win,1,0.932081846342,9,1,37
13,yoked,7,induction,8,32,4383.03087972,1,nogo,avoid,1,0.391588899776,-11,0,26
13,yoked,7,induction,8,33,4388.44258128,3,nogo,win,1,0.360833669314,9,1,35
13,yoked,7,induction,8,34,4393.96452236,2,go,avoid,0,-1,0,1,35
13,yoked,7,induction,8,35,4399.46642225,1,nogo,avoid,0,-1,-10,0,25
13,yoked,7,induction,8,36,4404.66769068,1,nogo,avoid,0,-1,-10,0,15
13,yoked,7,induction,8,37,4410.06935065,3,nogo,win,1,0.350819150855,-1,0,14
13,yoked,7,induction,8,38,4415.77168017,2,go,avoid,0,-1,0,1,14
13,yoked,7,induction,8,39,4421.45396855,4,go,win,0,-1,0,0,14
13,yoked,7,induction,8,40,4426.93582367,1,nogo,avoid,1,0.531208136126,-11,0,3
13,yoked,7,induction,8,41,4432.08695291,2,go,avoid,0,-1,0,1,3
13,yoked,7,induction,8,42,4437.51870974,3,nogo,win,1,0.40093870815,9,1,12
13,yoked,7,induction,8,43,4442.91036843,3,nogo,win,0,-1,0,0,12
13,yoked,7,induction,8,44,4448.20180599,4,go,win,0,-1,0,0,12
13,yoked,7,induction,8,45,4453.87407719,4,go,win,0,-1,0,0,12
13,yoked,7,induction,8,46,4459.42608597,4,go,win,0,-1,10,1,22
13,yoked,7,induction,8,47,4464.56720362,1,nogo,avoid,0,-1,0,1,22
13,yoked,7,induction,8,48,4469.92879793,1,nogo,avoid,0,-1,-10,0,12
13,yoked,7,induction,8,49,4475.1901738,1,nogo,avoid,0,-1,0,1,12
13,yoked,7,induction,8,50,4480.57181182,2,go,avoid,0,-1,-10,0,2
13,yoked,7,induction,8,51,4485.923386,1,nogo,avoid,0,-1,0,1,2
13,yoked,7,induction,8,52,4491.31504315,1,nogo,avoid,0,-1,0,1,2
13,yoked,7,induction,8,53,4496.94722489,3,nogo,win,1,0.280702255623,-1,0,1
13,yoked,7,induction,8,54,4502.18856031,1,nogo,avoid,0,-1,0,1,1
13,yoked,7,induction,8,55,4507.57020156,3,nogo,win,1,0.771728033273,-1,0,0
13,yoked,7,induction,8,56,4512.84160103,2,go,avoid,0,-1,0,1,0
13,yoked,7,induction,8,57,4517.97269634,4,go,win,0,-1,0,0,0
13,yoked,7,induction,8,58,4523.34431066,3,nogo,win,1,0.501144262136,9,1,9
13,yoked,7,induction,8,59,4528.63575352,2,go,avoid,0,-1,0,1,9
13,yoked,7,induction,8,60,4534.04746022,1,nogo,avoid,0,-1,0,1,9
13,yoked,7,induction,8,61,4539.24870623,1,nogo,avoid,0,-1,0,1,9
13,yoked,7,induction,8,62,4544.3497344,3,nogo,win,1,0.330781106499,9,1,18
13,yoked,7,induction,8,63,4549.86165973,2,go,avoid,0,-1,0,1,18
13,yoked,7,induction,8,64,4555.05291386,1,nogo,avoid,0,-1,0,1,18
13,yoked,7,induction,8,65,4560.73517003,2,go,avoid,0,-1,0,1,18
13,yoked,7,induction,8,66,4566.026613,4,go,win,1,0.801781997579,9,1,27
13,yoked,7,induction,8,67,4571.2378804,4,go,win,1,0.280674364127,9,1,36
13,yoked,7,induction,8,68,4576.74980174,2,go,avoid,0,-1,0,1,36
13,yoked,7,induction,8,69,4582.22163772,2,go,avoid,0,-1,-10,0,26
13,yoked,7,induction,8,70,4587.77364498,2,go,avoid,0,-1,0,1,26
13,yoked,7,induction,8,71,4593.22542954,4,go,win,1,0.270767694372,-1,0,25
13,yoked,7,induction,8,72,4598.53692396,1,nogo,avoid,0,-1,0,1,25
13,yoked,7,induction,8,73,4603.8584289,3,nogo,win,1,0.410949906338,9,1,34
13,yoked,7,induction,8,74,4609.04965774,4,go,win,1,0.420970590156,9,1,43
13,yoked,7,induction,8,75,4614.27095234,4,go,win,1,0.370864073349,-1,0,42
13,yoked,7,induction,8,76,4619.78287038,4,go,win,1,0.310736268217,-1,0,41
13,yoked,7,induction,8,77,4624.92398346,3,nogo,win,1,0.571292892437,9,1,50
13,yoked,7,induction,8,78,4630.44592759,3,nogo,win,1,0.561280109301,9,1,59
13,yoked,7,induction,8,79,4635.98791142,4,go,win,1,0.461058441171,-1,0,58
13,yoked,8,exp,7,0,5193.7439775,2,nogo,win,0,-1,10,1,10
13,yoked,8,exp,7,1,5199.19576797,4,go,win,0,-1,0,1,10
13,yoked,8,exp,7,2,5204.28677601,4,go,win,1,0.29068597735,-1,0,9
13,yoked,8,exp,7,3,5209.92897932,1,go,avoid,0,-1,0,0,9
13,yoked,8,exp,7,4,5215.29057626,1,go,avoid,1,0.801793651612,-1,1,8
13,yoked,8,exp,7,5,5220.65216939,2,nogo,win,0,-1,0,0,8
13,yoked,8,exp,7,6,5225.82335613,4,go,win,1,0.491122212916,9,1,17
13,yoked,8,exp,7,7,5231.26512034,1,go,avoid,1,0.501290760123,-1,1,16
13,yoked,8,exp,7,8,5236.49643423,2,nogo,win,0,-1,10,1,26
13,yoked,8,exp,7,9,5242.20878295,2,nogo,win,0,-1,10,1,36
13,yoked,8,exp,7,10,5247.56035452,4,go,win,1,0.310731200592,9,1,45
13,yoked,8,exp,7,11,5252.69145476,2,nogo,win,0,-1,0,0,45
13,yoked,8,exp,7,12,5257.95283255,3,nogo,avoid,0,-1,0,1,45
13,yoked,8,exp,7,13,5263.37456079,1,go,avoid,0,-1,0,0,45
13,yoked,8,exp,7,14,5268.81635654,2,nogo,win,0,-1,0,0,45
13,yoked,8,exp,7,15,5274.12781018,1,go,avoid,0,-1,-10,1,35
13,yoked,8,exp,7,16,5279.38919243,3,nogo,avoid,1,0.260632903264,-11,1,24
13,yoked,8,exp,7,17,5284.51026344,4,go,win,1,0.280691957963,9,1,33
13,yoked,8,exp,7,18,5289.93199276,3,nogo,avoid,1,0.561278942394,-11,1,22
13,yoked,8,exp,7,19,5295.26352443,1,go,avoid,1,0.310734060717,-11,0,11
13,yoked,8,exp,7,20,5300.6050713,1,go,avoid,0,-1,-10,1,1
13,yoked,8,exp,7,21,5305.96666781,2,nogo,win,0,-1,10,1,11
13,yoked,8,exp,7,22,5311.18796183,1,go,avoid,1,0.521185229773,-1,1,10
13,yoked,8,exp,7,23,5316.55957318,1,go,avoid,1,0.541236251462,-1,1,9
13,yoked,8,exp,7,24,5322.04142614,1,go,avoid,1,0.501137332871,-11,0,-2
13,yoked,8,exp,7,25,5327.69365328,2,nogo,win,0,-1,10,1,8
13,yoked,8,exp,7,26,5333.01516184,1,go,avoid,0,-1,0,0,8
13,yoked,8,exp,7,27,5338.4268669,4,go,win,1,0.340798259524,9,1,17
13,yoked,8,exp,7,28,5343.74837571,2,nogo,win,0,-1,0,0,17
13,yoked,8,exp,7,29,5349.29035384,3,nogo,avoid,0,-1,0,1,17
13,yoked,8,exp,7,30,5354.40141205,3,nogo,avoid,0,-1,0,1,17
13,yoked,8,exp,7,31,5359.92335402,4,go,win,1,0.491789536503,9,1,26
13,yoked,8,exp,7,32,5365.43527413,4,go,win,1,0.350827827475,9,1,35
13,yoked,8,exp,7,33,5371.08749591,2,nogo,win,0,-1,10,1,45
13,yoked,8,exp,7,34,5376.38896468,4,go,win,1,0.400930422511,9,1,54
13,yoked,8,exp,7,35,5381.9509895,4,go,win,1,0.471070854386,-1,0,53
13,yoked,8,exp,7,36,5387.38274175,1,go,avoid,1,0.25118570324,-1,1,52
13,yoked,8,exp,7,37,5392.86459391,3,nogo,avoid,0,-1,0,1,52
13,yoked,8,exp,7,38,5398.27629983,1,go,avoid,1,0.290690260019,-1,1,51
13,yoked,8,exp,7,39,5403.98864554,1,go,avoid,1,0.360853900718,-1,1,50
13,yoked,8,exp,7,40,5409.62082901,1,go,avoid,1,0.420969633775,-1,1,49
13,yoked,8,exp,7,41,5415.19287905,3,nogo,avoid,0,-1,-10,0,39
13,yoked,8,exp,7,42,5420.59456222,1,go,avoid,1,0.310733543429,-11,0,28
13,yoked,8,exp,7,43,5425.87598295,4,go,win,1,0.330774429865,9,1,37
13,yoked,8,exp,7,44,5431.06721005,3,nogo,avoid,0,-1,0,1,37
13,yoked,8,exp,7,45,5436.27847793,1,go,avoid,1,0.340796867051,-1,1,36
13,yoked,8,exp,7,46,5441.46970734,4,go,win,1,0.471082601656,9,1,45
13,yoked,8,exp,7,47,5447.02171314,2,nogo,win,0,-1,10,1,55
13,yoked,8,exp,7,48,5452.1427883,1,go,avoid,1,0.340795955781,-11,0,44
13,yoked,8,exp,7,49,5457.49436053,3,nogo,avoid,0,-1,0,1,44
13,yoked,8,exp,7,50,5462.78580763,3,nogo,avoid,0,-1,-10,0,34
13,yoked,8,exp,7,51,5468.23759262,3,nogo,avoid,0,-1,0,1,34
13,yoked,8,exp,7,52,5473.7094236,2,nogo,win,0,-1,10,1,44
13,yoked,8,exp,7,53,5479.12112821,4,go,win,1,0.5913473156,9,1,53
13,yoked,8,exp,7,54,5484.73326748,3,nogo,avoid,0,-1,0,1,53
13,yoked,8,exp,7,55,5490.24518976,4,go,win,1,0.301321287465,-1,0,52
13,yoked,8,exp,7,56,5495.446442,4,go,win,1,0.501144463633,9,1,61
13,yoked,8,exp,7,57,5500.54746956,2,nogo,win,0,-1,10,1,71
13,yoked,8,exp,7,58,5505.82888968,3,nogo,avoid,0,-1,-10,0,61
13,yoked,8,exp,7,59,5511.29070219,4,go,win,1,0.260620310888,-1,0,60
13,yoked,8,exp,7,60,5516.87277299,2,nogo,win,0,-1,10,1,70
13,yoked,8,exp,7,61,5521.99385194,2,nogo,win,0,-1,0,0,70
13,yoked,8,exp,7,62,5527.37549038,3,nogo,avoid,1,0.701568043667,-11,1,59
13,yoked,8,exp,7,63,5532.66693299,3,nogo,avoid,0,-1,0,1,59
13,yoked,8,exp,7,64,5538.11871921,4,go,win,1,0.420971167598,9,1,68
13,yoked,8,exp,7,65,5543.66070313,4,go,win,1,0.340797835463,9,1,77
13,yoked,8,exp,7,66,5548.84191206,1,go,avoid,0,-1,0,0,77
13,yoked,8,exp,7,67,5554.41396191,3,nogo,avoid,0,-1,0,1,77
13,yoked,8,exp,7,68,5559.67533821,4,go,win,1,0.26062056352,-1,0,76
13,yoked,8,exp,7,69,5565.33758277,3,nogo,avoid,0,-1,0,1,76
13,yoked,8,exp,7,70,5570.56889839,3,nogo,avoid,0,-1,0,1,76
13,yoked,8,exp,7,71,5575.940512,4,go,win,1,0.421021446862,9,1,85
13,yoked,8,exp,7,72,5581.50254483,1,go,avoid,1,0.54123976421,-1,1,84
13,yoked,8,exp,7,73,5586.66371122,2,nogo,win,0,-1,10,1,94
13,yoked,8,exp,7,74,5592.2858667,3,nogo,avoid,0,-1,0,1,94
13,yoked,8,exp,7,75,5597.86793516,3,nogo,avoid,0,-1,0,1,94
13,yoked,8,exp,7,76,5603.54020569,2,nogo,win,0,-1,0,0,94
13,yoked,8,exp,7,77,5608.81160183,2,nogo,win,0,-1,10,1,104
13,yoked,8,exp,7,78,5614.11309877,2,nogo,win,0,-1,0,0,104
13,yoked,8,exp,7,79,5619.58489706,2,nogo,win,0,-1,0,0,104
13,yoked,9,exp,5,0,5824.88880743,2,go,win,0,-1,0,1,0
13,yoked,9,exp,5,1,5830.24036806,4,nogo,avoid,0,-1,0,1,0
13,yoked,9,exp,5,2,5835.59194163,4,nogo,avoid,1,0.270668567402,-11,1,-11
13,yoked,9,exp,5,3,5841.34438499,3,nogo,win,0,-1,10,1,-1
13,yoked,9,exp,5,4,5846.58571158,3,nogo,win,0,-1,10,1,9
13,yoked,9,exp,5,5,5852.18782734,2,go,win,1,0.471078634768,9,1,18
13,yoked,9,exp,5,6,5857.28885882,2,go,win,1,0.110294231195,9,1,27
13,yoked,9,exp,5,7,5862.6304068,4,nogo,avoid,0,-1,0,1,27
13,yoked,9,exp,5,8,5868.10224183,4,nogo,avoid,0,-1,0,1,27
13,yoked,9,exp,5,9,5873.56404805,2,go,win,1,0.300713864111,9,1,36
13,yoked,9,exp,5,10,5878.91562916,2,go,win,1,0.481090317164,9,1,45
13,yoked,9,exp,5,11,5884.32732267,4,nogo,avoid,0,-1,-10,0,35
13,yoked,9,exp,5,12,5889.41834147,1,go,avoid,0,-1,-10,1,25
13,yoked,9,exp,5,13,5894.91021072,4,nogo,avoid,0,-1,0,1,25
13,yoked,9,exp,5,14,5900.2417382,3,nogo,win,0,-1,10,1,35
13,yoked,9,exp,5,15,5905.56324921,3,nogo,win,0,-1,10,1,45
13,yoked,9,exp,5,16,5911.04509974,2,go,win,1,0.38090108184,9,1,54
13,yoked,9,exp,5,17,5916.73741439,1,go,avoid,1,0.370862145544,-1,1,53
13,yoked,9,exp,5,18,5921.91862154,1,go,avoid,1,0.471082336993,-1,1,52
13,yoked,9,exp,5,19,5927.40049461,4,nogo,avoid,0,-1,0,1,52
13,yoked,9,exp,5,20,5932.78210896,1,go,avoid,1,0.360839464753,-11,0,41
13,yoked,9,exp,5,21,5938.2539385,2,go,win,1,0.301317037876,-1,0,40
13,yoked,9,exp,5,22,5943.5854679,4,nogo,avoid,0,-1,0,1,40
13,yoked,9,exp,5,23,5948.86691163,4,nogo,avoid,0,-1,-10,0,30
13,yoked,9,exp,5,24,5954.24852646,1,go,avoid,1,0.551252093213,-1,1,29
13,yoked,9,exp,5,25,5959.76051705,2,go,win,0,-1,10,0,39
13,yoked,9,exp,5,26,5965.34252061,1,go,avoid,1,0.290694765245,-1,1,38
13,yoked,9,exp,5,27,5970.5738296,1,go,avoid,1,0.441018228415,-11,0,27
13,yoked,9,exp,5,28,5975.97551229,3,nogo,win,0,-1,0,0,27
13,yoked,9,exp,5,29,5981.16673608,1,go,avoid,1,0.350819776413,-1,1,26
13,yoked,9,exp,5,30,5986.36798533,3,nogo,win,0,-1,10,1,36
13,yoked,9,exp,5,31,5991.87990405,1,go,avoid,1,0.320757201658,-1,1,35
13,yoked,9,exp,5,32,5996.98093737,2,go,win,1,0.42096936009,9,1,44
13,yoked,9,exp,5,33,6002.18218205,3,nogo,win,0,-1,10,1,54
13,yoked,9,exp,5,34,6007.85445168,3,nogo,win,0,-1,10,1,64
13,yoked,9,exp,5,35,6013.53673598,2,go,win,1,0.210649835015,-1,0,63
13,yoked,9,exp,5,36,6019.04866083,1,go,avoid,1,0.481100855417,-1,1,62
13,yoked,9,exp,5,37,6024.51047781,1,go,avoid,1,0.871947671341,-1,1,61
13,yoked,9,exp,5,38,6029.78186999,2,go,win,1,0.691566914571,9,1,70
13,yoked,9,exp,5,39,6035.07331377,2,go,win,1,0.441013064548,9,1,79
13,yoked,9,exp,5,40,6040.31464747,2,go,win,1,0.441016980305,9,1,88
13,yoked,9,exp,5,41,6045.77645731,3,nogo,win,0,-1,0,0,88
13,yoked,9,exp,5,42,6050.96768355,4,nogo,avoid,0,-1,-10,0,78
13,yoked,9,exp,5,43,6056.28919169,1,go,avoid,1,0.481111787652,-1,1,77
13,yoked,9,exp,5,44,6061.69086574,4,nogo,avoid,0,-1,0,1,77
13,yoked,9,exp,5,45,6067.40323226,1,go,avoid,1,0.370855926049,-11,0,66
13,yoked,9,exp,5,46,6072.78486778,1,go,avoid,1,0.330768751719,-1,1,65
13,yoked,9,exp,5,47,6077.96607423,4,nogo,avoid,0,-1,0,1,65
13,yoked,9,exp,5,48,6083.63833473,3,nogo,win,0,-1,0,0,65
13,yoked,9,exp,5,49,6088.95984635,2,go,win,1,0.380885494003,9,1,74
13,yoked,9,exp,5,50,6094.36152412,1,go,avoid,1,0.4310068167,-11,0,63
13,yoked,9,exp,5,51,6099.8634261,3,nogo,win,0,-1,10,1,73
13,yoked,9,exp,5,52,6105.29516787,4,nogo,avoid,0,-1,0,1,73
13,yoked,9,exp,5,53,6110.57659284,2,go,win,1,0.461054964511,9,1,82
13,yoked,9,exp,5,54,6116.09852847,3,nogo,win,0,-1,10,1,92
13,yoked,9,exp,5,55,6121.4701519,2,go,win,1,0.471075010741,-1,0,91
13,yoked,9,exp,5,56,6126.86181206,3,nogo,win,0,-1,10,1,101
13,yoked,9,exp,5,57,6132.25346769,1,go,avoid,1,0.430711261342,-1,1,100
13,yoked,9,exp,5,58,6137.52487235,4,nogo,avoid,0,-1,0,1,100
13,yoked,9,exp,5,59,6143.16706978,4,nogo,avoid,0,-1,0,1,100
13,yoked,9,exp,5,60,6148.60883922,3,nogo,win,0,-1,10,1,110
13,yoked,9,exp,5,61,6154.26108542,3,nogo,win,0,-1,10,1,120
13,yoked,9,exp,5,62,6159.65272627,1,go,avoid,1,0.420970942032,-11,0,109
13,yoked,9,exp,5,63,6165.15462383,3,nogo,win,0,-1,10,1,119
13,yoked,9,exp,5,64,6170.5763753,1,go,avoid,1,0.491127148209,-1,1,118
13,yoked,9,exp,5,65,6176.05819788,2,go,win,0,-1,0,1,118
13,yoked,9,exp,5,66,6181.45988352,4,nogo,avoid,0,-1,0,1,118
13,yoked,9,exp,5,67,6186.62104519,2,go,win,1,0.290688512669,9,1,127
13,yoked,9,exp,5,68,6192.18307107,3,nogo,win,0,-1,0,0,127
13,yoked,9,exp,5,69,6197.62484447,1,go,avoid,1,0.300708035593,-1,1,126
13,yoked,9,exp,5,70,6203.23697909,3,nogo,win,0,-1,10,1,136
13,yoked,9,exp,5,71,6208.68876645,4,nogo,avoid,0,-1,0,1,136
13,yoked,9,exp,5,72,6214.01027519,4,nogo,avoid,0,-1,0,1,136
13,yoked,9,exp,5,73,6219.34180673,2,go,win,1,0.601374901613,-1,0,135
13,yoked,9,exp,5,74,6224.62322702,4,nogo,avoid,0,-1,-10,0,125
13,yoked,9,exp,5,75,6230.25540916,4,nogo,avoid,0,-1,-10,0,115
13,yoked,9,exp,5,76,6235.79738343,2,go,win,1,0.250595299287,-1,0,114
13,yoked,9,exp,5,77,6241.26922726,1,go,avoid,1,0.731639559701,-11,0,103
13,yoked,9,exp,5,78,6246.71099459,3,nogo,win,0,-1,10,1,113
13,yoked,9,exp,5,79,6252.29306134,3,nogo,win,0,-1,10,1,123
