name,Mean,MCSE,StdDev,5%,50%,95%,N_Eff,N_Eff/s,R_hat
"lp__",8.8e+03,0.964,28.8,8.75e+03,8.8e+03,8.85e+03,894,0.279,1.01
"accept_stat__",0.898,0.00469,0.112,0.691,0.931,0.997,565,0.176,1.01
"stepsize__",0.0945,0.00508,0.00719,0.0835,0.101,0.101,2.01,0.000626,2.35e+13
"treedepth__",5.75,0.01,0.449,5,6,6,2e+03,0.624,1.23
"n_leapfrog__",60.3,0.45,20.1,31,63,63,2e+03,0.624,1.02
"divergent__",0.00025,nan,0.0158,0,0,0,nan,nan,nan
"energy__",-8.37e+03,1.21,35.8,-8.43e+03,-8.37e+03,-8.31e+03,879,0.274,1.01
"beta_mu[1]",-0.466,0.000773,0.0185,-0.496,-0.466,-0.435,573,0.179,1.00
"beta_mu[2]",-0.478,0.000662,0.0174,-0.507,-0.477,-0.449,691,0.216,1.00
"beta_mu[3]",-0.479,0.000698,0.0183,-0.509,-0.479,-0.450,685,0.214,1.00
"beta_mu[4]",-0.107,0.000184,0.0101,-0.124,-0.107,-0.0904,3024,0.944,1.000
"beta_mu[5]",-0.0725,0.000173,0.00938,-0.0879,-0.0726,-0.0570,2957,0.923,1.000
"beta_mu[6]",-0.0732,0.000145,0.00901,-0.0881,-0.0731,-0.0584,3876,1.21,1.000
"beta_mu[7]",0.0282,0.000135,0.00986,0.0122,0.0281,0.0449,5366,1.67,0.999
"beta_mu[8]",0.0236,0.000108,0.00894,0.00901,0.0235,0.0380,6820,2.13,0.999
"beta_mu[9]",0.0249,0.000107,0.00897,0.0103,0.0249,0.0397,7049,2.20,1.000
"beta_mu[10]",0.00272,0.000443,0.0135,-0.0195,0.00288,0.0251,932,0.291,1.00
"beta_mu[11]",0.00493,0.000463,0.0137,-0.0177,0.00519,0.0278,874,0.273,1.01
"beta_pr[1,1]",0.0714,0.00566,0.228,-0.298,0.0657,0.452,1619,0.505,1.00
"beta_pr[1,2]",0.795,0.00654,0.245,0.395,0.790,1.20,1406,0.439,1.00
"beta_pr[1,3]",-1.74,0.00688,0.242,-2.15,-1.73,-1.36,1233,0.385,1.00
"beta_pr[1,4]",0.988,0.00620,0.234,0.595,0.991,1.37,1425,0.445,1.00
"beta_pr[1,5]",1.69,0.00752,0.261,1.27,1.68,2.12,1205,0.376,1.00
"beta_pr[1,6]",2.14,0.00836,0.277,1.68,2.13,2.59,1097,0.342,1.00
"beta_pr[1,7]",-0.571,0.00575,0.232,-0.959,-0.572,-0.193,1631,0.509,1.00
"beta_pr[1,8]",-1.15,0.00627,0.223,-1.52,-1.15,-0.793,1268,0.396,1.00
"beta_pr[1,9]",-1.54,0.00663,0.236,-1.94,-1.53,-1.15,1271,0.397,1.00
"beta_pr[1,10]",0.282,0.00618,0.232,-0.0955,0.283,0.668,1411,0.440,1.00
"beta_pr[1,11]",-0.567,0.00555,0.214,-0.923,-0.564,-0.220,1482,0.463,1.00
"beta_pr[1,12]",1.61,0.00670,0.241,1.23,1.60,2.02,1293,0.404,1.00
"beta_pr[1,13]",-0.576,0.00571,0.229,-0.954,-0.574,-0.195,1616,0.504,1.00
"beta_pr[1,14]",-0.544,0.00594,0.223,-0.907,-0.548,-0.175,1413,0.441,1.00
"beta_pr[1,15]",1.10,0.00705,0.282,0.640,1.10,1.56,1605,0.501,1.00
"beta_pr[1,16]",-0.0172,0.00597,0.236,-0.404,-0.0168,0.370,1557,0.486,1.00
"beta_pr[1,17]",0.322,0.00615,0.225,-0.0446,0.321,0.701,1333,0.416,1.00
"beta_pr[1,18]",-0.326,0.00583,0.250,-0.742,-0.324,0.0849,1843,0.575,1.000
"beta_pr[1,19]",-0.160,0.00593,0.222,-0.526,-0.161,0.198,1397,0.436,1.00
"beta_pr[1,20]",-1.12,0.00587,0.230,-1.50,-1.12,-0.753,1539,0.480,1.00
"beta_pr[1,21]",0.721,0.00617,0.232,0.341,0.721,1.10,1410,0.440,1.00
"beta_pr[1,22]",0.813,0.00605,0.237,0.426,0.812,1.20,1533,0.478,1.00
"beta_pr[1,23]",0.0702,0.00601,0.239,-0.319,0.0703,0.477,1582,0.494,1.00
"beta_pr[1,24]",0.742,0.00679,0.250,0.329,0.741,1.15,1353,0.422,1.00
"beta_pr[1,25]",1.04,0.00623,0.253,0.624,1.03,1.46,1645,0.513,1.00
"beta_pr[1,26]",-0.162,0.00562,0.221,-0.531,-0.156,0.196,1546,0.483,1.00
"beta_pr[1,27]",0.708,0.00619,0.235,0.318,0.710,1.10,1444,0.451,1.00
"beta_pr[1,28]",-0.101,0.00560,0.234,-0.479,-0.104,0.282,1739,0.543,1.00
"beta_pr[1,29]",0.330,0.00617,0.235,-0.0525,0.329,0.725,1454,0.454,1.00
"beta_pr[1,30]",-0.0108,0.00586,0.233,-0.395,-0.0136,0.373,1577,0.492,1.00
"beta_pr[1,31]",-0.211,0.00555,0.216,-0.576,-0.210,0.138,1521,0.474,1.00
"beta_pr[1,32]",-1.01,0.00609,0.229,-1.39,-1.01,-0.636,1407,0.439,1.00
"beta_pr[1,33]",-0.975,0.00597,0.225,-1.35,-0.971,-0.609,1415,0.442,1.00
"beta_pr[1,34]",1.72,0.00703,0.243,1.33,1.72,2.13,1193,0.372,1.00
"beta_pr[1,35]",-0.651,0.00577,0.224,-1.02,-0.649,-0.288,1507,0.470,1.00
"beta_pr[1,36]",-2.09,0.00685,0.246,-2.50,-2.08,-1.69,1293,0.403,1.00
"beta_pr[1,37]",1.63,0.00696,0.252,1.23,1.63,2.06,1310,0.409,1.00
"beta_pr[1,38]",-1.32,0.00609,0.226,-1.70,-1.31,-0.948,1372,0.428,1.00
"beta_pr[1,39]",-0.871,0.00579,0.228,-1.25,-0.865,-0.508,1549,0.483,1.00
"beta_pr[1,40]",-0.946,0.00579,0.229,-1.33,-0.945,-0.582,1560,0.487,1.00
"beta_pr[1,41]",-0.384,0.00592,0.216,-0.747,-0.379,-0.0266,1332,0.416,1.00
"beta_pr[1,42]",1.89,0.00762,0.279,1.43,1.89,2.36,1345,0.420,1.00
"beta_pr[1,43]",0.148,0.00589,0.224,-0.211,0.148,0.518,1447,0.452,1.00
"beta_pr[1,44]",-0.729,0.00545,0.224,-1.10,-0.728,-0.369,1687,0.526,1.00
"beta_pr[1,45]",-0.510,0.00565,0.223,-0.870,-0.517,-0.138,1562,0.487,1.00
"beta_pr[1,46]",0.740,0.00592,0.227,0.366,0.736,1.12,1474,0.460,1.00
"beta_pr[1,47]",-1.11,0.00621,0.226,-1.48,-1.11,-0.733,1321,0.412,1.00
"beta_pr[1,48]",1.28,0.00667,0.239,0.900,1.28,1.68,1281,0.400,1.00
"beta_pr[1,49]",-1.36,0.00596,0.231,-1.75,-1.36,-0.984,1508,0.471,1.00
"beta_pr[1,50]",0.696,0.00572,0.227,0.325,0.691,1.07,1577,0.492,1.00
"beta_pr[1,51]",-1.55,0.00663,0.235,-1.94,-1.55,-1.17,1253,0.391,1.00
"beta_pr[1,52]",-0.0531,0.00566,0.232,-0.433,-0.0452,0.318,1684,0.525,1.00
"beta_pr[1,53]",-0.418,0.00599,0.228,-0.802,-0.411,-0.0416,1452,0.453,1.00
"beta_pr[1,54]",2.29,0.00826,0.277,1.84,2.28,2.76,1122,0.350,1.00
"beta_pr[1,55]",-2.69,0.00822,0.264,-3.14,-2.69,-2.26,1032,0.322,1.00
"beta_pr[1,56]",-0.0744,0.00641,0.231,-0.454,-0.0749,0.304,1295,0.404,1.000
"beta_pr[1,57]",0.972,0.00620,0.239,0.578,0.969,1.36,1487,0.464,1.00
"beta_pr[1,58]",0.955,0.00626,0.241,0.568,0.953,1.36,1488,0.464,1.00
"beta_pr[1,59]",-0.345,0.00564,0.233,-0.728,-0.347,0.0390,1701,0.531,1.00
"beta_pr[1,60]",-0.875,0.00568,0.229,-1.26,-0.875,-0.501,1624,0.507,1.00
"beta_pr[1,61]",-0.220,0.00568,0.224,-0.588,-0.221,0.145,1548,0.483,1.00
"beta_pr[1,62]",0.931,0.00611,0.231,0.563,0.924,1.31,1422,0.444,1.00
"beta_pr[1,63]",-0.674,0.00615,0.222,-1.04,-0.668,-0.314,1303,0.406,1.00
"beta_pr[1,64]",1.07,0.00638,0.240,0.684,1.07,1.48,1421,0.443,1.01
"beta_pr[1,65]",0.738,0.00590,0.223,0.386,0.731,1.12,1431,0.447,1.00
"beta_pr[1,66]",0.240,0.00590,0.221,-0.117,0.238,0.609,1409,0.440,1.00
"beta_pr[1,67]",-1.11,0.00586,0.240,-1.51,-1.11,-0.722,1678,0.524,1.00
"beta_pr[1,68]",-2.42,0.00762,0.259,-2.85,-2.42,-2.00,1153,0.360,1.00
"beta_pr[1,69]",1.43,0.00782,0.261,1.01,1.42,1.86,1114,0.348,1.00
"beta_pr[1,70]",1.86,0.00727,0.259,1.44,1.85,2.29,1268,0.396,1.00
"beta_pr[1,71]",-1.59,0.00662,0.247,-2.00,-1.59,-1.18,1391,0.434,1.00
"beta_pr[1,72]",-0.844,0.00580,0.226,-1.22,-0.846,-0.475,1514,0.472,1.00
"beta_pr[1,73]",0.294,0.00655,0.235,-0.0910,0.294,0.685,1284,0.401,1.00
"beta_pr[1,74]",-0.579,0.00644,0.235,-0.973,-0.579,-0.198,1335,0.417,1.00
"beta_pr[1,75]",0.0481,0.00590,0.223,-0.314,0.0447,0.413,1434,0.447,1.00
"beta_pr[1,76]",-0.694,0.00566,0.253,-1.12,-0.691,-0.269,1994,0.622,1.00
"beta_pr[1,77]",1.09,0.00727,0.246,0.696,1.09,1.50,1140,0.356,1.00
"beta_pr[1,78]",0.708,0.00651,0.240,0.314,0.706,1.10,1357,0.423,1.01
"beta_pr[1,79]",1.05,0.00641,0.244,0.661,1.05,1.48,1450,0.453,1.00
"beta_pr[1,80]",1.08,0.00665,0.277,0.630,1.08,1.54,1740,0.543,1.000
"beta_pr[1,81]",-1.54,0.00649,0.240,-1.94,-1.53,-1.15,1374,0.429,1.00
"beta_pr[1,82]",-1.12,0.00589,0.233,-1.51,-1.12,-0.751,1559,0.487,1.00
"beta_pr[1,83]",0.748,0.00627,0.228,0.372,0.747,1.13,1327,0.414,1.00
"beta_pr[1,84]",0.0919,0.00561,0.225,-0.276,0.0916,0.460,1612,0.503,1.00
"beta_pr[1,85]",0.916,0.00616,0.225,0.551,0.913,1.30,1340,0.418,1.00
"beta_pr[1,86]",-0.606,0.00545,0.224,-0.986,-0.602,-0.236,1695,0.529,1.00
"beta_pr[1,87]",0.627,0.00589,0.237,0.248,0.623,1.02,1614,0.504,1.00
"beta_pr[1,88]",-1.65,0.00691,0.253,-2.07,-1.64,-1.24,1345,0.420,1.00
"beta_pr[1,89]",0.393,0.00575,0.222,0.0365,0.389,0.763,1487,0.464,1.00
"beta_pr[1,90]",1.89,0.00783,0.267,1.46,1.89,2.34,1165,0.364,1.00
"beta_pr[1,91]",-1.17,0.00654,0.236,-1.56,-1.16,-0.783,1306,0.408,1.00
"beta_pr[2,1]",1.85,0.00656,0.390,1.22,1.84,2.51,3535,1.10,1.00
"beta_pr[2,2]",0.243,0.00686,0.337,-0.298,0.247,0.785,2420,0.755,1.00
"beta_pr[2,3]",-0.543,0.00771,0.343,-1.10,-0.545,0.0196,1984,0.619,1.00
"beta_pr[2,4]",-0.349,0.00615,0.371,-0.971,-0.348,0.258,3638,1.14,1.00
"beta_pr[2,5]",0.155,0.00733,0.355,-0.432,0.162,0.751,2341,0.731,1.00
"beta_pr[2,6]",-0.424,0.00785,0.367,-1.04,-0.416,0.159,2189,0.683,1.00
"beta_pr[2,7]",1.24,0.00631,0.342,0.676,1.24,1.81,2940,0.917,1.000
"beta_pr[2,8]",1.55,0.00658,0.340,0.993,1.54,2.13,2660,0.830,0.999
"beta_pr[2,9]",-1.38,0.00781,0.345,-1.95,-1.37,-0.822,1950,0.608,1.00
"beta_pr[2,10]",-0.795,0.00618,0.344,-1.37,-0.793,-0.228,3094,0.965,1.00
"beta_pr[2,11]",0.708,0.00623,0.325,0.181,0.702,1.26,2721,0.849,1.000
"beta_pr[2,12]",-1.42,0.00703,0.347,-1.99,-1.42,-0.853,2446,0.763,1.00
"beta_pr[2,13]",-1.35,0.00678,0.369,-1.96,-1.35,-0.734,2972,0.928,1.00
"beta_pr[2,14]",0.608,0.00628,0.326,0.0613,0.611,1.13,2697,0.842,1.000
"beta_pr[2,15]",2.03,0.00842,0.393,1.39,2.03,2.70,2182,0.681,1.00
"beta_pr[2,16]",1.27,0.00633,0.360,0.683,1.28,1.89,3238,1.01,0.999
"beta_pr[2,17]",-0.153,0.00585,0.328,-0.685,-0.158,0.374,3135,0.978,1.00
"beta_pr[2,18]",2.06,0.00697,0.367,1.47,2.06,2.67,2775,0.866,1.00
"beta_pr[2,19]",0.286,0.00571,0.317,-0.238,0.279,0.817,3077,0.960,1.00
"beta_pr[2,20]",-0.433,0.00603,0.326,-0.975,-0.434,0.0934,2912,0.909,0.999
"beta_pr[2,21]",0.993,0.00615,0.350,0.431,0.995,1.58,3231,1.01,0.999
"beta_pr[2,22]",0.822,0.00587,0.335,0.270,0.828,1.38,3261,1.02,1.00
"beta_pr[2,23]",-0.449,0.00598,0.333,-0.991,-0.449,0.0897,3096,0.966,1.00
"beta_pr[2,24]",-1.80,0.00658,0.344,-2.38,-1.80,-1.24,2731,0.852,1.00
"beta_pr[2,25]",0.733,0.00659,0.347,0.158,0.736,1.31,2783,0.868,1.00
"beta_pr[2,26]",-0.618,0.00608,0.322,-1.16,-0.619,-0.0806,2802,0.874,1.00
"beta_pr[2,27]",0.666,0.00656,0.350,0.0981,0.660,1.26,2853,0.890,1.00
"beta_pr[2,28]",0.928,0.00660,0.405,0.288,0.928,1.61,3763,1.17,1.000
"beta_pr[2,29]",1.43,0.00670,0.356,0.849,1.43,2.02,2817,0.879,1.00
"beta_pr[2,30]",-0.575,0.00620,0.344,-1.15,-0.568,-0.0225,3077,0.960,1.00
"beta_pr[2,31]",0.154,0.00553,0.307,-0.343,0.148,0.663,3087,0.963,1.00
"beta_pr[2,32]",-1.21,0.00688,0.341,-1.78,-1.20,-0.650,2456,0.766,1.00
"beta_pr[2,33]",-0.0321,0.00696,0.326,-0.558,-0.0289,0.500,2185,0.682,1.00
"beta_pr[2,34]",0.390,0.00682,0.348,-0.188,0.386,0.954,2597,0.811,1.00
"beta_pr[2,35]",-1.50,0.00658,0.341,-2.06,-1.49,-0.949,2686,0.838,1.000
"beta_pr[2,36]",-0.394,0.00700,0.352,-0.968,-0.395,0.183,2531,0.790,1.00
"beta_pr[2,37]",0.358,0.00703,0.357,-0.225,0.357,0.945,2572,0.803,1.00
"beta_pr[2,38]",-0.870,0.00625,0.324,-1.41,-0.866,-0.342,2695,0.841,1.00
"beta_pr[2,39]",-2.07,0.00718,0.362,-2.67,-2.07,-1.50,2542,0.793,1.00
"beta_pr[2,40]",-0.0368,0.00612,0.327,-0.576,-0.0341,0.494,2848,0.889,1.00
"beta_pr[2,41]",0.187,0.00588,0.318,-0.326,0.184,0.715,2919,0.911,1.000
"beta_pr[2,42]",-0.420,0.00743,0.396,-1.07,-0.424,0.232,2836,0.885,1.000
"beta_pr[2,43]",0.792,0.00591,0.334,0.253,0.789,1.34,3190,0.996,1.00
"beta_pr[2,44]",-0.952,0.00592,0.339,-1.51,-0.951,-0.392,3285,1.03,1.00
"beta_pr[2,45]",0.177,0.00588,0.322,-0.349,0.172,0.725,2996,0.935,1.000
"beta_pr[2,46]",-0.767,0.00574,0.327,-1.31,-0.765,-0.229,3250,1.01,1.00
"beta_pr[2,47]",-1.01,0.00626,0.324,-1.54,-1.01,-0.481,2671,0.834,1.00
"beta_pr[2,48]",-0.918,0.00626,0.340,-1.49,-0.909,-0.367,2947,0.920,1.00
"beta_pr[2,49]",0.0194,0.00678,0.349,-0.556,0.0198,0.580,2647,0.826,1.00
"beta_pr[2,50]",1.02,0.00653,0.336,0.466,1.02,1.57,2649,0.827,1.00
"beta_pr[2,51]",-0.630,0.00787,0.337,-1.19,-0.635,-0.0756,1834,0.572,1.00
"beta_pr[2,52]",-0.222,0.00579,0.327,-0.761,-0.217,0.305,3196,0.997,1.00
"beta_pr[2,53]",0.185,0.00671,0.334,-0.389,0.184,0.735,2483,0.775,1.00
"beta_pr[2,54]",0.276,0.00792,0.390,-0.362,0.279,0.932,2430,0.758,1.00
"beta_pr[2,55]",-1.50,0.00887,0.380,-2.13,-1.49,-0.890,1833,0.572,1.00
"beta_pr[2,56]",-0.686,0.00596,0.328,-1.24,-0.678,-0.158,3031,0.946,1.000
"beta_pr[2,57]",-0.00401,0.00620,0.362,-0.613,0.000568,0.600,3421,1.07,1.000
"beta_pr[2,58]",0.0467,0.00671,0.346,-0.524,0.0562,0.597,2655,0.828,0.999
"beta_pr[2,59]",0.529,0.00602,0.347,-0.0299,0.520,1.11,3334,1.04,1.00
"beta_pr[2,60]",-0.0970,0.00627,0.318,-0.608,-0.0997,0.431,2575,0.804,1.00
"beta_pr[2,61]",0.285,0.00605,0.320,-0.237,0.286,0.812,2808,0.876,1.000
"beta_pr[2,62]",0.452,0.00641,0.330,-0.0986,0.449,0.991,2659,0.830,0.999
"beta_pr[2,63]",0.866,0.00669,0.324,0.341,0.860,1.40,2337,0.729,1.000
"beta_pr[2,64]",0.627,0.00656,0.335,0.0647,0.623,1.19,2613,0.815,1.00
"beta_pr[2,65]",-0.225,0.00609,0.317,-0.764,-0.222,0.286,2704,0.844,1.00
"beta_pr[2,66]",1.94,0.00642,0.333,1.40,1.93,2.49,2694,0.841,1.00
"beta_pr[2,67]",-2.27,0.00759,0.362,-2.88,-2.26,-1.68,2272,0.709,1.00
"beta_pr[2,68]",-0.488,0.00809,0.362,-1.09,-0.487,0.116,2004,0.625,1.000
"beta_pr[2,69]",1.02,0.00749,0.364,0.407,1.01,1.61,2364,0.738,1.00
"beta_pr[2,70]",-0.163,0.00696,0.365,-0.787,-0.162,0.427,2757,0.860,1.00
"beta_pr[2,71]",-1.04,0.00692,0.339,-1.60,-1.03,-0.478,2393,0.747,1.00
"beta_pr[2,72]",-0.764,0.00625,0.329,-1.30,-0.755,-0.235,2763,0.862,1.00
"beta_pr[2,73]",1.22,0.00687,0.344,0.660,1.21,1.79,2509,0.783,1.000
"beta_pr[2,74]",1.76,0.00679,0.337,1.22,1.75,2.32,2459,0.767,1.00
"beta_pr[2,75]",0.0326,0.00545,0.334,-0.528,0.0307,0.585,3746,1.17,1.000
"beta_pr[2,76]",0.385,0.00652,0.350,-0.179,0.384,0.963,2894,0.903,1.00
"beta_pr[2,77]",0.175,0.00636,0.348,-0.394,0.172,0.750,3000,0.936,1.00
"beta_pr[2,78]",0.777,0.00654,0.367,0.187,0.776,1.39,3155,0.985,1.00
"beta_pr[2,79]",-0.0504,0.00634,0.335,-0.594,-0.0524,0.502,2794,0.872,1.00
"beta_pr[2,80]",-0.866,0.00671,0.367,-1.47,-0.861,-0.270,2988,0.932,1.000
"beta_pr[2,81]",0.340,0.00642,0.338,-0.229,0.336,0.894,2768,0.864,1.00
"beta_pr[2,82]",0.463,0.00649,0.329,-0.0833,0.462,1.01,2570,0.802,0.999
"beta_pr[2,83]",0.309,0.00606,0.336,-0.260,0.314,0.854,3080,0.961,1.00
"beta_pr[2,84]",-0.0410,0.00552,0.326,-0.590,-0.0326,0.485,3483,1.09,1.00
"beta_pr[2,85]",-0.242,0.00608,0.314,-0.758,-0.242,0.281,2672,0.834,1.00
"beta_pr[2,86]",-0.0369,0.00630,0.322,-0.562,-0.0317,0.500,2612,0.815,1.00
"beta_pr[2,87]",0.274,0.00617,0.325,-0.265,0.275,0.816,2770,0.864,1.00
"beta_pr[2,88]",-1.23,0.00815,0.383,-1.87,-1.22,-0.602,2206,0.689,1.00
"beta_pr[2,89]",0.803,0.00602,0.319,0.281,0.801,1.33,2813,0.878,1.00
"beta_pr[2,90]",-0.706,0.00763,0.357,-1.31,-0.698,-0.118,2185,0.682,1.00
"beta_pr[2,91]",-1.61,0.00782,0.355,-2.22,-1.61,-1.04,2066,0.645,1.00
"beta_pr[3,1]",1.03,0.00816,0.399,0.399,1.02,1.70,2395,0.747,1.00
"beta_pr[3,2]",1.02,0.00634,0.326,0.490,1.02,1.56,2644,0.825,1.00
"beta_pr[3,3]",-0.0577,0.00702,0.320,-0.587,-0.0574,0.461,2081,0.650,1.00
"beta_pr[3,4]",-0.750,0.00750,0.351,-1.33,-0.754,-0.172,2184,0.681,1.00
"beta_pr[3,5]",0.324,0.00670,0.338,-0.212,0.317,0.897,2535,0.791,1.00
"beta_pr[3,6]",-0.372,0.00781,0.360,-0.969,-0.371,0.225,2123,0.663,1.00
"beta_pr[3,7]",0.165,0.00748,0.346,-0.422,0.164,0.732,2142,0.668,1.00
"beta_pr[3,8]",0.913,0.00884,0.366,0.306,0.910,1.52,1716,0.536,1.00
"beta_pr[3,9]",-1.32,0.00865,0.354,-1.91,-1.31,-0.749,1680,0.524,1.00
"beta_pr[3,10]",-0.887,0.00691,0.339,-1.44,-0.879,-0.346,2416,0.754,1.00
"beta_pr[3,11]",-0.139,0.00668,0.318,-0.669,-0.136,0.379,2272,0.709,1.00
"beta_pr[3,12]",2.00,0.00932,0.393,1.34,1.99,2.65,1781,0.556,1.00
"beta_pr[3,13]",-0.184,0.00740,0.348,-0.750,-0.183,0.388,2216,0.691,1.000
"beta_pr[3,14]",0.108,0.00610,0.324,-0.433,0.108,0.637,2812,0.878,1.00
"beta_pr[3,15]",0.550,0.00754,0.373,-0.0637,0.552,1.17,2451,0.765,1.00
"beta_pr[3,16]",-0.380,0.00700,0.333,-0.942,-0.374,0.163,2270,0.708,1.00
"beta_pr[3,17]",0.301,0.00594,0.322,-0.217,0.292,0.832,2937,0.917,1.000
"beta_pr[3,18]",-0.290,0.00810,0.389,-0.928,-0.290,0.342,2310,0.721,1.00
"beta_pr[3,19]",-0.108,0.00564,0.315,-0.625,-0.110,0.411,3110,0.971,1.000
"beta_pr[3,20]",-0.854,0.00646,0.322,-1.39,-0.852,-0.336,2482,0.774,1.00
"beta_pr[3,21]",0.345,0.00641,0.330,-0.206,0.347,0.877,2646,0.826,1.00
"beta_pr[3,22]",-0.832,0.00606,0.309,-1.34,-0.835,-0.324,2606,0.813,1.000
"beta_pr[3,23]",-1.81,0.00678,0.318,-2.34,-1.81,-1.28,2201,0.687,1.00
"beta_pr[3,24]",-0.472,0.00873,0.390,-1.11,-0.478,0.166,1995,0.623,1.00
"beta_pr[3,25]",0.441,0.00626,0.323,-0.0963,0.437,0.983,2667,0.832,1.00
"beta_pr[3,26]",-0.151,0.00617,0.295,-0.625,-0.150,0.334,2281,0.712,1.00
"beta_pr[3,27]",-0.185,0.00628,0.337,-0.730,-0.186,0.360,2878,0.898,0.999
"beta_pr[3,28]",0.931,0.00711,0.436,0.223,0.927,1.65,3757,1.17,1.00
"beta_pr[3,29]",0.497,0.00686,0.358,-0.0950,0.494,1.09,2728,0.851,1.00
"beta_pr[3,30]",-0.417,0.00585,0.314,-0.929,-0.415,0.0956,2884,0.900,1.00
"beta_pr[3,31]",0.595,0.00592,0.303,0.108,0.588,1.10,2628,0.820,1.00
"beta_pr[3,32]",-2.64,0.00867,0.362,-3.24,-2.63,-2.05,1748,0.545,1.00
"beta_pr[3,33]",-0.915,0.00637,0.321,-1.46,-0.913,-0.379,2537,0.792,1.00
"beta_pr[3,34]",0.765,0.00702,0.337,0.211,0.767,1.32,2301,0.718,1.00
"beta_pr[3,35]",0.897,0.00660,0.316,0.364,0.903,1.41,2295,0.716,1.00
"beta_pr[3,36]",-0.556,0.00722,0.328,-1.10,-0.559,-0.0132,2060,0.643,1.00
"beta_pr[3,37]",0.610,0.00712,0.335,0.0625,0.607,1.16,2213,0.691,1.00
"beta_pr[3,38]",-0.463,0.00659,0.314,-0.995,-0.457,0.0403,2270,0.708,1.00
"beta_pr[3,39]",0.333,0.00805,0.347,-0.243,0.335,0.910,1862,0.581,1.00
"beta_pr[3,40]",1.30,0.00599,0.316,0.789,1.30,1.82,2782,0.868,1.00
"beta_pr[3,41]",0.965,0.00601,0.308,0.456,0.966,1.46,2622,0.818,1.00
"beta_pr[3,42]",0.102,0.00816,0.367,-0.498,0.105,0.705,2026,0.632,1.00
"beta_pr[3,43]",0.934,0.00628,0.324,0.382,0.942,1.46,2662,0.831,0.999
"beta_pr[3,44]",-0.768,0.00672,0.318,-1.28,-0.765,-0.260,2247,0.701,1.00
"beta_pr[3,45]",-0.231,0.00583,0.339,-0.798,-0.225,0.313,3385,1.06,1.00
"beta_pr[3,46]",-0.268,0.00645,0.330,-0.807,-0.278,0.278,2618,0.817,1.00
"beta_pr[3,47]",0.268,0.00605,0.306,-0.225,0.261,0.777,2558,0.798,1.00
"beta_pr[3,48]",-0.0400,0.00770,0.343,-0.613,-0.0378,0.521,1988,0.620,1.00
"beta_pr[3,49]",-0.242,0.00664,0.350,-0.834,-0.237,0.333,2781,0.868,1.00
"beta_pr[3,50]",-0.171,0.00690,0.333,-0.728,-0.171,0.376,2333,0.728,1.00
"beta_pr[3,51]",-0.881,0.00706,0.318,-1.40,-0.880,-0.358,2034,0.635,1.00
"beta_pr[3,52]",-0.169,0.00664,0.331,-0.715,-0.167,0.363,2488,0.776,1.00
"beta_pr[3,53]",0.682,0.00564,0.317,0.171,0.681,1.20,3152,0.984,0.999
"beta_pr[3,54]",0.893,0.00872,0.378,0.272,0.891,1.53,1882,0.587,1.00
"beta_pr[3,55]",-1.03,0.00898,0.366,-1.64,-1.03,-0.426,1666,0.520,1.00
"beta_pr[3,56]",-0.323,0.00683,0.315,-0.838,-0.323,0.202,2132,0.665,1.00
"beta_pr[3,57]",-0.592,0.00623,0.347,-1.16,-0.595,-0.0188,3105,0.969,1.00
"beta_pr[3,58]",0.643,0.00660,0.340,0.0915,0.634,1.21,2658,0.830,1.00
"beta_pr[3,59]",0.505,0.00630,0.325,-0.0286,0.501,1.04,2659,0.830,1.00
"beta_pr[3,60]",-0.318,0.00576,0.297,-0.806,-0.321,0.171,2665,0.832,1.00
"beta_pr[3,61]",1.23,0.00612,0.316,0.721,1.23,1.76,2670,0.833,1.00
"beta_pr[3,62]",-0.382,0.00606,0.302,-0.883,-0.384,0.117,2485,0.776,1.00
"beta_pr[3,63]",-1.34,0.00709,0.328,-1.87,-1.34,-0.804,2144,0.669,1.00
"beta_pr[3,64]",-1.14,0.00576,0.309,-1.64,-1.15,-0.623,2883,0.900,1.00
"beta_pr[3,65]",0.538,0.00607,0.316,0.0151,0.545,1.04,2717,0.848,1.00
"beta_pr[3,66]",-0.280,0.00763,0.348,-0.834,-0.278,0.304,2080,0.649,1.00
"beta_pr[3,67]",-0.0546,0.00813,0.356,-0.636,-0.0549,0.521,1914,0.597,1.00
"beta_pr[3,68]",0.201,0.00786,0.343,-0.355,0.203,0.762,1901,0.593,1.00
"beta_pr[3,69]",1.17,0.00756,0.352,0.607,1.17,1.75,2170,0.677,1.000
"beta_pr[3,70]",0.788,0.00790,0.365,0.190,0.786,1.39,2140,0.668,1.00
"beta_pr[3,71]",-0.432,0.00740,0.327,-0.975,-0.423,0.0915,1951,0.609,1.00
"beta_pr[3,72]",-1.57,0.00747,0.336,-2.12,-1.57,-1.02,2026,0.632,1.00
"beta_pr[3,73]",0.755,0.00683,0.329,0.219,0.751,1.30,2315,0.722,1.000
"beta_pr[3,74]",-0.117,0.00846,0.362,-0.708,-0.118,0.484,1828,0.570,1.00
"beta_pr[3,75]",0.743,0.00619,0.330,0.198,0.746,1.28,2837,0.885,1.00
"beta_pr[3,76]",-0.124,0.00655,0.336,-0.670,-0.123,0.434,2635,0.822,1.00
"beta_pr[3,77]",-0.219,0.00677,0.318,-0.746,-0.214,0.297,2214,0.691,1.000
"beta_pr[3,78]",1.25,0.00682,0.371,0.641,1.25,1.86,2957,0.923,1.000
"beta_pr[3,79]",0.567,0.00706,0.318,0.0288,0.573,1.07,2032,0.634,1.000
"beta_pr[3,80]",-0.545,0.00760,0.350,-1.13,-0.541,0.0301,2123,0.662,1.00
"beta_pr[3,81]",0.504,0.00658,0.335,-0.0545,0.511,1.05,2595,0.810,1.00
"beta_pr[3,82]",1.06,0.00707,0.344,0.495,1.06,1.63,2362,0.737,1.00
"beta_pr[3,83]",-1.15,0.00619,0.332,-1.70,-1.14,-0.613,2879,0.898,1.00
"beta_pr[3,84]",-1.18,0.00599,0.317,-1.72,-1.18,-0.668,2806,0.876,1.00
"beta_pr[3,85]",-0.0279,0.00606,0.310,-0.531,-0.0286,0.489,2621,0.818,1.00
"beta_pr[3,86]",-1.59,0.00656,0.320,-2.14,-1.58,-1.08,2381,0.743,1.00
"beta_pr[3,87]",0.658,0.00622,0.336,0.118,0.658,1.21,2928,0.914,0.999
"beta_pr[3,88]",0.302,0.00742,0.377,-0.314,0.301,0.932,2580,0.805,1.00
"beta_pr[3,89]",-0.340,0.00657,0.314,-0.860,-0.334,0.177,2284,0.713,1.00
"beta_pr[3,90]",0.763,0.00950,0.377,0.147,0.761,1.39,1576,0.492,1.00
"beta_pr[3,91]",0.467,0.00725,0.337,-0.104,0.472,1.01,2160,0.674,1.00
"beta_pr[4,1]",-0.550,0.00681,0.583,-1.51,-0.550,0.384,7324,2.29,1.00
"beta_pr[4,2]",0.795,0.00761,0.592,-0.168,0.786,1.78,6043,1.89,1.000
"beta_pr[4,3]",-0.560,0.00726,0.565,-1.50,-0.560,0.362,6049,1.89,0.999
"beta_pr[4,4]",2.02,0.00752,0.574,1.10,2.03,2.97,5830,1.82,1.00
"beta_pr[4,5]",0.124,0.00794,0.607,-0.871,0.129,1.13,5843,1.82,1.000
"beta_pr[4,6]",0.731,0.00759,0.601,-0.261,0.743,1.72,6261,1.95,0.999
"beta_pr[4,7]",-0.100,0.00703,0.565,-1.04,-0.0910,0.818,6461,2.02,0.999
"beta_pr[4,8]",-0.667,0.00731,0.563,-1.59,-0.657,0.239,5918,1.85,1.000
"beta_pr[4,9]",0.202,0.00766,0.558,-0.714,0.203,1.10,5321,1.66,1.000
"beta_pr[4,10]",-0.395,0.00739,0.590,-1.37,-0.401,0.562,6363,1.99,0.999
"beta_pr[4,11]",0.515,0.00702,0.554,-0.406,0.511,1.45,6230,1.94,0.999
"beta_pr[4,12]",-0.273,0.00726,0.571,-1.20,-0.269,0.676,6196,1.93,0.999
"beta_pr[4,13]",-0.225,0.00652,0.578,-1.18,-0.222,0.735,7839,2.45,0.999
"beta_pr[4,14]",2.17,0.00754,0.568,1.25,2.16,3.12,5678,1.77,0.999
"beta_pr[4,15]",1.50,0.00893,0.675,0.353,1.49,2.63,5722,1.79,0.999
"beta_pr[4,16]",0.0680,0.00734,0.601,-0.885,0.0592,1.05,6693,2.09,0.999
"beta_pr[4,17]",-0.282,0.00674,0.568,-1.23,-0.285,0.636,7112,2.22,1.000
"beta_pr[4,18]",-1.82,0.00834,0.655,-2.92,-1.79,-0.769,6171,1.93,1.000
"beta_pr[4,19]",-1.01,0.00747,0.583,-1.96,-1.01,-0.0491,6089,1.90,1.000
"beta_pr[4,20]",0.258,0.00710,0.571,-0.684,0.252,1.20,6475,2.02,1.000
"beta_pr[4,21]",-0.297,0.00679,0.566,-1.25,-0.296,0.659,6930,2.16,0.999
"beta_pr[4,22]",-0.235,0.00768,0.584,-1.21,-0.235,0.729,5778,1.80,1.000
"beta_pr[4,23]",-1.65,0.00872,0.626,-2.70,-1.64,-0.637,5162,1.61,1.00
"beta_pr[4,24]",1.47,0.00845,0.634,0.426,1.48,2.55,5628,1.76,0.999
"beta_pr[4,25]",-0.349,0.00747,0.608,-1.34,-0.347,0.635,6620,2.07,1.000
"beta_pr[4,26]",-0.946,0.00712,0.564,-1.86,-0.937,-0.0155,6269,1.96,1.00
"beta_pr[4,27]",-0.713,0.00763,0.599,-1.68,-0.718,0.277,6171,1.93,1.000
"beta_pr[4,28]",-0.0925,0.00748,0.616,-1.11,-0.0916,0.933,6782,2.12,1.000
"beta_pr[4,29]",0.373,0.00879,0.614,-0.609,0.367,1.39,4881,1.52,0.999
"beta_pr[4,30]",0.113,0.00788,0.597,-0.852,0.118,1.09,5743,1.79,1.000
"beta_pr[4,31]",-0.245,0.00700,0.567,-1.19,-0.229,0.677,6576,2.05,1.000
"beta_pr[4,32]",0.348,0.00711,0.575,-0.603,0.352,1.30,6538,2.04,1.00
"beta_pr[4,33]",-1.04,0.00746,0.560,-1.98,-1.03,-0.109,5641,1.76,1.00
"beta_pr[4,34]",-0.628,0.00708,0.549,-1.54,-0.623,0.265,6023,1.88,1.000
"beta_pr[4,35]",-0.327,0.00709,0.552,-1.24,-0.331,0.584,6068,1.89,1.000
"beta_pr[4,36]",1.70,0.00746,0.574,0.755,1.70,2.65,5915,1.85,1.000
"beta_pr[4,37]",-0.0190,0.00832,0.605,-0.999,-0.0168,0.965,5280,1.65,1.000
"beta_pr[4,38]",0.116,0.00704,0.563,-0.793,0.120,1.02,6402,2.00,0.999
"beta_pr[4,39]",0.456,0.00694,0.568,-0.494,0.460,1.38,6703,2.09,1.000
"beta_pr[4,40]",-0.953,0.00794,0.608,-1.97,-0.946,0.0381,5856,1.83,1.000
"beta_pr[4,41]",-0.502,0.00698,0.550,-1.40,-0.514,0.420,6204,1.94,1.000
"beta_pr[4,42]",0.303,0.00757,0.627,-0.719,0.312,1.30,6864,2.14,1.000
"beta_pr[4,43]",0.882,0.00737,0.584,-0.0824,0.874,1.87,6291,1.96,0.999
"beta_pr[4,44]",0.787,0.00783,0.601,-0.195,0.782,1.76,5890,1.84,0.999
"beta_pr[4,45]",0.408,0.00744,0.575,-0.521,0.411,1.35,5969,1.86,1.000
"beta_pr[4,46]",0.674,0.00675,0.574,-0.255,0.662,1.63,7229,2.26,1.00
"beta_pr[4,47]",-0.469,0.00739,0.562,-1.39,-0.458,0.446,5796,1.81,0.999
"beta_pr[4,48]",0.473,0.00727,0.580,-0.460,0.470,1.44,6378,1.99,1.000
"beta_pr[4,49]",-1.40,0.00738,0.582,-2.36,-1.40,-0.461,6231,1.94,1.000
"beta_pr[4,50]",0.161,0.00732,0.599,-0.787,0.152,1.15,6699,2.09,0.999
"beta_pr[4,51]",0.134,0.00777,0.578,-0.818,0.127,1.09,5539,1.73,0.999
"beta_pr[4,52]",-0.704,0.00781,0.600,-1.69,-0.710,0.258,5898,1.84,1.000
"beta_pr[4,53]",-0.779,0.00857,0.600,-1.76,-0.783,0.216,4897,1.53,0.999
"beta_pr[4,54]",0.771,0.00747,0.595,-0.211,0.773,1.75,6329,1.98,1.00
"beta_pr[4,55]",0.172,0.00659,0.531,-0.691,0.170,1.07,6497,2.03,1.00
"beta_pr[4,56]",-0.597,0.00688,0.550,-1.49,-0.602,0.303,6376,1.99,0.999
"beta_pr[4,57]",0.511,0.00800,0.607,-0.492,0.502,1.52,5758,1.80,0.999
"beta_pr[4,58]",-0.0248,0.00785,0.577,-0.972,-0.0232,0.950,5403,1.69,1.00
"beta_pr[4,59]",0.408,0.00833,0.609,-0.594,0.406,1.42,5342,1.67,0.999
"beta_pr[4,60]",0.418,0.00716,0.571,-0.542,0.411,1.36,6360,1.98,1.000
"beta_pr[4,61]",-0.853,0.00743,0.557,-1.79,-0.842,0.0510,5637,1.76,1.000
"beta_pr[4,62]",-0.896,0.00837,0.587,-1.86,-0.894,0.0624,4913,1.53,1.000
"beta_pr[4,63]",0.208,0.00705,0.558,-0.726,0.206,1.14,6262,1.95,0.999
"beta_pr[4,64]",-0.0235,0.00755,0.590,-0.985,-0.0244,0.944,6112,1.91,1.000
"beta_pr[4,65]",0.922,0.00716,0.551,-0.00362,0.926,1.83,5925,1.85,1.000
"beta_pr[4,66]",0.888,0.00748,0.574,-0.0402,0.874,1.83,5894,1.84,1.000
"beta_pr[4,67]",0.765,0.00725,0.603,-0.229,0.775,1.74,6919,2.16,1.000
"beta_pr[4,68]",-0.503,0.00761,0.557,-1.43,-0.501,0.420,5359,1.67,1.00
"beta_pr[4,69]",-0.713,0.00768,0.597,-1.70,-0.713,0.257,6039,1.88,0.999
"beta_pr[4,70]",0.541,0.00768,0.619,-0.483,0.538,1.56,6495,2.03,1.000
"beta_pr[4,71]",0.385,0.00707,0.580,-0.545,0.377,1.36,6729,2.10,0.999
"beta_pr[4,72]",1.42,0.00784,0.582,0.479,1.41,2.38,5503,1.72,0.999
"beta_pr[4,73]",-0.355,0.00717,0.601,-1.36,-0.346,0.608,7028,2.19,0.999
"beta_pr[4,74]",-0.201,0.00752,0.562,-1.11,-0.207,0.731,5578,1.74,0.999
"beta_pr[4,75]",1.35,0.00715,0.596,0.368,1.34,2.32,6949,2.17,0.999
"beta_pr[4,76]",-1.65,0.00910,0.713,-2.83,-1.67,-0.474,6149,1.92,1.000
"beta_pr[4,77]",-0.00172,0.00701,0.573,-0.947,0.00438,0.929,6681,2.08,1.000
"beta_pr[4,78]",-0.896,0.00736,0.597,-1.88,-0.889,0.0811,6590,2.06,1.000
"beta_pr[4,79]",0.259,0.00738,0.581,-0.681,0.250,1.22,6203,1.94,0.999
"beta_pr[4,80]",-0.0744,0.00838,0.675,-1.19,-0.0801,1.05,6485,2.02,1.000
"beta_pr[4,81]",-1.10,0.00723,0.561,-2.01,-1.09,-0.185,6007,1.87,1.000
"beta_pr[4,82]",-0.462,0.00803,0.582,-1.43,-0.464,0.510,5248,1.64,1.00
"beta_pr[4,83]",-0.420,0.00738,0.570,-1.36,-0.417,0.505,5970,1.86,1.000
"beta_pr[4,84]",0.164,0.00914,0.603,-0.818,0.156,1.14,4349,1.36,1.000
"beta_pr[4,85]",0.554,0.00690,0.560,-0.337,0.547,1.49,6583,2.05,0.999
"beta_pr[4,86]",-1.14,0.00815,0.573,-2.10,-1.14,-0.201,4956,1.55,1.000
"beta_pr[4,87]",0.898,0.00796,0.584,-0.0617,0.894,1.87,5384,1.68,1.000
"beta_pr[4,88]",0.459,0.00822,0.599,-0.544,0.453,1.46,5309,1.66,1.000
"beta_pr[4,89]",-1.16,0.00796,0.582,-2.13,-1.14,-0.211,5344,1.67,0.999
"beta_pr[4,90]",0.908,0.00812,0.624,-0.0906,0.890,1.97,5918,1.85,1.000
"beta_pr[4,91]",-0.0600,0.00706,0.575,-1.00,-0.0615,0.858,6623,2.07,1.000
"beta_pr[5,1]",0.197,0.00915,0.746,-1.05,0.195,1.41,6647,2.07,0.999
"beta_pr[5,2]",-0.0499,0.00881,0.658,-1.12,-0.0500,1.01,5583,1.74,1.00
"beta_pr[5,3]",-0.922,0.00799,0.657,-1.98,-0.929,0.152,6756,2.11,0.999
"beta_pr[5,4]",0.914,0.0112,0.751,-0.336,0.920,2.17,4464,1.39,1.000
"beta_pr[5,5]",-0.517,0.00891,0.678,-1.63,-0.519,0.578,5781,1.80,0.999
"beta_pr[5,6]",0.797,0.00848,0.682,-0.318,0.796,1.94,6471,2.02,0.999
"beta_pr[5,7]",0.0571,0.00891,0.668,-1.03,0.0446,1.18,5612,1.75,1.000
"beta_pr[5,8]",-0.482,0.00897,0.667,-1.58,-0.473,0.617,5527,1.72,1.000
"beta_pr[5,9]",0.782,0.00832,0.634,-0.277,0.783,1.80,5806,1.81,1.000
"beta_pr[5,10]",0.562,0.00953,0.701,-0.598,0.560,1.72,5409,1.69,0.999
"beta_pr[5,11]",-0.783,0.00869,0.648,-1.82,-0.793,0.301,5562,1.74,1.00
"beta_pr[5,12]",-0.312,0.00900,0.673,-1.42,-0.310,0.783,5588,1.74,1.000
"beta_pr[5,13]",0.245,0.00854,0.730,-0.984,0.249,1.44,7304,2.28,1.000
"beta_pr[5,14]",0.955,0.00982,0.695,-0.190,0.947,2.10,5008,1.56,1.00
"beta_pr[5,15]",0.669,0.0107,0.707,-0.487,0.672,1.83,4381,1.37,0.999
"beta_pr[5,16]",0.380,0.00890,0.694,-0.757,0.376,1.54,6069,1.89,1.00
"beta_pr[5,17]",0.444,0.00874,0.679,-0.682,0.438,1.57,6037,1.88,1.000
"beta_pr[5,18]",0.594,0.0104,0.691,-0.531,0.590,1.73,4434,1.38,0.999
"beta_pr[5,19]",-1.20,0.00799,0.643,-2.23,-1.21,-0.151,6467,2.02,0.999
"beta_pr[5,20]",-0.738,0.00798,0.645,-1.79,-0.740,0.346,6527,2.04,1.000
"beta_pr[5,21]",0.282,0.00851,0.652,-0.796,0.282,1.35,5869,1.83,0.999
"beta_pr[5,22]",-1.18,0.00803,0.665,-2.27,-1.18,-0.0887,6847,2.14,1.000
"beta_pr[5,23]",0.603,0.00949,0.681,-0.514,0.591,1.72,5157,1.61,1.000
"beta_pr[5,24]",0.779,0.00977,0.692,-0.367,0.776,1.88,5020,1.57,0.999
"beta_pr[5,25]",-0.410,0.00849,0.687,-1.50,-0.414,0.724,6540,2.04,0.999
"beta_pr[5,26]",0.444,0.00848,0.680,-0.688,0.431,1.57,6427,2.01,1.000
"beta_pr[5,27]",-0.509,0.00926,0.690,-1.64,-0.513,0.624,5548,1.73,1.000
"beta_pr[5,28]",0.00252,0.00961,0.789,-1.27,0.000997,1.30,6740,2.10,1.000
"beta_pr[5,29]",1.79,0.00888,0.710,0.610,1.79,2.96,6397,2.00,1.000
"beta_pr[5,30]",-0.0369,0.00827,0.653,-1.11,-0.0495,1.03,6227,1.94,0.999
"beta_pr[5,31]",-0.946,0.00824,0.641,-2.00,-0.938,0.0944,6050,1.89,0.999
"beta_pr[5,32]",0.177,0.00813,0.645,-0.898,0.168,1.26,6298,1.97,1.00
"beta_pr[5,33]",0.607,0.00831,0.649,-0.429,0.611,1.69,6100,1.90,1.00
"beta_pr[5,34]",-0.754,0.00829,0.646,-1.80,-0.755,0.307,6077,1.90,1.00
"beta_pr[5,35]",0.0600,0.00767,0.652,-1.02,0.0618,1.14,7217,2.25,0.999
"beta_pr[5,36]",-0.670,0.0105,0.668,-1.75,-0.672,0.432,4038,1.26,1.00
"beta_pr[5,37]",-0.0913,0.00847,0.660,-1.16,-0.0907,0.994,6079,1.90,1.000
"beta_pr[5,38]",0.444,0.00886,0.652,-0.659,0.445,1.51,5411,1.69,1.000
"beta_pr[5,39]",-0.291,0.00844,0.676,-1.40,-0.282,0.812,6411,2.00,0.999
"beta_pr[5,40]",-1.62,0.00881,0.670,-2.73,-1.63,-0.523,5778,1.80,1.000
"beta_pr[5,41]",-0.658,0.00879,0.648,-1.73,-0.664,0.412,5436,1.70,0.999
"beta_pr[5,42]",0.273,0.00858,0.705,-0.883,0.273,1.43,6759,2.11,1.000
"beta_pr[5,43]",-0.238,0.00887,0.689,-1.38,-0.228,0.909,6032,1.88,0.999
"beta_pr[5,44]",-1.28,0.00837,0.697,-2.42,-1.27,-0.129,6935,2.16,1.000
"beta_pr[5,45]",-1.40,0.00865,0.672,-2.53,-1.39,-0.329,6041,1.89,0.999
"beta_pr[5,46]",0.361,0.00854,0.655,-0.727,0.362,1.45,5875,1.83,0.999
"beta_pr[5,47]",-1.07,0.00834,0.628,-2.10,-1.07,-0.0315,5672,1.77,0.999
"beta_pr[5,48]",-0.970,0.00831,0.667,-2.06,-0.966,0.150,6442,2.01,0.999
"beta_pr[5,49]",0.680,0.00917,0.689,-0.468,0.677,1.82,5652,1.76,1.000
"beta_pr[5,50]",-0.255,0.00860,0.676,-1.36,-0.258,0.871,6182,1.93,0.999
"beta_pr[5,51]",0.193,0.00861,0.638,-0.849,0.198,1.25,5502,1.72,0.999
"beta_pr[5,52]",0.591,0.00907,0.699,-0.546,0.598,1.73,5941,1.85,1.000
"beta_pr[5,53]",-1.42,0.00956,0.679,-2.54,-1.42,-0.323,5047,1.58,1.000
"beta_pr[5,54]",1.21,0.00947,0.717,0.00696,1.22,2.37,5729,1.79,1.000
"beta_pr[5,55]",-0.676,0.00860,0.646,-1.76,-0.671,0.379,5638,1.76,1.00
"beta_pr[5,56]",-0.175,0.00812,0.646,-1.24,-0.167,0.867,6329,1.97,0.999
"beta_pr[5,57]",-0.829,0.00957,0.738,-2.04,-0.823,0.364,5955,1.86,0.999
"beta_pr[5,58]",0.342,0.00872,0.662,-0.736,0.336,1.43,5769,1.80,1.00
"beta_pr[5,59]",-0.681,0.00961,0.735,-1.88,-0.675,0.533,5839,1.82,0.999
"beta_pr[5,60]",-0.650,0.00888,0.635,-1.72,-0.641,0.389,5111,1.60,0.999
"beta_pr[5,61]",0.989,0.00845,0.649,-0.0714,0.985,2.06,5899,1.84,0.999
"beta_pr[5,62]",-0.662,0.00967,0.658,-1.73,-0.669,0.427,4629,1.44,0.999
"beta_pr[5,63]",0.238,0.00819,0.643,-0.815,0.241,1.29,6169,1.93,0.999
"beta_pr[5,64]",0.830,0.00768,0.645,-0.225,0.830,1.89,7060,2.20,0.999
"beta_pr[5,65]",-0.708,0.00867,0.642,-1.78,-0.705,0.360,5486,1.71,0.999
"beta_pr[5,66]",1.06,0.00848,0.634,0.00704,1.06,2.10,5584,1.74,1.000
"beta_pr[5,67]",0.345,0.00818,0.671,-0.760,0.356,1.46,6722,2.10,1.000
"beta_pr[5,68]",0.577,0.00786,0.644,-0.465,0.560,1.65,6716,2.10,0.999
"beta_pr[5,69]",0.816,0.00881,0.672,-0.288,0.823,1.90,5816,1.82,0.999
"beta_pr[5,70]",0.916,0.00814,0.669,-0.182,0.912,2.00,6763,2.11,1.000
"beta_pr[5,71]",0.114,0.00883,0.641,-0.922,0.122,1.17,5270,1.64,1.00
"beta_pr[5,72]",0.203,0.00887,0.696,-0.967,0.207,1.33,6144,1.92,1.00
"beta_pr[5,73]",0.527,0.00868,0.671,-0.572,0.518,1.65,5976,1.86,0.999
"beta_pr[5,74]",0.375,0.00790,0.652,-0.683,0.361,1.45,6814,2.13,1.000
"beta_pr[5,75]",-0.104,0.00916,0.714,-1.30,-0.102,1.08,6069,1.89,0.999
"beta_pr[5,76]",-0.805,0.0101,0.725,-1.98,-0.810,0.404,5151,1.61,1.000
"beta_pr[5,77]",-0.0125,0.00903,0.689,-1.18,-0.00423,1.10,5819,1.82,0.999
"beta_pr[5,78]",-0.0724,0.0103,0.765,-1.33,-0.0599,1.17,5485,1.71,1.000
"beta_pr[5,79]",0.766,0.00837,0.654,-0.277,0.761,1.84,6105,1.91,1.000
"beta_pr[5,80]",0.360,0.00955,0.724,-0.805,0.352,1.55,5747,1.79,1.000
"beta_pr[5,81]",0.333,0.00971,0.683,-0.775,0.346,1.46,4949,1.54,1.00
"beta_pr[5,82]",1.34,0.00801,0.636,0.292,1.34,2.38,6308,1.97,1.000
"beta_pr[5,83]",-0.774,0.00889,0.674,-1.90,-0.764,0.320,5743,1.79,1.000
"beta_pr[5,84]",-1.98,0.00955,0.700,-3.16,-1.98,-0.855,5377,1.68,1.000
"beta_pr[5,85]",0.376,0.00822,0.646,-0.681,0.381,1.43,6182,1.93,1.000
"beta_pr[5,86]",-0.834,0.00943,0.671,-1.94,-0.826,0.274,5061,1.58,1.000
"beta_pr[5,87]",0.537,0.00955,0.661,-0.550,0.542,1.62,4789,1.49,1.00
"beta_pr[5,88]",0.570,0.00921,0.706,-0.569,0.569,1.73,5875,1.83,1.000
"beta_pr[5,89]",0.339,0.0112,0.702,-0.815,0.344,1.50,3922,1.22,1.000
"beta_pr[5,90]",0.693,0.00890,0.672,-0.401,0.697,1.78,5705,1.78,0.999
"beta_pr[5,91]",0.0553,0.00844,0.679,-1.06,0.0567,1.14,6478,2.02,0.999
"beta_pr[6,1]",-0.115,0.00927,0.812,-1.45,-0.104,1.23,7687,2.40,0.999
"beta_pr[6,2]",-0.175,0.00923,0.737,-1.36,-0.190,1.04,6389,1.99,1.000
"beta_pr[6,3]",-0.317,0.00971,0.734,-1.51,-0.325,0.919,5720,1.79,0.999
"beta_pr[6,4]",0.677,0.0101,0.809,-0.633,0.671,2.00,6421,2.00,0.999
"beta_pr[6,5]",0.488,0.00830,0.732,-0.714,0.478,1.69,7776,2.43,0.999
"beta_pr[6,6]",-0.501,0.00944,0.767,-1.74,-0.514,0.777,6596,2.06,1.00
"beta_pr[6,7]",0.252,0.00923,0.758,-0.995,0.258,1.47,6754,2.11,1.000
"beta_pr[6,8]",0.739,0.00890,0.734,-0.452,0.738,1.95,6807,2.12,0.999
"beta_pr[6,9]",-0.479,0.00892,0.727,-1.68,-0.463,0.667,6631,2.07,1.000
"beta_pr[6,10]",1.16,0.0102,0.788,-0.136,1.17,2.48,5994,1.87,1.000
"beta_pr[6,11]",-0.653,0.00971,0.745,-1.87,-0.663,0.594,5893,1.84,1.00
"beta_pr[6,12]",1.17,0.00924,0.753,-0.0674,1.17,2.43,6639,2.07,0.999
"beta_pr[6,13]",0.00750,0.00971,0.768,-1.24,0.0184,1.27,6264,1.95,1.00
"beta_pr[6,14]",0.0624,0.00939,0.754,-1.20,0.0665,1.31,6456,2.01,0.999
"beta_pr[6,15]",0.983,0.0104,0.799,-0.345,0.989,2.26,5924,1.85,1.00
"beta_pr[6,16]",-0.339,0.00891,0.743,-1.57,-0.343,0.871,6951,2.17,1.000
"beta_pr[6,17]",-0.155,0.00939,0.758,-1.41,-0.134,1.10,6515,2.03,0.999
"beta_pr[6,18]",-0.922,0.0111,0.810,-2.26,-0.930,0.403,5340,1.67,1.000
"beta_pr[6,19]",-0.515,0.00959,0.751,-1.76,-0.507,0.724,6127,1.91,1.000
"beta_pr[6,20]",0.611,0.00915,0.759,-0.628,0.612,1.88,6882,2.15,1.000
"beta_pr[6,21]",-0.0112,0.00917,0.751,-1.27,0.00160,1.19,6702,2.09,1.000
"beta_pr[6,22]",-0.412,0.00971,0.762,-1.66,-0.418,0.836,6161,1.92,1.000
"beta_pr[6,23]",-0.399,0.0110,0.740,-1.63,-0.395,0.812,4529,1.41,0.999
"beta_pr[6,24]",0.597,0.00968,0.796,-0.717,0.593,1.94,6761,2.11,0.999
"beta_pr[6,25]",0.328,0.0103,0.770,-0.934,0.343,1.58,5612,1.75,1.000
"beta_pr[6,26]",0.802,0.00931,0.737,-0.437,0.814,2.02,6263,1.95,1.000
"beta_pr[6,27]",0.0913,0.0100,0.776,-1.17,0.0868,1.39,5981,1.87,1.000
"beta_pr[6,28]",0.592,0.00986,0.868,-0.845,0.595,2.01,7758,2.42,1.000
"beta_pr[6,29]",-0.178,0.00974,0.778,-1.48,-0.170,1.08,6372,1.99,0.999
"beta_pr[6,30]",-0.548,0.00893,0.749,-1.77,-0.553,0.718,7042,2.20,0.999
"beta_pr[6,31]",0.210,0.00991,0.769,-1.09,0.213,1.48,6023,1.88,1.00
"beta_pr[6,32]",0.735,0.00865,0.729,-0.456,0.729,1.94,7103,2.22,1.000
"beta_pr[6,33]",0.203,0.00918,0.743,-1.04,0.216,1.43,6546,2.04,0.999
"beta_pr[6,34]",0.235,0.00953,0.745,-0.991,0.238,1.46,6108,1.91,0.999
"beta_pr[6,35]",-0.0515,0.00880,0.728,-1.25,-0.0484,1.14,6843,2.14,1.000
"beta_pr[6,36]",-1.86,0.0102,0.740,-3.07,-1.87,-0.629,5238,1.63,1.000
"beta_pr[6,37]",0.665,0.00915,0.718,-0.501,0.661,1.85,6156,1.92,1.000
"beta_pr[6,38]",-0.446,0.00868,0.733,-1.66,-0.446,0.772,7132,2.23,0.999
"beta_pr[6,39]",0.292,0.00814,0.730,-0.917,0.292,1.47,8036,2.51,0.999
"beta_pr[6,40]",0.511,0.0107,0.774,-0.740,0.507,1.79,5275,1.65,1.00
"beta_pr[6,41]",-0.768,0.00958,0.763,-2.01,-0.768,0.484,6335,1.98,1.000
"beta_pr[6,42]",-0.120,0.00885,0.764,-1.38,-0.0961,1.13,7453,2.33,1.000
"beta_pr[6,43]",-0.0602,0.00995,0.762,-1.33,-0.0462,1.18,5865,1.83,1.000
"beta_pr[6,44]",-1.07,0.00998,0.749,-2.31,-1.08,0.177,5636,1.76,1.000
"beta_pr[6,45]",-0.401,0.0102,0.811,-1.72,-0.403,0.923,6316,1.97,0.999
"beta_pr[6,46]",0.253,0.00927,0.776,-1.03,0.253,1.55,7003,2.19,0.999
"beta_pr[6,47]",0.335,0.00917,0.733,-0.865,0.329,1.53,6389,1.99,1.000
"beta_pr[6,48]",0.0420,0.00926,0.746,-1.19,0.0442,1.26,6482,2.02,1.000
"beta_pr[6,49]",0.748,0.0104,0.769,-0.529,0.755,2.04,5463,1.70,1.000
"beta_pr[6,50]",0.368,0.00929,0.762,-0.878,0.384,1.59,6731,2.10,0.999
"beta_pr[6,51]",0.810,0.00999,0.723,-0.376,0.810,1.98,5244,1.64,1.00
"beta_pr[6,52]",0.722,0.00896,0.790,-0.580,0.730,2.04,7776,2.43,1.00
"beta_pr[6,53]",-0.231,0.00987,0.767,-1.47,-0.238,1.03,6036,1.88,1.000
"beta_pr[6,54]",-0.455,0.00931,0.770,-1.72,-0.464,0.782,6844,2.14,1.000
"beta_pr[6,55]",-0.508,0.00889,0.724,-1.70,-0.501,0.665,6638,2.07,0.999
"beta_pr[6,56]",-0.307,0.00881,0.753,-1.55,-0.295,0.930,7307,2.28,0.999
"beta_pr[6,57]",-1.45,0.00944,0.773,-2.69,-1.46,-0.171,6711,2.09,0.999
"beta_pr[6,58]",-1.06,0.00991,0.759,-2.30,-1.08,0.225,5875,1.83,1.000
"beta_pr[6,59]",-0.144,0.00949,0.759,-1.38,-0.148,1.10,6389,1.99,1.00
"beta_pr[6,60]",0.603,0.00919,0.734,-0.610,0.605,1.82,6382,1.99,0.999
"beta_pr[6,61]",0.794,0.0106,0.760,-0.469,0.792,2.04,5179,1.62,1.00
"beta_pr[6,62]",-1.04,0.00943,0.741,-2.24,-1.05,0.181,6186,1.93,1.000
"beta_pr[6,63]",-0.188,0.00959,0.760,-1.46,-0.182,1.08,6281,1.96,1.000
"beta_pr[6,64]",-0.224,0.00901,0.746,-1.45,-0.212,0.957,6842,2.14,1.00
"beta_pr[6,65]",-0.482,0.0103,0.767,-1.72,-0.477,0.768,5570,1.74,1.000
"beta_pr[6,66]",0.377,0.00936,0.741,-0.866,0.389,1.59,6269,1.96,0.999
"beta_pr[6,67]",-0.393,0.00990,0.742,-1.60,-0.401,0.861,5615,1.75,1.00
"beta_pr[6,68]",-0.0937,0.00872,0.770,-1.34,-0.100,1.19,7793,2.43,1.000
"beta_pr[6,69]",-0.434,0.00981,0.750,-1.67,-0.422,0.780,5843,1.82,0.999
"beta_pr[6,70]",-0.0662,0.00949,0.792,-1.38,-0.0497,1.22,6964,2.17,0.999
"beta_pr[6,71]",-0.144,0.00991,0.708,-1.28,-0.141,1.03,5104,1.59,1.000
"beta_pr[6,72]",-0.733,0.0104,0.772,-2.01,-0.739,0.544,5494,1.71,1.000
"beta_pr[6,73]",-0.459,0.00949,0.754,-1.69,-0.461,0.770,6303,1.97,0.999
"beta_pr[6,74]",-0.113,0.00925,0.750,-1.33,-0.115,1.13,6566,2.05,1.00
"beta_pr[6,75]",1.14,0.0105,0.785,-0.141,1.14,2.43,5597,1.75,1.000
"beta_pr[6,76]",-0.715,0.0100,0.769,-1.97,-0.728,0.575,5887,1.84,1.000
"beta_pr[6,77]",0.673,0.00884,0.710,-0.477,0.674,1.84,6437,2.01,1.000
"beta_pr[6,78]",0.894,0.00945,0.797,-0.423,0.881,2.20,7113,2.22,0.999
"beta_pr[6,79]",-0.0381,0.00902,0.724,-1.22,-0.0403,1.16,6443,2.01,0.999
"beta_pr[6,80]",1.22,0.0102,0.746,-0.00821,1.23,2.46,5329,1.66,1.00
"beta_pr[6,81]",0.518,0.0100,0.773,-0.755,0.532,1.79,5954,1.86,1.000
"beta_pr[6,82]",-0.166,0.0102,0.784,-1.47,-0.170,1.13,5905,1.84,1.000
"beta_pr[6,83]",0.622,0.00938,0.754,-0.613,0.622,1.85,6461,2.02,1.000
"beta_pr[6,84]",-1.36,0.0109,0.785,-2.66,-1.37,-0.0762,5152,1.61,1.000
"beta_pr[6,85]",0.231,0.00958,0.759,-1.01,0.222,1.47,6288,1.96,1.000
"beta_pr[6,86]",-0.0576,0.00946,0.745,-1.30,-0.0515,1.16,6195,1.93,0.999
"beta_pr[6,87]",0.503,0.0101,0.785,-0.785,0.507,1.78,6017,1.88,1.000
"beta_pr[6,88]",0.864,0.0102,0.799,-0.457,0.880,2.17,6120,1.91,1.00
"beta_pr[6,89]",-1.90,0.00961,0.762,-3.14,-1.90,-0.636,6291,1.96,1.000
"beta_pr[6,90]",0.654,0.00954,0.802,-0.686,0.657,1.97,7065,2.20,1.000
"beta_pr[6,91]",-0.353,0.00917,0.759,-1.59,-0.353,0.865,6845,2.14,1.000
"beta_pr[7,1]",-0.0231,0.00954,0.879,-1.47,-0.0292,1.43,8495,2.65,0.999
"beta_pr[7,2]",0.0768,0.0110,0.883,-1.37,0.0763,1.55,6430,2.01,0.999
"beta_pr[7,3]",-0.443,0.0126,0.903,-1.90,-0.454,1.06,5178,1.62,1.000
"beta_pr[7,4]",-0.571,0.0112,0.866,-1.99,-0.568,0.875,5938,1.85,0.999
"beta_pr[7,5]",0.244,0.0130,0.951,-1.35,0.227,1.84,5328,1.66,0.999
"beta_pr[7,6]",0.257,0.0118,0.939,-1.29,0.265,1.82,6316,1.97,1.000
"beta_pr[7,7]",-0.803,0.0119,0.873,-2.19,-0.824,0.660,5423,1.69,1.000
"beta_pr[7,8]",0.509,0.0120,0.858,-0.931,0.520,1.91,5096,1.59,0.999
"beta_pr[7,9]",0.901,0.0130,0.880,-0.601,0.925,2.28,4608,1.44,1.000
"beta_pr[7,10]",-0.0120,0.00996,0.854,-1.43,0.00149,1.38,7359,2.30,0.999
"beta_pr[7,11]",-0.794,0.0132,0.902,-2.21,-0.818,0.675,4703,1.47,1.00
"beta_pr[7,12]",0.188,0.0106,0.869,-1.27,0.196,1.63,6656,2.08,0.999
"beta_pr[7,13]",-0.454,0.0125,0.936,-1.99,-0.478,1.10,5618,1.75,1.000
"beta_pr[7,14]",0.435,0.0109,0.891,-1.02,0.457,1.90,6619,2.07,1.000
"beta_pr[7,15]",0.185,0.0109,0.927,-1.35,0.181,1.70,7264,2.27,1.00
"beta_pr[7,16]",0.142,0.0111,0.913,-1.36,0.137,1.66,6775,2.11,1.000
"beta_pr[7,17]",0.156,0.00967,0.859,-1.27,0.154,1.55,7902,2.47,0.999
"beta_pr[7,18]",-0.721,0.0117,0.914,-2.23,-0.726,0.812,6069,1.89,1.00
"beta_pr[7,19]",0.134,0.0105,0.864,-1.28,0.149,1.55,6741,2.10,0.999
"beta_pr[7,20]",0.401,0.0108,0.820,-0.986,0.431,1.75,5790,1.81,1.000
"beta_pr[7,21]",0.207,0.0111,0.928,-1.29,0.215,1.72,6983,2.18,1.00
"beta_pr[7,22]",-0.243,0.0117,0.907,-1.74,-0.233,1.24,6005,1.87,1.00
"beta_pr[7,23]",-0.304,0.0126,0.949,-1.87,-0.309,1.26,5633,1.76,1.000
"beta_pr[7,24]",-0.616,0.0122,0.895,-2.09,-0.640,0.911,5392,1.68,1.00
"beta_pr[7,25]",-0.185,0.0102,0.866,-1.60,-0.187,1.24,7176,2.24,0.999
"beta_pr[7,26]",0.0506,0.0106,0.885,-1.41,0.0493,1.52,6942,2.17,1.00
"beta_pr[7,27]",-0.180,0.0100,0.866,-1.60,-0.188,1.23,7495,2.34,1.000
"beta_pr[7,28]",-0.235,0.0113,0.911,-1.71,-0.252,1.30,6486,2.02,1.00
"beta_pr[7,29]",-0.114,0.0105,0.872,-1.55,-0.108,1.32,6966,2.17,0.999
"beta_pr[7,30]",-0.305,0.0110,0.913,-1.79,-0.324,1.25,6913,2.16,1.000
"beta_pr[7,31]",-0.0595,0.0107,0.881,-1.49,-0.0559,1.39,6826,2.13,0.999
"beta_pr[7,32]",-0.429,0.0110,0.911,-1.93,-0.440,1.10,6906,2.15,1.000
"beta_pr[7,33]",0.330,0.0122,0.888,-1.15,0.338,1.78,5294,1.65,1.000
"beta_pr[7,34]",-0.0728,0.0102,0.888,-1.55,-0.0547,1.37,7539,2.35,0.999
"beta_pr[7,35]",-0.735,0.0115,0.913,-2.20,-0.749,0.782,6253,1.95,0.999
"beta_pr[7,36]",0.944,0.0126,0.889,-0.558,0.968,2.35,4972,1.55,0.999
"beta_pr[7,37]",0.0477,0.0104,0.869,-1.42,0.0532,1.47,7040,2.20,1.00
"beta_pr[7,38]",-0.140,0.0103,0.873,-1.55,-0.143,1.28,7154,2.23,0.999
"beta_pr[7,39]",0.149,0.0105,0.899,-1.37,0.158,1.61,7339,2.29,1.00
"beta_pr[7,40]",-0.988,0.0154,0.967,-2.54,-0.989,0.621,3959,1.24,1.00
"beta_pr[7,41]",-0.453,0.0118,0.904,-1.88,-0.459,1.04,5869,1.83,0.999
"beta_pr[7,42]",0.640,0.0131,0.917,-0.897,0.672,2.11,4911,1.53,1.00
"beta_pr[7,43]",0.793,0.0125,0.897,-0.699,0.816,2.24,5174,1.61,1.00
"beta_pr[7,44]",-0.408,0.0119,0.891,-1.87,-0.418,1.06,5578,1.74,0.999
"beta_pr[7,45]",0.146,0.0103,0.844,-1.26,0.152,1.51,6664,2.08,0.999
"beta_pr[7,46]",0.210,0.0107,0.873,-1.19,0.194,1.64,6625,2.07,1.000
"beta_pr[7,47]",-0.571,0.0112,0.857,-1.97,-0.575,0.855,5876,1.83,0.999
"beta_pr[7,48]",0.0940,0.0107,0.943,-1.46,0.0936,1.63,7774,2.43,0.999
"beta_pr[7,49]",-0.00638,0.0107,0.877,-1.43,-0.00789,1.44,6782,2.12,0.999
"beta_pr[7,50]",-0.00972,0.0110,0.894,-1.47,-0.0149,1.44,6638,2.07,0.999
"beta_pr[7,51]",-0.754,0.0121,0.890,-2.22,-0.760,0.737,5380,1.68,0.999
"beta_pr[7,52]",0.152,0.0113,0.851,-1.26,0.162,1.52,5679,1.77,1.000
"beta_pr[7,53]",-0.333,0.0114,0.949,-1.89,-0.339,1.24,6910,2.16,1.00
"beta_pr[7,54]",-0.259,0.00997,0.875,-1.70,-0.271,1.19,7703,2.40,0.999
"beta_pr[7,55]",0.0469,0.0117,0.893,-1.44,0.0439,1.49,5845,1.82,1.000
"beta_pr[7,56]",0.523,0.0112,0.872,-0.994,0.555,1.91,6032,1.88,1.000
"beta_pr[7,57]",0.0594,0.0109,0.900,-1.42,0.0642,1.52,6774,2.11,1.000
"beta_pr[7,58]",-0.0830,0.0112,0.897,-1.56,-0.0889,1.41,6387,1.99,0.999
"beta_pr[7,59]",0.252,0.0117,0.937,-1.29,0.255,1.76,6390,1.99,1.000
"beta_pr[7,60]",0.258,0.0120,0.954,-1.33,0.256,1.82,6314,1.97,1.000
"beta_pr[7,61]",0.186,0.0110,0.858,-1.22,0.175,1.64,6142,1.92,1.000
"beta_pr[7,62]",0.00712,0.0106,0.913,-1.50,0.0194,1.48,7401,2.31,1.000
"beta_pr[7,63]",-0.0610,0.0108,0.868,-1.50,-0.0645,1.38,6447,2.01,1.000
"beta_pr[7,64]",0.0133,0.0108,0.931,-1.51,0.0190,1.54,7434,2.32,0.999
"beta_pr[7,65]",0.841,0.0124,0.861,-0.602,0.860,2.23,4804,1.50,0.999
"beta_pr[7,66]",0.175,0.0119,0.947,-1.41,0.177,1.72,6338,1.98,0.999
"beta_pr[7,67]",0.0299,0.0106,0.859,-1.39,0.0354,1.39,6595,2.06,0.999
"beta_pr[7,68]",0.905,0.0127,0.904,-0.599,0.926,2.34,5060,1.58,1.00
"beta_pr[7,69]",-0.171,0.0121,0.980,-1.76,-0.174,1.47,6553,2.04,0.999
"beta_pr[7,70]",-0.0238,0.0111,0.885,-1.49,-0.0221,1.43,6329,1.98,0.999
"beta_pr[7,71]",-0.215,0.0114,0.876,-1.60,-0.230,1.26,5895,1.84,0.999
"beta_pr[7,72]",0.594,0.0116,0.901,-0.894,0.612,2.05,6067,1.89,0.999
"beta_pr[7,73]",0.827,0.0140,0.953,-0.772,0.856,2.35,4637,1.45,1.000
"beta_pr[7,74]",0.427,0.0115,0.903,-1.06,0.429,1.91,6167,1.92,0.999
"beta_pr[7,75]",-0.187,0.00978,0.884,-1.62,-0.179,1.28,8157,2.55,1.000
"beta_pr[7,76]",-0.679,0.0116,0.927,-2.19,-0.694,0.841,6365,1.99,0.999
"beta_pr[7,77]",-0.286,0.0113,0.915,-1.79,-0.284,1.24,6603,2.06,1.00
"beta_pr[7,78]",0.186,0.0121,0.938,-1.38,0.173,1.71,6027,1.88,0.999
"beta_pr[7,79]",0.0767,0.0107,0.898,-1.40,0.0749,1.57,7094,2.21,0.999
"beta_pr[7,80]",0.111,0.0109,0.901,-1.33,0.0997,1.60,6822,2.13,0.999
"beta_pr[7,81]",-0.0668,0.0101,0.852,-1.47,-0.0684,1.31,7093,2.21,1.000
"beta_pr[7,82]",-0.171,0.00989,0.893,-1.64,-0.176,1.28,8146,2.54,1.000
"beta_pr[7,83]",0.160,0.0112,0.913,-1.37,0.162,1.66,6687,2.09,0.999
"beta_pr[7,84]",0.406,0.0139,0.987,-1.25,0.432,2.01,5069,1.58,1.000
"beta_pr[7,85]",0.209,0.0102,0.872,-1.25,0.222,1.60,7249,2.26,0.999
"beta_pr[7,86]",0.0161,0.0108,0.891,-1.44,0.0101,1.48,6777,2.11,1.000
"beta_pr[7,87]",0.585,0.0120,0.903,-0.898,0.581,2.09,5627,1.76,1.000
"beta_pr[7,88]",-0.956,0.0137,0.917,-2.45,-0.974,0.575,4448,1.39,1.00
"beta_pr[7,89]",-0.597,0.0111,0.863,-2.00,-0.602,0.843,6074,1.90,1.000
"beta_pr[7,90]",-0.0767,0.0108,0.895,-1.58,-0.0694,1.42,6894,2.15,1.000
"beta_pr[7,91]",0.307,0.0106,0.872,-1.13,0.317,1.75,6781,2.12,0.999
"beta_pr[8,1]",0.0415,0.0120,0.986,-1.55,0.0370,1.65,6714,2.10,1.000
"beta_pr[8,2]",0.210,0.0120,0.967,-1.38,0.212,1.79,6456,2.01,1.000
"beta_pr[8,3]",-0.0470,0.0136,0.997,-1.70,-0.0321,1.56,5389,1.68,1.000
"beta_pr[8,4]",-0.243,0.0127,0.961,-1.85,-0.244,1.38,5687,1.77,1.000
"beta_pr[8,5]",0.211,0.0145,1.06,-1.51,0.210,1.93,5326,1.66,1.000
"beta_pr[8,6]",0.0969,0.0132,1.02,-1.61,0.0818,1.75,5955,1.86,1.000
"beta_pr[8,7]",-0.0512,0.0135,1.01,-1.72,-0.0615,1.61,5615,1.75,0.999
"beta_pr[8,8]",-0.0913,0.0110,0.953,-1.70,-0.0830,1.47,7434,2.32,0.999
"beta_pr[8,9]",-0.0822,0.0121,0.989,-1.72,-0.0805,1.55,6694,2.09,0.999
"beta_pr[8,10]",0.0635,0.0120,0.993,-1.57,0.0666,1.71,6881,2.15,1.000
"beta_pr[8,11]",0.176,0.0135,1.03,-1.47,0.159,1.88,5826,1.82,1.000
"beta_pr[8,12]",0.129,0.0122,0.970,-1.42,0.109,1.76,6296,1.96,0.999
"beta_pr[8,13]",-0.0755,0.0147,1.06,-1.81,-0.0844,1.67,5190,1.62,1.000
"beta_pr[8,14]",-0.301,0.0138,0.980,-1.88,-0.303,1.33,5016,1.57,0.999
"beta_pr[8,15]",-0.0760,0.0122,0.984,-1.71,-0.0705,1.55,6485,2.02,0.999
"beta_pr[8,16]",-0.165,0.0120,0.978,-1.71,-0.156,1.46,6621,2.07,1.000
"beta_pr[8,17]",0.163,0.0114,0.998,-1.42,0.153,1.81,7678,2.40,0.999
"beta_pr[8,18]",0.0495,0.0123,0.964,-1.57,0.0632,1.63,6182,1.93,1.00
"beta_pr[8,19]",-0.0827,0.0122,0.961,-1.63,-0.0816,1.51,6202,1.94,1.000
"beta_pr[8,20]",0.00231,0.0107,0.966,-1.59,0.00154,1.57,8086,2.52,1.000
"beta_pr[8,21]",0.130,0.0121,0.957,-1.42,0.128,1.66,6221,1.94,1.000
"beta_pr[8,22]",0.0621,0.0111,0.970,-1.58,0.0663,1.67,7648,2.39,1.000
"beta_pr[8,23]",-0.257,0.0127,1.00,-1.91,-0.255,1.39,6191,1.93,0.999
"beta_pr[8,24]",-0.0881,0.0108,0.959,-1.66,-0.108,1.48,7943,2.48,0.999
"beta_pr[8,25]",-0.151,0.0117,0.985,-1.74,-0.163,1.47,7102,2.22,1.000
"beta_pr[8,26]",-0.0713,0.0117,0.950,-1.62,-0.0681,1.50,6532,2.04,0.999
"beta_pr[8,27]",0.0250,0.0115,0.992,-1.61,0.0334,1.64,7501,2.34,0.999
"beta_pr[8,28]",-0.00396,0.0114,0.970,-1.64,-0.00263,1.61,7233,2.26,0.999
"beta_pr[8,29]",0.00192,0.0122,0.963,-1.60,0.0157,1.58,6179,1.93,1.000
"beta_pr[8,30]",0.139,0.0117,0.967,-1.45,0.150,1.74,6779,2.12,1.00
"beta_pr[8,31]",-0.309,0.0120,0.973,-1.90,-0.314,1.30,6608,2.06,0.999
"beta_pr[8,32]",-0.189,0.0121,0.965,-1.79,-0.178,1.37,6314,1.97,1.000
"beta_pr[8,33]",-0.191,0.0126,1.00,-1.83,-0.190,1.42,6375,1.99,1.000
"beta_pr[8,34]",-0.181,0.0136,1.00,-1.84,-0.175,1.49,5468,1.71,1.00
"beta_pr[8,35]",-0.184,0.0119,0.971,-1.75,-0.190,1.41,6671,2.08,1.000
"beta_pr[8,36]",0.113,0.0108,0.971,-1.48,0.0886,1.73,8043,2.51,1.000
"beta_pr[8,37]",0.00538,0.0119,0.946,-1.53,-0.0174,1.59,6317,1.97,1.000
"beta_pr[8,38]",-0.0335,0.0120,0.964,-1.63,-0.0485,1.55,6482,2.02,0.999
"beta_pr[8,39]",0.0673,0.0111,0.982,-1.57,0.0828,1.65,7768,2.42,1.000
"beta_pr[8,40]",-0.0264,0.0114,0.954,-1.60,-0.0379,1.54,7010,2.19,1.000
"beta_pr[8,41]",-0.183,0.0116,0.947,-1.75,-0.174,1.36,6608,2.06,0.999
"beta_pr[8,42]",-0.0233,0.0124,1.01,-1.69,-0.0380,1.65,6584,2.05,0.999
"beta_pr[8,43]",0.0738,0.0113,0.988,-1.55,0.0892,1.70,7683,2.40,1.000
"beta_pr[8,44]",0.163,0.0137,1.01,-1.52,0.179,1.80,5420,1.69,1.000
"beta_pr[8,45]",0.179,0.0116,0.976,-1.46,0.186,1.75,7108,2.22,0.999
"beta_pr[8,46]",0.168,0.0119,0.972,-1.41,0.174,1.77,6712,2.09,0.999
"beta_pr[8,47]",-0.0976,0.0122,0.971,-1.70,-0.112,1.50,6366,1.99,0.999
"beta_pr[8,48]",0.00838,0.0112,0.951,-1.59,0.0176,1.57,7252,2.26,1.000
"beta_pr[8,49]",-0.528,0.0149,1.03,-2.21,-0.547,1.14,4748,1.48,0.999
"beta_pr[8,50]",-0.161,0.0127,0.958,-1.72,-0.173,1.40,5655,1.76,1.00
"beta_pr[8,51]",0.178,0.0131,0.962,-1.44,0.187,1.76,5376,1.68,0.999
"beta_pr[8,52]",0.190,0.0123,1.000,-1.47,0.199,1.86,6621,2.07,1.000
"beta_pr[8,53]",0.0970,0.0124,0.971,-1.50,0.108,1.71,6144,1.92,1.000
"beta_pr[8,54]",0.0144,0.0107,1.00,-1.64,0.0236,1.63,8840,2.76,0.999
"beta_pr[8,55]",-0.264,0.0147,1.00,-1.90,-0.267,1.41,4637,1.45,1.000
"beta_pr[8,56]",-0.0738,0.0114,0.964,-1.66,-0.0798,1.50,7117,2.22,1.000
"beta_pr[8,57]",0.0364,0.0126,0.972,-1.58,0.0402,1.68,5903,1.84,1.00
"beta_pr[8,58]",0.0658,0.0123,1.02,-1.59,0.0648,1.76,6803,2.12,1.000
"beta_pr[8,59]",0.349,0.0148,1.03,-1.34,0.360,2.03,4836,1.51,1.000
"beta_pr[8,60]",0.343,0.0142,1.01,-1.41,0.371,2.01,5075,1.58,0.999
"beta_pr[8,61]",0.199,0.0126,0.950,-1.42,0.217,1.73,5701,1.78,0.999
"beta_pr[8,62]",0.276,0.0125,0.986,-1.33,0.253,1.92,6246,1.95,0.999
"beta_pr[8,63]",0.251,0.0131,0.987,-1.39,0.272,1.86,5656,1.77,1.000
"beta_pr[8,64]",-0.167,0.0127,0.981,-1.81,-0.155,1.45,5985,1.87,1.000
"beta_pr[8,65]",-0.263,0.0122,0.963,-1.87,-0.274,1.31,6259,1.95,1.000
"beta_pr[8,66]",-0.125,0.0113,0.965,-1.72,-0.106,1.45,7254,2.26,0.999
"beta_pr[8,67]",-0.0812,0.0128,0.978,-1.71,-0.0900,1.54,5839,1.82,1.00
"beta_pr[8,68]",-0.163,0.0122,0.969,-1.73,-0.182,1.45,6295,1.96,0.999
"beta_pr[8,69]",0.267,0.0118,0.972,-1.35,0.275,1.83,6831,2.13,0.999
"beta_pr[8,70]",0.0866,0.0121,0.983,-1.54,0.108,1.70,6609,2.06,0.999
"beta_pr[8,71]",-0.274,0.0143,1.04,-2.00,-0.295,1.50,5344,1.67,1.00
"beta_pr[8,72]",0.248,0.0121,0.960,-1.33,0.267,1.81,6336,1.98,0.999
"beta_pr[8,73]",0.0874,0.0117,0.980,-1.56,0.0841,1.73,6958,2.17,0.999
"beta_pr[8,74]",0.0839,0.0112,0.982,-1.53,0.0888,1.71,7734,2.41,0.999
"beta_pr[8,75]",-0.131,0.0106,0.981,-1.73,-0.128,1.52,8545,2.67,1.000
"beta_pr[8,76]",-0.234,0.0117,0.971,-1.85,-0.250,1.40,6930,2.16,1.000
"beta_pr[8,77]",0.0405,0.0121,0.943,-1.50,0.0387,1.60,6062,1.89,0.999
"beta_pr[8,78]",-0.0676,0.0134,1.04,-1.75,-0.0781,1.65,6056,1.89,1.000
"beta_pr[8,79]",-0.00447,0.0116,0.979,-1.60,0.0166,1.63,7112,2.22,1.000
"beta_pr[8,80]",0.0847,0.0114,0.990,-1.58,0.0882,1.74,7486,2.34,0.999
"beta_pr[8,81]",0.0435,0.0122,0.988,-1.62,0.0579,1.63,6549,2.04,0.999
"beta_pr[8,82]",0.0354,0.0106,0.954,-1.52,0.0524,1.58,8051,2.51,1.000
"beta_pr[8,83]",0.177,0.0123,0.999,-1.47,0.172,1.80,6646,2.07,1.000
"beta_pr[8,84]",-0.0567,0.0153,1.04,-1.79,-0.0580,1.64,4597,1.43,1.00
"beta_pr[8,85]",0.163,0.0122,0.977,-1.45,0.168,1.76,6441,2.01,1.00
"beta_pr[8,86]",0.0725,0.0113,0.952,-1.46,0.0704,1.63,7132,2.23,1.000
"beta_pr[8,87]",0.100,0.0114,0.975,-1.51,0.108,1.68,7256,2.26,1.000
"beta_pr[8,88]",-0.141,0.0117,1.02,-1.79,-0.129,1.53,7554,2.36,0.999
"beta_pr[8,89]",-0.147,0.0121,0.987,-1.80,-0.117,1.47,6700,2.09,1.000
"beta_pr[8,90]",0.203,0.0117,0.975,-1.43,0.199,1.80,6999,2.18,0.999
"beta_pr[8,91]",-0.00457,0.0125,0.951,-1.55,0.00369,1.53,5771,1.80,0.999
"beta_pr[9,1]",-0.186,0.0114,0.968,-1.76,-0.195,1.40,7262,2.27,0.999
"beta_pr[9,2]",0.192,0.0117,0.974,-1.46,0.213,1.84,6974,2.18,1.000
"beta_pr[9,3]",0.560,0.0136,0.980,-1.05,0.587,2.13,5218,1.63,1.000
"beta_pr[9,4]",-0.0216,0.0114,0.942,-1.62,-0.0212,1.54,6809,2.12,0.999
"beta_pr[9,5]",0.568,0.0154,0.986,-1.04,0.588,2.17,4101,1.28,1.00
"beta_pr[9,6]",0.544,0.0134,0.995,-1.10,0.555,2.16,5536,1.73,0.999
"beta_pr[9,7]",0.514,0.0125,0.977,-1.12,0.525,2.11,6070,1.89,1.000
"beta_pr[9,8]",-0.236,0.0119,0.980,-1.88,-0.236,1.41,6808,2.12,1.000
"beta_pr[9,9]",-0.318,0.0117,0.970,-1.91,-0.319,1.29,6845,2.14,0.999
"beta_pr[9,10]",0.188,0.0120,0.977,-1.43,0.196,1.76,6582,2.05,1.000
"beta_pr[9,11]",-0.398,0.0126,0.984,-2.01,-0.408,1.24,6140,1.92,1.000
"beta_pr[9,12]",-0.0729,0.0117,0.948,-1.61,-0.0802,1.52,6599,2.06,1.000
"beta_pr[9,13]",0.647,0.0165,1.01,-1.05,0.693,2.26,3786,1.18,1.00
"beta_pr[9,14]",-0.235,0.0110,0.951,-1.80,-0.231,1.32,7513,2.34,1.000
"beta_pr[9,15]",-0.257,0.0116,0.927,-1.75,-0.276,1.30,6387,1.99,1.00
"beta_pr[9,16]",0.0765,0.0119,0.923,-1.43,0.0803,1.59,5986,1.87,1.000
"beta_pr[9,17]",0.116,0.0109,0.936,-1.38,0.102,1.64,7424,2.32,1.000
"beta_pr[9,18]",-0.149,0.0119,0.983,-1.75,-0.157,1.46,6869,2.14,1.000
"beta_pr[9,19]",0.0145,0.0103,0.940,-1.54,0.00109,1.58,8254,2.58,0.999
"beta_pr[9,20]",-0.0373,0.0103,0.912,-1.58,-0.0458,1.46,7868,2.46,1.000
"beta_pr[9,21]",0.0992,0.0115,0.961,-1.49,0.107,1.65,7017,2.19,1.000
"beta_pr[9,22]",-0.166,0.0119,1.000,-1.81,-0.172,1.44,7026,2.19,0.999
"beta_pr[9,23]",-0.292,0.0110,0.957,-1.83,-0.293,1.31,7541,2.35,0.999
"beta_pr[9,24]",0.00582,0.0113,0.938,-1.53,-0.000372,1.56,6915,2.16,1.000
"beta_pr[9,25]",-0.149,0.0103,0.960,-1.72,-0.148,1.43,8602,2.68,0.999
"beta_pr[9,26]",0.0420,0.0109,0.960,-1.55,0.0457,1.60,7689,2.40,0.999
"beta_pr[9,27]",0.141,0.0110,0.978,-1.48,0.143,1.77,7952,2.48,0.999
"beta_pr[9,28]",0.0389,0.0120,0.987,-1.56,0.0394,1.66,6743,2.10,1.000
"beta_pr[9,29]",-0.155,0.0116,0.955,-1.69,-0.170,1.42,6815,2.13,1.000
"beta_pr[9,30]",-0.319,0.0115,0.959,-1.92,-0.321,1.27,6974,2.18,1.000
"beta_pr[9,31]",-0.134,0.0103,0.947,-1.68,-0.145,1.45,8389,2.62,1.000
"beta_pr[9,32]",-0.216,0.0116,0.944,-1.76,-0.226,1.33,6661,2.08,1.000
"beta_pr[9,33]",0.258,0.0122,0.944,-1.30,0.282,1.81,6013,1.88,1.000
"beta_pr[9,34]",-0.448,0.0116,0.956,-2.04,-0.445,1.08,6767,2.11,1.00
"beta_pr[9,35]",0.261,0.0114,0.963,-1.35,0.255,1.81,7115,2.22,1.000
"beta_pr[9,36]",-0.228,0.0117,0.939,-1.78,-0.242,1.32,6461,2.02,1.00
"beta_pr[9,37]",-0.130,0.0113,0.941,-1.72,-0.113,1.40,6940,2.17,1.000
"beta_pr[9,38]",-0.0636,0.0114,0.948,-1.63,-0.0725,1.47,6957,2.17,0.999
"beta_pr[9,39]",-0.0521,0.0115,0.983,-1.64,-0.0736,1.59,7305,2.28,0.999
"beta_pr[9,40]",-0.0272,0.0115,0.974,-1.63,-0.00916,1.54,7161,2.23,1.000
"beta_pr[9,41]",-0.0967,0.0113,0.983,-1.72,-0.112,1.57,7507,2.34,0.999
"beta_pr[9,42]",0.279,0.0120,0.972,-1.28,0.275,1.90,6565,2.05,0.999
"beta_pr[9,43]",-0.209,0.0125,0.962,-1.79,-0.207,1.41,5894,1.84,1.000
"beta_pr[9,44]",0.595,0.0135,0.981,-0.994,0.596,2.21,5278,1.65,1.00
"beta_pr[9,45]",0.127,0.0111,0.973,-1.47,0.141,1.74,7675,2.40,1.000
"beta_pr[9,46]",-0.201,0.0108,0.939,-1.75,-0.192,1.34,7591,2.37,1.000
"beta_pr[9,47]",-0.0945,0.0110,0.935,-1.61,-0.102,1.45,7235,2.26,1.000
"beta_pr[9,48]",0.0367,0.0114,0.926,-1.48,0.0413,1.53,6581,2.05,0.999
"beta_pr[9,49]",-0.271,0.0118,0.973,-1.84,-0.285,1.31,6784,2.12,0.999
"beta_pr[9,50]",-0.199,0.0115,0.977,-1.82,-0.199,1.44,7281,2.27,0.999
"beta_pr[9,51]",0.0702,0.0109,0.924,-1.44,0.0690,1.60,7188,2.24,1.000
"beta_pr[9,52]",0.292,0.0123,0.974,-1.37,0.305,1.88,6304,1.97,1.000
"beta_pr[9,53]",0.142,0.0118,0.973,-1.42,0.125,1.78,6774,2.11,0.999
"beta_pr[9,54]",0.102,0.0118,0.957,-1.45,0.0960,1.68,6609,2.06,0.999
"beta_pr[9,55]",-0.571,0.0139,0.980,-2.18,-0.567,1.11,4950,1.54,1.00
"beta_pr[9,56]",0.123,0.0114,0.971,-1.46,0.108,1.75,7242,2.26,1.000
"beta_pr[9,57]",-0.0720,0.0115,0.950,-1.66,-0.0642,1.50,6874,2.15,1.000
"beta_pr[9,58]",-0.385,0.0133,0.988,-2.05,-0.387,1.23,5545,1.73,1.00
"beta_pr[9,59]",0.256,0.0117,0.969,-1.37,0.259,1.84,6881,2.15,1.000
"beta_pr[9,60]",0.480,0.0140,0.983,-1.18,0.500,2.07,4934,1.54,1.000
"beta_pr[9,61]",0.322,0.0116,0.935,-1.24,0.319,1.86,6446,2.01,0.999
"beta_pr[9,62]",-0.125,0.0116,0.973,-1.70,-0.135,1.49,7090,2.21,0.999
"beta_pr[9,63]",0.278,0.0123,0.958,-1.30,0.299,1.82,6031,1.88,0.999
"beta_pr[9,64]",0.0998,0.0110,0.960,-1.50,0.102,1.68,7603,2.37,0.999
"beta_pr[9,65]",-0.260,0.0115,0.956,-1.80,-0.286,1.34,6922,2.16,0.999
"beta_pr[9,66]",0.0429,0.0118,0.968,-1.55,0.0597,1.62,6760,2.11,1.000
"beta_pr[9,67]",-0.251,0.0121,0.965,-1.82,-0.264,1.35,6343,1.98,1.000
"beta_pr[9,68]",-0.201,0.0114,0.922,-1.71,-0.211,1.33,6504,2.03,1.000
"beta_pr[9,69]",0.151,0.0117,0.965,-1.48,0.179,1.73,6776,2.11,0.999
"beta_pr[9,70]",0.132,0.0111,0.949,-1.43,0.135,1.69,7272,2.27,1.000
"beta_pr[9,71]",-0.644,0.0131,0.970,-2.21,-0.665,0.966,5496,1.72,1.00
"beta_pr[9,72]",0.285,0.0123,0.963,-1.29,0.299,1.88,6099,1.90,1.000
"beta_pr[9,73]",0.324,0.0127,0.975,-1.27,0.331,1.91,5881,1.84,1.000
"beta_pr[9,74]",0.0680,0.0112,0.965,-1.50,0.0798,1.67,7383,2.30,0.999
"beta_pr[9,75]",0.105,0.0115,0.949,-1.47,0.113,1.69,6847,2.14,0.999
"beta_pr[9,76]",0.0468,0.0109,0.969,-1.54,0.0359,1.69,7953,2.48,0.999
"beta_pr[9,77]",0.174,0.0108,0.951,-1.36,0.166,1.73,7687,2.40,1.000
"beta_pr[9,78]",-0.512,0.0141,1.000,-2.12,-0.524,1.18,4996,1.56,1.00
"beta_pr[9,79]",-0.136,0.0123,0.978,-1.70,-0.135,1.47,6335,1.98,1.00
"beta_pr[9,80]",-0.00592,0.0120,0.981,-1.62,-0.0149,1.61,6725,2.10,1.000
"beta_pr[9,81]",0.215,0.0119,0.959,-1.35,0.216,1.80,6492,2.03,0.999
"beta_pr[9,82]",0.211,0.0111,0.949,-1.36,0.201,1.76,7340,2.29,1.000
"beta_pr[9,83]",0.183,0.0114,0.963,-1.42,0.190,1.74,7197,2.25,1.000
"beta_pr[9,84]",-0.745,0.0155,0.984,-2.33,-0.777,0.847,4056,1.27,1.00
"beta_pr[9,85]",-0.148,0.0114,0.936,-1.69,-0.161,1.43,6789,2.12,0.999
"beta_pr[9,86]",0.0306,0.0114,0.951,-1.54,0.0270,1.58,6958,2.17,0.999
"beta_pr[9,87]",0.0227,0.0122,0.949,-1.51,0.0134,1.57,6069,1.89,0.999
"beta_pr[9,88]",0.169,0.0119,0.958,-1.43,0.171,1.77,6536,2.04,1.00
"beta_pr[9,89]",-0.105,0.0103,0.936,-1.65,-0.0996,1.41,8222,2.57,0.999
"beta_pr[9,90]",-0.0115,0.0120,0.977,-1.64,0.00594,1.58,6589,2.06,0.999
"beta_pr[9,91]",0.00478,0.0112,0.957,-1.57,0.0241,1.54,7275,2.27,0.999
"L[1,1,1]",1.00,nan,0.000000000000000666,1.00,1.00,1.00,nan,nan,nan
"L[1,1,2]",0.000,nan,0.000,0.000,0.000,0.000,nan,nan,nan
"L[1,1,3]",0.000,nan,0.000,0.000,0.000,0.000,nan,nan,nan
"L[1,2,1]",0.868,0.00177,0.0805,0.718,0.880,0.978,2080,0.649,1.000
"L[1,2,2]",0.467,0.00312,0.147,0.206,0.476,0.696,2237,0.698,1.000
"L[1,2,3]",0.000,nan,0.000,0.000,0.000,0.000,nan,nan,nan
"L[1,3,1]",0.789,0.00200,0.0690,0.666,0.794,0.891,1185,0.370,1.01
"L[1,3,2]",0.539,0.00275,0.0929,0.383,0.543,0.684,1143,0.357,1.01
"L[1,3,3]",0.243,0.00200,0.121,0.0643,0.232,0.457,3642,1.14,1.00
"L[2,1,1]",1.00,nan,0.000000000000000666,1.00,1.00,1.00,nan,nan,nan
"L[2,1,2]",0.000,nan,0.000,0.000,0.000,0.000,nan,nan,nan
"L[2,1,3]",0.000,nan,0.000,0.000,0.000,0.000,nan,nan,nan
"L[2,2,1]",0.433,0.00485,0.191,0.128,0.430,0.763,1555,0.485,1.00
"L[2,2,2]",0.874,0.00283,0.112,0.646,0.903,0.992,1562,0.487,1.00
"L[2,2,3]",0.000,nan,0.000,0.000,0.000,0.000,nan,nan,nan
"L[2,3,1]",0.220,0.00512,0.212,-0.135,0.223,0.565,1709,0.533,1.00
"L[2,3,2]",0.538,0.00660,0.223,0.158,0.542,0.898,1142,0.356,1.00
"L[2,3,3]",0.727,0.00569,0.197,0.319,0.779,0.960,1199,0.374,1.00
"L[3,1,1]",1.00,nan,0.000000000000000666,1.00,1.00,1.00,nan,nan,nan
"L[3,1,2]",0.000,nan,0.000,0.000,0.000,0.000,nan,nan,nan
"L[3,1,3]",0.000,nan,0.000,0.000,0.000,0.000,nan,nan,nan
"L[3,2,1]",0.173,0.00712,0.451,-0.634,0.213,0.845,4012,1.25,1.00
"L[3,2,2]",0.860,0.00363,0.165,0.494,0.924,0.999,2064,0.644,1.000
"L[3,2,3]",0.000,nan,0.000,0.000,0.000,0.000,nan,nan,nan
"L[3,3,1]",-0.119,0.00801,0.438,-0.795,-0.146,0.659,2996,0.935,1.00
"L[3,3,2]",0.148,0.0114,0.487,-0.724,0.193,0.860,1813,0.566,1.00
"L[3,3,3]",0.693,0.00508,0.234,0.234,0.745,0.980,2121,0.662,1.00
"sigma[1]",0.136,0.000330,0.00916,0.121,0.135,0.151,770,0.240,1.01
"sigma[2]",0.105,0.000201,0.00746,0.0929,0.104,0.117,1374,0.429,1.00
"sigma[3]",0.110,0.000223,0.00726,0.0995,0.110,0.123,1062,0.331,1.00
"sigma[4]",0.0765,0.000207,0.00920,0.0622,0.0759,0.0920,1983,0.619,1.00
"sigma[5]",0.0628,0.000194,0.00853,0.0493,0.0624,0.0775,1928,0.602,1.00
"sigma[6]",0.0527,0.000233,0.00861,0.0391,0.0521,0.0677,1365,0.426,1.00
"sigma[7]",0.0413,0.000472,0.0162,0.0112,0.0423,0.0662,1174,0.366,1.00
"sigma[8]",0.0156,0.000264,0.0108,0.00117,0.0141,0.0359,1679,0.524,1.00
"sigma[9]",0.0247,0.000472,0.0137,0.00308,0.0244,0.0472,838,0.262,1.01
"ndt",0.00,0.00,0.00,0.00,0.00,0.01,3163.02,0.99,1.00
"sigma_y",0.26,0.00,0.00,0.26,0.26,0.27,3877.56,1.21,1.00
"rho[1]",0.868,0.00177,0.0805,0.718,0.880,0.978,2080,0.649,1.000
"rho[2]",0.789,0.00200,0.0690,0.666,0.794,0.891,1185,0.370,1.01
"rho[3]",0.941,0.000922,0.0461,0.847,0.953,0.993,2499,0.780,1.00
"rho[4]",0.433,0.00485,0.191,0.128,0.430,0.763,1555,0.485,1.00
"rho[5]",0.220,0.00512,0.212,-0.135,0.223,0.565,1709,0.533,1.00
"rho[6]",0.575,0.00570,0.210,0.219,0.582,0.904,1358,0.424,1.00
"rho[7]",0.173,0.00712,0.451,-0.634,0.213,0.845,4012,1.25,1.00
"rho[8]",-0.119,0.00801,0.438,-0.795,-0.146,0.659,2996,0.935,1.00
"rho[9]",0.127,0.0108,0.475,-0.720,0.166,0.839,1937,0.604,1.00
# Inference for Stan model: lognormal_model
# 4 chains: each with iter=(1000,1000,1000,1000); warmup=(0,0,0,0); thin=(1,1,1,1); 4000 iterations saved.
# 
# Warmup took (1528, 1475, 1549, 1669) seconds, 1.7 hours total
# Sampling took (818, 922, 638, 827) seconds, 53 minutes total
# Samples were drawn using hmc with nuts.
# For each parameter, N_Eff is a crude measure of effective sample size,
# and R_hat is the potential scale reduction factor on split chains (at 
# convergence, R_hat=1).
