	Mean	MCSE	StdDev	2.5%	50%	97.5%	N_Eff	N_Eff/s	R_hat
b1_mu[1]	31.9	0.0618	3.44	25.5	31.7	38.8	3108.0	0.0541	1.0
b1_mu[2]	33.2	0.0564	3.31	27.0	33.0	39.9	3450.0	0.06	1.0
b2_mu[1]	27.5	0.0808	3.35	21.5	27.3	34.2	1721.0	0.0299	1.0
b2_mu[2]	29.3	0.0881	3.26	23.5	29.1	36.0	1370.0	0.0238	1.0
b3_mu[1]	1.31	0.00302	0.151	1.01	1.31	1.6	2498.0	0.0435	1.0
b3_mu[2]	1.02	0.00247	0.146	0.721	1.02	1.29	3485.0	0.0606	1.0
b4_mu[1]	0.439	0.00197	0.12	0.2	0.435	0.671	3722.0	0.0648	1.0
b4_mu[2]	0.577	0.00209	0.127	0.326	0.573	0.821	3696.0	0.0643	1.0
a1_mu[1]	0.0988	0.000281	0.0143	0.0716	0.0982	0.127	2597.0	0.0452	1.0
a1_mu[2]	0.124	0.000246	0.0149	0.0946	0.124	0.153	3689.0	0.0642	1.0
a2_mu[1]	0.0995	0.000288	0.0145	0.0718	0.099	0.128	2547.0	0.0443	1.0
a2_mu[2]	0.141	0.000408	0.0176	0.105	0.14	0.174	1862.0	0.0324	1.0
c1_mu[1]	0.00654	7.44e-05	0.00363	0.00132	0.00588	0.0149	2383.0	0.0415	1.0
c1_mu[2]	0.00252	3.19e-05	0.00166	0.000363	0.00215	0.00646	2698.0	0.0469	1.0
sigma[1,1]	1.86	0.00598	0.293	1.34	1.84	2.47	2399.0	0.0417	1.0
sigma[2,1]	1.53	0.00416	0.225	1.13	1.51	1.99	2931.0	0.051	1.0
sigma[3,1]	0.17	0.000498	0.0232	0.125	0.168	0.215	2167.0	0.0377	1.0
sigma[4,1]	0.149	0.000452	0.0229	0.107	0.148	0.196	2567.0	0.0447	0.999
sigma[5,1]	0.261	0.00239	0.0766	0.0816	0.264	0.398	1032.0	0.018	1.0
sigma[6,1]	0.326	0.00369	0.0872	0.118	0.329	0.483	558.0	0.00971	1.0
sigma[7,1]	2.25	0.00702	0.325	1.66	2.22	2.91	2145.0	0.0373	1.0
sigma[1,2]	0.146	0.00208	0.088	0.00875	0.135	0.343	1789.0	0.0311	1.0
sigma[2,2]	0.34	0.00314	0.113	0.162	0.326	0.586	1304.0	0.0227	1.01
sigma[3,2]	0.0566	0.000589	0.0213	0.00997	0.0568	0.096	1304.0	0.0227	1.0
sigma[4,2]	0.0327	0.000445	0.0184	0.00143	0.0321	0.0685	1712.0	0.0298	1.0
sigma[5,2]	0.233	0.000682	0.0356	0.164	0.231	0.304	2724.0	0.0474	0.999
sigma[6,2]	0.0738	0.00152	0.0516	0.00242	0.0668	0.186	1159.0	0.0202	1.01
sigma[7,2]	0.717	0.00362	0.17	0.404	0.708	1.06	2193.0	0.0382	1.0
b1[1,1]	44.9	0.232	14.1	21.1	43.2	74.6	3699.0	0.0643	1.0
b1[2,1]	46.4	0.229	13.9	23.2	44.6	75.9	3695.0	0.0643	1.0
b1[1,2]	41.5	0.214	13.3	20.1	39.8	70.1	3856.0	0.0671	1.0
b1[2,2]	42.2	0.212	13.5	20.5	40.5	70.6	4036.0	0.0702	1.0
b1[1,3]	45.3	0.237	14.7	20.4	44.0	76.4	3833.0	0.0667	1.0
b1[2,3]	46.7	0.236	14.6	22.0	45.4	77.7	3829.0	0.0666	1.0
b1[1,4]	44.6	0.211	13.5	22.6	43.1	73.1	4083.0	0.071	1.0
b1[2,4]	45.6	0.207	13.5	23.4	44.1	74.3	4251.0	0.074	1.0
b1[1,5]	42.9	0.254	15.6	16.9	41.4	76.4	3803.0	0.0662	1.0
b1[2,5]	44.0	0.251	15.7	18.0	42.5	77.0	3908.0	0.068	1.0
b1[1,6]	35.0	0.353	17.3	7.61	34.8	69.6	2410.0	0.0419	1.0
b1[2,6]	36.3	0.352	17.2	7.87	36.0	70.9	2392.0	0.0416	1.0
b1[1,7]	37.5	0.274	16.6	14.1	35.0	73.0	3647.0	0.0634	1.0
b1[2,7]	39.4	0.261	16.2	16.3	36.7	74.3	3833.0	0.0667	1.0
b1[1,8]	40.5	0.225	13.8	17.8	38.6	70.2	3783.0	0.0658	1.0
b1[2,8]	42.2	0.223	13.7	19.9	40.4	71.5	3763.0	0.0655	1.0
b1[1,9]	13.7	0.176	8.53	4.45	11.3	35.7	2348.0	0.0409	1.0
b1[2,9]	15.2	0.174	8.36	6.25	13.0	36.9	2293.0	0.0399	1.0
b1[1,10]	39.3	0.189	12.3	19.1	37.8	65.8	4254.0	0.074	1.0
b1[2,10]	40.8	0.19	12.3	20.6	39.3	67.0	4178.0	0.0727	1.0
b1[1,11]	33.4	0.223	13.5	12.4	31.5	63.6	3673.0	0.0639	1.0
b1[2,11]	34.9	0.223	13.5	13.1	33.2	65.3	3663.0	0.0637	0.999
b1[1,12]	41.7	0.216	14.0	19.5	39.7	72.5	4199.0	0.073	1.0
b1[2,12]	42.6	0.217	14.1	20.0	40.6	73.6	4234.0	0.0737	1.0
b1[1,13]	10.5	0.143	7.27	3.28	8.27	29.4	2579.0	0.0449	0.999
b1[2,13]	12.2	0.147	7.33	4.34	10.1	31.0	2497.0	0.0434	1.0
b1[1,14]	47.9	0.24	14.4	23.9	46.2	78.4	3580.0	0.0623	1.0
b1[2,14]	49.2	0.244	14.4	25.2	47.7	79.2	3479.0	0.0605	1.0
b1[1,15]	38.7	0.205	13.1	17.9	36.9	67.3	4061.0	0.0707	0.999
b1[2,15]	40.5	0.198	12.9	19.9	38.7	68.5	4235.0	0.0737	1.0
b1[1,16]	44.1	0.207	13.5	21.4	42.7	73.1	4264.0	0.0742	1.0
b1[2,16]	45.2	0.209	13.7	22.5	43.7	74.9	4284.0	0.0745	1.0
b1[1,17]	25.3	0.196	10.7	11.0	22.8	50.5	2969.0	0.0517	1.0
b1[2,17]	26.4	0.194	10.7	11.8	24.1	51.8	3026.0	0.0526	1.0
b1[1,18]	35.5	0.335	15.6	10.2	34.1	68.7	2175.0	0.0378	1.0
b1[2,18]	37.6	0.31	15.0	14.8	35.8	70.0	2337.0	0.0407	1.0
b1[1,19]	46.7	0.222	14.2	22.9	45.2	77.2	4107.0	0.0714	1.0
b1[2,19]	48.2	0.221	14.1	24.4	46.5	78.7	4071.0	0.0708	1.0
b1[1,20]	47.8	0.252	15.1	21.8	46.2	79.8	3584.0	0.0624	1.0
b1[2,20]	49.1	0.25	15.0	22.7	47.7	80.4	3627.0	0.0631	1.0
b1[1,21]	19.2	0.166	9.17	7.61	17.1	41.8	3041.0	0.0529	1.0
b1[2,21]	21.0	0.155	8.95	9.75	18.7	43.4	3311.0	0.0576	1.0
b1[1,22]	49.7	0.25	14.7	25.2	48.4	80.6	3471.0	0.0604	1.0
b1[2,22]	51.0	0.249	14.7	26.3	49.6	81.8	3502.0	0.0609	1.0
b1[1,23]	40.9	0.212	13.6	17.7	39.5	70.0	4146.0	0.0721	1.0
b1[2,23]	41.9	0.214	13.7	18.1	40.6	71.2	4128.0	0.0718	1.0
b1[1,24]	31.7	0.191	11.9	13.7	30.0	57.5	3847.0	0.0669	1.0
b1[2,24]	32.4	0.191	12.2	13.3	30.6	58.8	4041.0	0.0703	1.0
b1[1,25]	52.2	0.239	14.3	27.0	50.9	82.2	3604.0	0.0627	1.0
b1[2,25]	53.4	0.241	14.4	28.2	52.1	83.6	3589.0	0.0624	1.0
b1[1,26]	31.6	0.188	12.0	13.2	29.8	58.4	4080.0	0.071	1.0
b1[2,26]	33.5	0.182	11.8	15.4	31.7	59.4	4210.0	0.0732	1.0
b1[1,27]	45.4	0.238	14.8	21.7	43.9	77.3	3869.0	0.0673	1.0
b1[2,27]	46.9	0.232	14.6	22.9	45.3	78.8	3986.0	0.0693	1.0
b1[1,28]	13.0	0.207	10.0	3.14	9.76	39.2	2352.0	0.0409	1.0
b1[2,28]	14.9	0.193	9.7	5.17	11.8	39.7	2519.0	0.0438	1.0
b1[1,29]	15.1	0.137	7.38	6.55	13.3	33.8	2886.0	0.0502	1.0
b1[2,29]	15.4	0.141	7.65	6.54	13.4	35.0	2940.0	0.0511	1.0
b1[1,30]	8.93	0.14	4.7	4.98	8.03	18.5	1133.0	0.0197	1.0
b1[2,30]	10.8	0.136	4.89	5.5	9.73	20.5	1297.0	0.0226	1.0
b1[1,31]	26.6	0.226	11.4	11.3	24.1	53.1	2569.0	0.0447	1.0
b1[2,31]	26.3	0.247	12.2	8.26	24.1	54.0	2423.0	0.0422	1.0
b1[1,32]	39.8	0.193	12.5	18.7	38.2	66.5	4193.0	0.073	1.0
b1[2,32]	41.3	0.186	12.3	20.5	39.8	67.1	4355.0	0.0758	1.0
b1[1,33]	49.2	0.237	14.7	24.0	48.2	80.2	3873.0	0.0674	1.0
b1[2,33]	50.5	0.239	14.8	25.4	49.3	81.9	3856.0	0.0671	1.0
b1[1,34]	7.5	0.0854	4.57	2.64	6.41	18.8	2857.0	0.0497	1.0
b1[2,34]	9.75	0.0795	4.37	5.12	8.68	20.5	3021.0	0.0526	1.0
b1[1,35]	49.6	0.244	15.0	22.7	48.1	81.6	3797.0	0.0661	1.0
b1[2,35]	50.8	0.246	15.2	23.0	49.5	82.9	3822.0	0.0665	1.0
b1[1,36]	12.4	0.177	8.75	3.43	9.78	35.2	2446.0	0.0425	1.0
b1[2,36]	13.5	0.173	8.81	4.04	11.0	36.9	2585.0	0.045	1.0
b1[1,37]	36.5	0.199	12.5	16.5	34.9	63.1	3927.0	0.0683	1.0
b1[2,37]	37.9	0.198	12.4	18.0	36.2	64.9	3909.0	0.068	1.0
b1[1,38]	46.2	0.279	16.8	19.0	44.4	81.4	3606.0	0.0627	1.0
b1[2,38]	47.7	0.275	16.5	20.9	45.8	82.7	3619.0	0.063	1.0
b1[1,39]	48.0	0.26	15.8	21.4	46.5	80.6	3660.0	0.0637	1.0
b1[2,39]	49.4	0.255	15.5	23.6	47.6	82.0	3679.0	0.064	1.0
b1[1,40]	33.9	0.182	11.5	16.7	32.0	59.1	3944.0	0.0686	1.0
b1[2,40]	34.8	0.181	11.6	16.8	33.0	59.9	4067.0	0.0708	1.0
b1[1,41]	34.3	0.215	13.3	12.3	32.8	62.6	3797.0	0.0661	1.0
b1[2,41]	35.9	0.218	13.3	12.3	34.6	63.9	3751.0	0.0653	1.0
b1[1,42]	29.8	0.329	17.3	10.1	23.6	68.7	2757.0	0.048	1.0
b1[2,42]	31.4	0.333	17.2	11.2	25.7	69.4	2670.0	0.0465	1.0
b1[1,43]	28.8	0.23	13.1	9.56	26.4	58.2	3250.0	0.0565	1.0
b1[2,43]	31.0	0.214	12.8	12.1	28.9	59.5	3554.0	0.0618	1.0
b1[1,44]	1.57	0.0351	2.0	-1.6	1.39	5.28	3233.0	0.0562	1.0
b1[2,44]	-0.267	0.0349	1.69	-2.89	-0.357	2.24	2345.0	0.0408	1.0
b1[1,45]	7.47	0.164	7.38	0.0358	5.3	26.6	2029.0	0.0353	1.0
b1[2,45]	11.3	0.124	6.23	4.85	9.59	27.5	2508.0	0.0436	1.0
b1[1,46]	4.06	0.389	8.47	-0.504	2.07	27.7	475.0	0.00827	1.01
b1[2,46]	5.04	0.403	8.65	0.34	2.85	29.1	461.0	0.00803	1.01
b1[1,47]	35.2	0.224	12.6	15.0	33.5	63.9	3169.0	0.0551	1.0
b1[2,47]	37.3	0.204	12.2	18.6	35.5	65.1	3577.0	0.0622	1.0
b1[1,48]	41.8	0.193	12.9	20.4	40.3	68.8	4467.0	0.0777	1.0
b1[2,48]	43.0	0.195	12.9	21.0	41.4	70.2	4340.0	0.0755	1.0
b1[1,49]	43.7	0.222	13.8	19.9	42.3	73.3	3868.0	0.0673	1.0
b1[2,49]	44.9	0.223	13.9	21.1	43.5	74.6	3869.0	0.0673	1.0
b1[1,50]	1.72	0.035	2.33	-2.54	1.47	6.55	4442.0	0.0773	1.0
b1[2,50]	1.05	0.0405	2.48	-2.8	0.665	6.71	3737.0	0.065	1.0
b1[1,51]	11.2	0.124	6.2	5.02	9.54	28.3	2498.0	0.0435	1.0
b1[2,51]	11.7	0.129	6.65	3.69	10.2	28.6	2637.0	0.0459	1.0
b1[1,52]	51.4	0.261	14.8	25.8	50.1	82.3	3248.0	0.0565	0.999
b1[2,52]	52.6	0.256	14.7	27.0	51.3	83.5	3310.0	0.0576	0.999
b1[1,53]	36.9	0.204	12.7	15.9	35.5	64.9	3884.0	0.0676	1.0
b1[2,53]	39.0	0.198	12.3	19.3	37.4	66.3	3858.0	0.0671	1.0
b1[1,54]	37.6	0.187	12.3	18.1	35.8	65.6	4365.0	0.0759	1.0
b1[2,54]	39.0	0.182	12.3	19.5	37.3	66.5	4575.0	0.0796	0.999
b1[1,55]	36.6	0.2	13.2	17.1	34.2	67.1	4337.0	0.0754	1.0
b1[2,55]	37.2	0.207	13.5	16.8	34.9	68.1	4278.0	0.0744	1.0
b1[1,56]	29.8	0.376	13.8	9.49	27.6	60.4	1339.0	0.0233	1.0
b1[2,56]	30.9	0.37	13.7	10.9	28.8	61.3	1370.0	0.0238	1.0
b1[1,57]	41.9	0.21	13.7	18.7	40.3	71.0	4291.0	0.0746	1.0
b1[2,57]	43.2	0.213	13.7	19.9	41.6	72.3	4120.0	0.0717	1.0
b1[1,58]	34.4	0.225	13.6	12.1	32.5	64.0	3675.0	0.0639	1.0
b1[2,58]	36.8	0.199	12.8	17.3	34.8	65.8	4106.0	0.0714	1.0
b1[1,59]	38.0	0.188	12.2	18.3	36.2	64.5	4201.0	0.0731	1.0
b1[2,59]	39.0	0.186	12.4	18.6	37.5	65.4	4432.0	0.0771	1.0
b1[1,60]	38.2	0.202	13.0	17.5	36.5	65.9	4137.0	0.072	1.0
b1[2,60]	38.7	0.205	13.3	17.0	37.1	67.2	4215.0	0.0733	1.0
b1[1,61]	25.5	0.424	16.1	3.59	23.4	59.9	1433.0	0.0249	1.0
b1[2,61]	27.9	0.397	15.4	6.9	25.9	61.6	1492.0	0.026	1.0
b1[1,62]	22.1	0.199	10.6	8.09	19.8	47.0	2844.0	0.0495	1.0
b1[2,62]	23.7	0.188	10.4	9.75	21.3	48.3	3089.0	0.0537	1.0
b1[1,63]	47.4	0.246	15.3	20.4	46.1	79.3	3858.0	0.0671	1.0
b1[2,63]	48.6	0.243	15.4	21.6	47.2	81.0	3980.0	0.0692	1.0
b1[1,64]	45.8	0.25	15.2	19.4	44.4	77.8	3700.0	0.0644	1.0
b1[2,64]	47.1	0.248	15.1	20.9	45.7	78.8	3717.0	0.0647	1.0
b1[1,65]	36.0	0.29	16.2	10.7	34.0	70.5	3112.0	0.0541	1.0
b1[2,65]	37.2	0.284	16.2	11.8	35.2	71.3	3255.0	0.0566	1.0
b1[1,66]	52.7	0.246	14.5	26.9	51.6	83.3	3484.0	0.0606	1.0
b1[2,66]	53.9	0.239	14.4	28.3	52.9	83.6	3648.0	0.0635	1.0
b1[1,67]	49.3	0.228	14.4	24.3	47.9	79.8	3969.0	0.069	1.0
b1[2,67]	50.6	0.225	14.3	26.1	49.3	80.5	4011.0	0.0698	0.999
b1[1,68]	45.9	0.221	13.6	23.9	44.4	75.2	3770.0	0.0656	1.0
b1[2,68]	47.4	0.224	13.6	24.8	45.7	76.7	3693.0	0.0642	1.0
b1[1,69]	52.3	0.24	14.7	27.0	51.0	83.8	3719.0	0.0647	1.0
b1[2,69]	53.7	0.239	14.7	28.0	52.2	84.4	3766.0	0.0655	1.0
b1[1,70]	48.2	0.239	15.1	22.7	47.0	80.3	3996.0	0.0695	1.0
b1[2,70]	49.4	0.242	15.2	23.0	48.1	80.3	3912.0	0.0681	1.0
b1[1,71]	42.3	0.21	13.3	20.8	40.7	70.5	4042.0	0.0703	1.0
b1[2,71]	43.3	0.212	13.5	21.2	41.6	72.4	4058.0	0.0706	1.0
b1[1,72]	45.2	0.259	15.6	19.5	43.8	78.3	3613.0	0.0629	1.0
b1[2,72]	46.6	0.258	15.5	20.9	45.1	79.4	3591.0	0.0625	1.0
b1[1,73]	41.7	0.232	14.5	16.9	40.2	72.0	3932.0	0.0684	1.0
b1[2,73]	43.0	0.236	14.7	17.7	41.7	73.6	3879.0	0.0675	1.0
b1[1,74]	48.2	0.229	14.3	23.5	46.9	78.9	3893.0	0.0677	1.0
b1[2,74]	49.5	0.231	14.4	24.6	48.3	79.9	3876.0	0.0674	1.0
b1[1,75]	31.6	0.246	16.6	6.21	29.6	68.0	4522.0	0.0787	0.999
b1[2,75]	33.0	0.248	16.6	6.95	31.0	69.0	4461.0	0.0776	1.0
b1[1,76]	42.0	0.205	13.5	19.9	40.1	70.7	4339.0	0.0755	1.0
b1[2,76]	43.5	0.205	13.5	20.9	41.9	71.9	4365.0	0.0759	1.0
b1[1,77]	42.6	0.222	14.0	18.8	41.1	72.9	3998.0	0.0695	1.0
b1[2,77]	43.5	0.217	14.0	19.7	42.0	73.8	4191.0	0.0729	1.0
b1[1,78]	46.3	0.231	14.9	20.3	44.9	77.6	4174.0	0.0726	1.0
b1[2,78]	47.8	0.231	14.9	22.2	46.3	79.8	4166.0	0.0725	1.0
b1[1,79]	26.4	0.186	11.0	10.8	24.2	52.4	3543.0	0.0616	1.0
b1[2,79]	27.6	0.177	10.9	12.2	25.6	53.4	3793.0	0.066	1.0
b1[1,80]	37.8	0.186	12.6	17.7	36.3	65.4	4532.0	0.0788	1.0
b1[2,80]	39.3	0.189	12.6	18.8	37.9	66.7	4405.0	0.0766	1.0
b1[1,81]	44.1	0.216	14.0	20.4	42.7	74.1	4206.0	0.0732	1.0
b1[2,81]	45.6	0.218	14.0	22.1	44.2	75.8	4104.0	0.0714	1.0
b1[1,82]	38.0	0.199	13.0	17.1	36.3	66.8	4254.0	0.074	1.0
b1[2,82]	39.8	0.194	12.8	19.0	38.2	68.5	4345.0	0.0756	1.0
b1[1,83]	23.7	0.211	11.2	7.65	21.6	49.3	2815.0	0.049	1.0
b1[2,83]	26.1	0.189	10.5	12.2	23.7	50.9	3082.0	0.0536	1.0
b1[1,84]	6.31	0.0851	3.11	2.87	5.68	12.5	1335.0	0.0232	1.0
b1[2,84]	8.47	0.0884	3.1	4.92	7.91	14.4	1228.0	0.0214	1.0
b1[1,85]	23.2	0.212	11.2	7.56	21.0	49.5	2799.0	0.0487	1.0
b1[2,85]	25.1	0.191	10.6	11.1	22.7	50.7	3049.0	0.053	1.0
b1[1,86]	47.0	0.252	15.0	20.2	45.6	79.3	3554.0	0.0618	1.0
b1[2,86]	48.1	0.248	15.0	21.9	46.5	79.5	3685.0	0.0641	1.0
b1[1,87]	42.8	0.589	17.6	2.82	42.0	78.1	893.0	0.0155	1.0
b1[2,87]	44.3	0.568	17.3	6.83	43.2	79.8	928.0	0.0161	1.0
b1[1,88]	36.9	0.217	13.1	15.9	35.3	65.3	3625.0	0.0631	1.0
b1[2,88]	38.8	0.205	12.7	18.5	37.0	66.6	3854.0	0.0671	1.0
b1[1,89]	9.56	0.115	5.84	3.74	7.92	25.0	2591.0	0.0451	1.0
b1[2,89]	12.2	0.104	5.54	5.81	10.9	26.0	2851.0	0.0496	1.0
b1[1,90]	17.0	0.295	12.8	5.45	11.6	50.5	1899.0	0.033	1.01
b1[2,90]	17.7	0.309	13.3	5.54	11.8	51.4	1859.0	0.0323	1.0
b1[1,91]	42.6	0.204	13.4	20.8	40.9	71.8	4335.0	0.0754	1.0
b1[2,91]	43.7	0.205	13.5	21.4	42.0	72.5	4375.0	0.0761	1.0
b1[1,92]	30.0	0.189	11.9	14.1	27.2	58.7	3984.0	0.0693	1.0
b1[2,92]	31.0	0.192	12.1	14.9	27.9	59.9	3991.0	0.0694	1.0
b1[1,93]	4.25	0.0446	2.24	1.44	3.84	8.96	2535.0	0.0441	1.0
b1[2,93]	4.29	0.0488	2.61	1.03	3.73	9.97	2861.0	0.0498	1.0
b2[1,1]	30.6	0.207	11.8	10.7	29.5	56.0	3256.0	0.0566	1.0
b2[2,1]	33.1	0.194	11.5	14.4	31.5	57.7	3511.0	0.0611	1.0
b2[1,2]	39.3	0.235	13.9	15.4	38.4	67.2	3523.0	0.0613	1.0
b2[2,2]	40.1	0.247	14.4	16.8	39.0	70.2	3396.0	0.0591	1.0
b2[1,3]	32.1	0.177	11.2	13.3	31.1	55.2	4009.0	0.0698	1.0
b2[2,3]	32.2	0.174	11.0	14.3	31.0	55.6	3997.0	0.0695	1.0
b2[1,4]	37.3	0.187	11.4	18.1	36.2	61.4	3722.0	0.0648	1.0
b2[2,4]	37.2	0.184	11.7	16.3	36.5	61.1	4042.0	0.0703	1.0
b2[1,5]	34.7	0.177	10.9	16.3	33.3	58.1	3808.0	0.0662	1.0
b2[2,5]	36.1	0.18	10.9	17.2	34.9	59.8	3700.0	0.0644	1.0
b2[1,6]	13.8	0.306	13.9	2.15	7.11	49.2	2071.0	0.036	1.0
b2[2,6]	19.1	0.28	12.5	5.51	14.8	50.3	1984.0	0.0345	1.0
b2[1,7]	36.2	0.178	10.6	18.8	34.8	58.9	3548.0	0.0617	1.0
b2[2,7]	35.7	0.174	10.8	17.8	34.3	59.0	3843.0	0.0669	1.0
b2[1,8]	10.1	0.221	8.86	1.97	6.89	33.5	1610.0	0.028	1.0
b2[2,8]	12.7	0.248	9.47	3.47	9.41	37.2	1463.0	0.0255	1.0
b2[1,9]	1.04	0.109	2.77	-1.07	0.675	4.0	651.0	0.0113	1.01
b2[2,9]	10.4	0.161	6.4	3.81	8.0	25.9	1574.0	0.0274	1.0
b2[1,10]	35.9	0.182	11.4	17.0	34.6	60.2	3956.0	0.0688	1.0
b2[2,10]	39.2	0.179	11.2	19.9	38.3	62.8	3878.0	0.0675	1.0
b2[1,11]	14.0	0.226	10.4	3.51	10.3	40.8	2138.0	0.0372	1.0
b2[2,11]	13.3	0.241	11.4	2.4	8.73	41.9	2250.0	0.0391	1.0
b2[1,12]	34.0	0.191	10.8	15.8	32.8	57.5	3222.0	0.056	1.0
b2[2,12]	36.7	0.189	10.5	19.5	35.4	59.7	3110.0	0.0541	1.0
b2[1,13]	7.22	0.242	9.53	0.473	3.36	34.9	1551.0	0.027	1.0
b2[2,13]	16.0	0.202	8.83	6.01	13.7	39.4	1912.0	0.0333	1.0
b2[1,14]	29.8	0.177	10.9	12.8	28.3	54.1	3769.0	0.0656	1.0
b2[2,14]	32.8	0.18	10.8	15.4	31.4	56.8	3624.0	0.063	1.0
b2[1,15]	40.3	0.194	12.2	19.6	39.0	66.6	3980.0	0.0692	1.0
b2[2,15]	41.4	0.193	12.3	20.5	40.2	67.1	4049.0	0.0704	1.0
b2[1,16]	38.7	0.183	11.5	19.5	37.5	63.0	3968.0	0.069	1.0
b2[2,16]	38.2	0.189	11.9	17.9	36.9	63.1	3976.0	0.0692	1.0
b2[1,17]	32.0	0.174	10.3	15.5	30.7	54.3	3533.0	0.0615	1.0
b2[2,17]	31.1	0.179	10.5	13.7	29.9	54.5	3462.0	0.0602	1.0
b2[1,18]	30.3	0.222	12.7	11.2	28.4	58.5	3298.0	0.0574	1.0
b2[2,18]	35.0	0.21	11.8	16.7	33.4	60.7	3147.0	0.0548	1.0
b2[1,19]	37.3	0.185	11.6	17.5	36.2	61.9	3922.0	0.0682	1.0
b2[2,19]	37.0	0.183	11.5	17.4	35.8	61.2	3985.0	0.0693	0.999
b2[1,20]	37.1	0.19	11.1	19.1	35.7	61.3	3387.0	0.0589	1.0
b2[2,20]	39.8	0.197	11.2	20.4	38.7	64.0	3267.0	0.0568	1.0
b2[1,21]	23.6	0.168	10.2	9.04	21.5	46.8	3674.0	0.0639	1.0
b2[2,21]	24.9	0.179	10.4	9.79	22.9	48.7	3352.0	0.0583	1.0
b2[1,22]	41.6	0.213	12.3	20.7	40.4	67.4	3311.0	0.0576	1.0
b2[2,22]	43.0	0.215	12.3	21.2	42.1	68.7	3290.0	0.0572	1.0
b2[1,23]	32.5	0.209	13.1	11.2	31.2	60.7	3943.0	0.0686	1.0
b2[2,23]	31.7	0.215	14.0	9.28	30.1	61.9	4269.0	0.0743	1.0
b2[1,24]	29.1	0.169	10.5	12.8	27.7	53.0	3828.0	0.0666	1.0
b2[2,24]	32.0	0.179	10.8	14.4	30.7	55.3	3609.0	0.0628	1.0
b2[1,25]	42.7	0.213	12.5	21.2	41.5	68.2	3416.0	0.0594	1.0
b2[2,25]	44.4	0.215	12.3	23.1	43.3	69.9	3286.0	0.0572	1.0
b2[1,26]	33.6	0.171	11.1	15.1	32.1	57.3	4203.0	0.0731	1.0
b2[2,26]	35.3	0.179	10.9	17.6	33.8	60.0	3734.0	0.065	1.0
b2[1,27]	41.3	0.197	12.4	19.7	40.2	67.0	3945.0	0.0686	1.0
b2[2,27]	42.6	0.196	12.4	20.7	41.5	68.5	4009.0	0.0697	1.0
b2[1,28]	4.72	0.196	7.5	-0.458	2.15	26.3	1462.0	0.0254	1.0
b2[2,28]	9.49	0.222	8.06	2.88	6.72	31.8	1317.0	0.0229	1.0
b2[1,29]	29.4	0.176	10.9	12.6	28.0	53.5	3844.0	0.0669	1.0
b2[2,29]	31.7	0.183	11.0	13.9	30.3	55.0	3621.0	0.063	1.0
b2[1,30]	22.6	0.164	8.63	10.8	20.9	43.3	2776.0	0.0483	1.0
b2[2,30]	17.9	0.183	9.21	7.92	15.4	43.0	2543.0	0.0442	1.0
b2[1,31]	29.2	0.168	10.2	13.3	27.7	50.9	3719.0	0.0647	1.0
b2[2,31]	27.7	0.166	10.7	11.4	25.8	51.7	4173.0	0.0726	1.0
b2[1,32]	26.3	0.204	12.5	7.67	24.6	53.1	3746.0	0.0652	1.0
b2[2,32]	30.0	0.187	11.3	12.3	28.5	54.4	3665.0	0.0638	1.0
b2[1,33]	17.9	0.155	9.23	6.27	15.6	40.9	3553.0	0.0618	1.0
b2[2,33]	21.9	0.179	9.62	9.15	19.4	45.4	2898.0	0.0504	1.0
b2[1,34]	3.94	0.153	5.58	0.257	2.26	18.8	1338.0	0.0233	1.0
b2[2,34]	4.94	0.166	5.46	1.47	3.4	19.6	1085.0	0.0189	1.0
b2[1,35]	40.9	0.19	12.2	19.6	39.9	66.1	4118.0	0.0716	1.0
b2[2,35]	41.9	0.195	12.3	20.4	40.6	67.4	4006.0	0.0697	1.0
b2[1,36]	13.3	0.233	9.86	2.67	10.2	38.3	1790.0	0.0311	1.0
b2[2,36]	15.6	0.236	9.89	4.71	12.5	40.7	1765.0	0.0307	1.0
b2[1,37]	37.2	0.18	11.6	18.1	36.0	62.1	4133.0	0.0719	1.0
b2[2,37]	39.4	0.179	11.5	19.3	38.1	63.7	4137.0	0.072	1.0
b2[1,38]	27.2	0.188	11.3	11.5	24.9	52.6	3601.0	0.0627	1.0
b2[2,38]	29.3	0.183	10.8	13.5	27.4	54.1	3480.0	0.0605	1.0
b2[1,39]	39.5	0.189	11.6	20.2	38.1	64.7	3790.0	0.0659	1.0
b2[2,39]	41.9	0.19	11.6	22.0	40.7	66.7	3756.0	0.0653	1.0
b2[1,40]	22.1	0.147	8.15	11.6	20.2	42.4	3067.0	0.0534	1.0
b2[2,40]	28.3	0.157	8.93	14.4	26.7	48.9	3245.0	0.0565	1.0
b2[1,41]	30.3	0.174	10.6	14.1	28.7	53.6	3700.0	0.0644	1.0
b2[2,41]	30.6	0.197	11.2	12.9	29.2	54.7	3244.0	0.0564	1.0
b2[1,42]	31.3	0.177	10.6	14.7	29.6	55.3	3630.0	0.0632	1.0
b2[2,42]	31.1	0.18	10.7	14.6	29.4	54.6	3525.0	0.0613	1.0
b2[1,43]	23.8	0.231	11.3	8.21	21.6	50.2	2406.0	0.0419	1.0
b2[2,43]	29.5	0.223	10.9	13.3	27.5	54.4	2405.0	0.0418	1.0
b2[1,44]	15.2	0.124	5.37	7.87	14.2	27.1	1871.0	0.0326	1.0
b2[2,44]	2.48	0.18	3.63	0.211	2.03	5.04	407.0	0.00708	1.02
b2[1,45]	19.7	0.211	11.5	5.77	17.0	46.1	2953.0	0.0514	1.0
b2[2,45]	20.7	0.229	11.1	7.18	17.5	46.9	2371.0	0.0412	1.0
b2[1,46]	15.6	0.354	11.9	3.45	11.2	45.2	1133.0	0.0197	1.0
b2[2,46]	11.7	0.455	14.3	0.689	3.45	46.3	987.0	0.0172	1.0
b2[1,47]	40.8	0.194	11.6	20.5	39.9	64.1	3550.0	0.0618	1.0
b2[2,47]	43.1	0.196	11.5	23.2	42.1	67.5	3444.0	0.0599	1.0
b2[1,48]	31.8	0.182	11.2	13.8	30.1	55.6	3814.0	0.0664	1.0
b2[2,48]	36.6	0.181	10.8	18.7	35.3	60.2	3590.0	0.0625	1.0
b2[1,49]	42.0	0.216	12.5	19.0	40.9	67.3	3335.0	0.058	1.0
b2[2,49]	43.4	0.213	12.3	21.3	42.6	69.0	3345.0	0.0582	1.0
b2[1,50]	-1.18	0.113	3.61	-7.53	-1.09	2.42	1014.0	0.0176	1.0
b2[2,50]	0.195	0.135	3.76	-3.65	-0.133	3.83	771.0	0.0134	1.0
b2[1,51]	16.5	0.229	9.73	4.92	13.8	39.7	1805.0	0.0314	1.0
b2[2,51]	13.6	0.256	10.5	1.82	10.9	39.2	1673.0	0.0291	1.0
b2[1,52]	32.5	0.267	15.3	10.2	31.1	63.2	3303.0	0.0575	1.0
b2[2,52]	35.7	0.231	13.5	14.9	33.8	64.6	3429.0	0.0596	1.0
b2[1,53]	27.6	0.179	11.3	10.8	25.7	53.1	3943.0	0.0686	1.0
b2[2,53]	32.9	0.183	10.8	15.6	31.4	57.2	3515.0	0.0612	1.0
b2[1,54]	41.3	0.206	12.3	20.5	39.9	67.6	3549.0	0.0617	1.0
b2[2,54]	42.9	0.209	12.5	21.3	41.6	69.2	3541.0	0.0616	1.0
b2[1,55]	42.5	0.2	12.2	21.7	41.2	68.3	3749.0	0.0652	1.0
b2[2,55]	43.9	0.203	12.3	22.5	42.4	69.7	3625.0	0.0631	1.0
b2[1,56]	21.5	0.422	14.0	6.91	16.0	54.5	1096.0	0.0191	1.0
b2[2,56]	21.6	0.461	14.9	6.56	14.9	56.4	1051.0	0.0183	1.0
b2[1,57]	29.1	0.177	11.3	12.6	27.2	54.4	4034.0	0.0702	1.0
b2[2,57]	33.4	0.182	10.9	16.2	31.9	57.6	3587.0	0.0624	1.0
b2[1,58]	24.9	0.213	11.5	8.57	22.7	50.6	2891.0	0.0503	1.0
b2[2,58]	32.0	0.195	10.5	16.0	30.3	55.1	2900.0	0.0505	1.0
b2[1,59]	41.6	0.21	12.8	19.2	40.4	68.6	3736.0	0.065	1.0
b2[2,59]	42.5	0.22	13.5	16.9	41.8	70.0	3741.0	0.0651	1.0
b2[1,60]	40.5	0.205	12.6	18.8	39.3	67.7	3774.0	0.0657	1.0
b2[2,60]	41.7	0.212	12.8	19.3	40.4	68.2	3652.0	0.0635	1.0
b2[1,61]	21.6	0.723	19.4	0.888	16.3	61.3	719.0	0.0125	1.0
b2[2,61]	26.1	0.616	17.3	5.75	21.4	62.4	787.0	0.0137	1.0
b2[1,62]	30.7	0.182	11.8	14.0	28.4	57.3	4218.0	0.0734	1.0
b2[2,62]	31.5	0.183	11.7	13.7	29.6	57.8	4075.0	0.0709	1.0
b2[1,63]	37.8	0.217	13.1	15.5	36.6	65.4	3644.0	0.0634	1.0
b2[2,63]	38.7	0.22	13.8	11.5	38.0	66.6	3933.0	0.0684	1.0
b2[1,64]	25.7	0.205	12.1	7.65	24.0	52.2	3500.0	0.0609	1.0
b2[2,64]	32.6	0.181	10.5	16.1	31.0	56.0	3395.0	0.0591	1.0
b2[1,65]	25.7	0.223	13.1	6.95	23.7	55.1	3474.0	0.0604	1.0
b2[2,65]	29.9	0.208	12.0	11.2	28.1	56.3	3317.0	0.0577	1.0
b2[1,66]	41.2	0.201	12.0	20.8	40.0	66.5	3585.0	0.0624	1.0
b2[2,66]	42.6	0.198	12.1	21.1	41.7	66.9	3725.0	0.0648	1.0
b2[1,67]	43.6	0.206	12.3	21.9	42.5	69.8	3578.0	0.0622	1.0
b2[2,67]	44.8	0.21	12.6	23.1	43.8	71.4	3572.0	0.0621	1.0
b2[1,68]	36.7	0.185	11.7	17.7	35.4	62.0	3976.0	0.0692	1.0
b2[2,68]	38.8	0.187	11.9	18.4	37.7	64.3	4063.0	0.0707	1.0
b2[1,69]	38.4	0.181	11.3	19.5	37.2	61.9	3886.0	0.0676	1.0
b2[2,69]	37.9	0.184	11.4	18.8	36.6	61.5	3846.0	0.0669	1.0
b2[1,70]	33.4	0.185	11.9	14.3	31.8	59.7	4083.0	0.071	1.0
b2[2,70]	34.8	0.183	11.8	16.7	33.1	60.9	4159.0	0.0724	1.0
b2[1,71]	23.9	0.179	10.4	8.8	22.0	47.7	3409.0	0.0593	1.0
b2[2,71]	24.2	0.194	11.0	8.63	22.2	49.9	3197.0	0.0556	1.0
b2[1,72]	41.2	0.215	12.3	20.7	39.9	66.9	3269.0	0.0569	1.0
b2[2,72]	42.5	0.21	12.3	21.4	41.3	68.0	3468.0	0.0603	1.0
b2[1,73]	36.2	0.202	11.7	16.4	35.0	61.2	3368.0	0.0586	1.0
b2[2,73]	38.3	0.201	11.6	18.7	37.1	62.6	3341.0	0.0581	1.0
b2[1,74]	38.1	0.173	11.3	19.4	36.7	61.9	4264.0	0.0742	1.0
b2[2,74]	40.3	0.18	11.7	20.1	39.0	64.7	4191.0	0.0729	1.0
b2[1,75]	27.3	0.228	14.0	5.27	25.7	56.8	3754.0	0.0653	1.0
b2[2,75]	29.1	0.222	13.9	5.5	27.6	58.0	3948.0	0.0687	1.0
b2[1,76]	32.0	0.179	10.8	14.8	30.5	55.3	3621.0	0.063	1.0
b2[2,76]	31.4	0.176	11.1	13.3	30.0	55.6	3964.0	0.069	1.0
b2[1,77]	39.0	0.191	11.9	18.7	38.0	64.2	3877.0	0.0674	1.0
b2[2,77]	41.4	0.19	11.9	20.9	40.3	66.3	3953.0	0.0688	1.0
b2[1,78]	35.6	0.212	13.1	12.7	34.6	62.8	3836.0	0.0667	1.0
b2[2,78]	38.1	0.203	12.4	16.4	37.1	64.7	3752.0	0.0653	1.0
b2[1,79]	31.6	0.186	10.6	14.4	30.2	54.7	3249.0	0.0565	1.0
b2[2,79]	30.3	0.181	11.0	13.3	28.7	54.4	3662.0	0.0637	1.0
b2[1,80]	37.3	0.185	11.8	17.5	36.1	62.5	4048.0	0.0704	0.999
b2[2,80]	39.7	0.184	11.6	20.3	38.3	64.4	3984.0	0.0693	1.0
b2[1,81]	31.3	0.19	11.0	14.0	29.8	55.4	3336.0	0.058	1.0
b2[2,81]	34.2	0.201	11.3	15.9	32.6	58.3	3163.0	0.055	1.0
b2[1,82]	25.9	0.174	11.0	9.8	24.0	50.9	3961.0	0.0689	1.0
b2[2,82]	30.6	0.171	10.5	14.5	29.0	53.8	3807.0	0.0662	1.0
b2[1,83]	38.4	0.279	14.3	11.4	38.1	67.2	2619.0	0.0456	1.0
b2[2,83]	40.8	0.247	13.2	17.8	39.9	67.9	2865.0	0.0498	1.0
b2[1,84]	13.7	0.222	9.03	3.96	11.0	37.5	1657.0	0.0288	1.0
b2[2,84]	15.0	0.228	9.06	5.16	12.1	38.0	1573.0	0.0274	1.0
b2[1,85]	18.3	0.248	13.1	3.4	14.4	48.7	2807.0	0.0488	1.0
b2[2,85]	26.1	0.213	11.5	9.94	23.8	52.0	2927.0	0.0509	1.0
b2[1,86]	41.0	0.218	13.3	18.1	39.8	68.8	3734.0	0.065	1.0
b2[2,86]	43.2	0.207	12.7	21.0	42.1	70.0	3760.0	0.0654	0.999
b2[1,87]	3.94	0.237	9.0	-6.84	1.49	29.4	1438.0	0.025	1.0
b2[2,87]	3.66	0.256	8.34	-1.53	1.27	29.5	1062.0	0.0185	1.0
b2[1,88]	34.8	0.165	10.8	16.5	33.7	57.2	4256.0	0.074	1.0
b2[2,88]	35.9	0.166	10.8	18.0	34.6	59.1	4207.0	0.0732	1.0
b2[1,89]	22.0	0.207	10.5	7.88	19.8	47.0	2555.0	0.0445	1.0
b2[2,89]	23.3	0.225	10.5	8.98	21.0	48.4	2187.0	0.0381	1.0
b2[1,90]	16.3	0.259	11.0	5.76	11.9	45.1	1793.0	0.0312	1.0
b2[2,90]	15.3	0.267	11.0	5.05	10.9	43.7	1683.0	0.0293	1.0
b2[1,91]	34.5	0.213	12.7	10.5	34.0	60.2	3559.0	0.0619	1.0
b2[2,91]	35.7	0.194	12.1	14.7	34.4	61.1	3897.0	0.0678	1.0
b2[1,92]	36.2	0.209	13.2	13.9	35.0	63.4	4012.0	0.0698	1.0
b2[2,92]	38.9	0.199	12.5	17.9	37.7	65.2	3946.0	0.0687	1.0
b2[1,93]	6.91	0.16	5.93	1.91	5.02	22.9	1380.0	0.024	1.0
b2[2,93]	2.98	0.152	4.63	-0.102	1.75	14.8	927.0	0.0161	1.0
b3[1,1]	1.89	0.0114	0.686	0.552	1.86	3.24	3600.0	0.0626	1.0
b3[2,1]	1.38	0.0118	0.697	0.0305	1.37	2.75	3475.0	0.0605	1.0
b3[1,2]	1.08	0.0108	0.605	-0.122	1.07	2.24	3129.0	0.0544	1.0
b3[2,2]	1.02	0.0102	0.587	-0.165	0.996	2.15	3305.0	0.0575	1.0
b3[1,3]	1.61	0.0111	0.648	0.345	1.59	2.88	3429.0	0.0597	1.0
b3[2,3]	1.16	0.0108	0.64	-0.0985	1.14	2.43	3508.0	0.061	1.0
b3[1,4]	1.48	0.0115	0.693	0.115	1.47	2.84	3607.0	0.0628	1.0
b3[2,4]	1.2	0.0113	0.68	-0.127	1.18	2.52	3632.0	0.0632	1.0
b3[1,5]	0.752	0.011	0.629	-0.557	0.756	1.94	3273.0	0.0569	1.0
b3[2,5]	0.848	0.0104	0.633	-0.422	0.831	2.08	3683.0	0.0641	1.0
b3[1,6]	1.68	0.0119	0.711	0.298	1.65	3.1	3594.0	0.0625	1.0
b3[2,6]	1.46	0.0119	0.722	0.0771	1.43	2.89	3664.0	0.0637	1.0
b3[1,7]	1.29	0.0101	0.619	0.089	1.26	2.51	3723.0	0.0648	1.0
b3[2,7]	1.16	0.011	0.654	-0.0949	1.13	2.48	3547.0	0.0617	1.0
b3[1,8]	1.64	0.0102	0.583	0.525	1.61	2.83	3292.0	0.0573	1.0
b3[2,8]	0.99	0.0103	0.601	-0.239	0.99	2.15	3384.0	0.0589	1.0
b3[1,9]	2.41	0.0103	0.598	1.37	2.36	3.64	3364.0	0.0585	1.0
b3[2,9]	1.94	0.0103	0.592	0.881	1.88	3.16	3294.0	0.0573	1.0
b3[1,10]	2.3	0.0116	0.668	1.03	2.26	3.65	3341.0	0.0581	1.0
b3[2,10]	1.86	0.0118	0.686	0.472	1.84	3.22	3401.0	0.0592	1.0
b3[1,11]	2.36	0.0119	0.673	1.09	2.34	3.69	3207.0	0.0558	1.0
b3[2,11]	1.91	0.0121	0.711	0.524	1.87	3.32	3459.0	0.0602	1.0
b3[1,12]	0.969	0.0106	0.631	-0.316	0.959	2.17	3522.0	0.0613	1.0
b3[2,12]	0.769	0.0104	0.61	-0.429	0.749	1.97	3471.0	0.0604	1.0
b3[1,13]	1.92	0.00984	0.566	0.951	1.86	3.15	3315.0	0.0577	1.0
b3[2,13]	1.43	0.0115	0.632	0.31	1.36	2.71	3048.0	0.053	1.0
b3[1,14]	1.06	0.0124	0.722	-0.441	1.04	2.43	3397.0	0.0591	1.0
b3[2,14]	0.981	0.0123	0.726	-0.494	0.955	2.42	3508.0	0.061	1.0
b3[1,15]	0.757	0.0101	0.562	-0.35	0.744	1.85	3109.0	0.0541	1.0
b3[2,15]	0.738	0.0105	0.617	-0.467	0.725	1.93	3453.0	0.0601	1.0
b3[1,16]	1.81	0.0121	0.748	0.304	1.81	3.28	3803.0	0.0662	1.0
b3[2,16]	1.68	0.0123	0.741	0.231	1.64	3.16	3659.0	0.0637	0.999
b3[1,17]	1.62	0.00902	0.533	0.587	1.6	2.64	3498.0	0.0609	1.0
b3[2,17]	1.26	0.00874	0.499	0.273	1.25	2.23	3255.0	0.0566	1.0
b3[1,18]	0.749	0.00999	0.588	-0.432	0.725	2.0	3462.0	0.0602	1.0
b3[2,18]	0.595	0.00973	0.602	-0.611	0.567	1.79	3827.0	0.0666	1.0
b3[1,19]	1.41	0.0108	0.658	0.0971	1.38	2.73	3734.0	0.065	1.0
b3[2,19]	0.855	0.0108	0.655	-0.483	0.846	2.11	3687.0	0.0641	1.0
b3[1,20]	1.34	0.0104	0.646	0.0863	1.33	2.59	3849.0	0.067	1.0
b3[2,20]	0.791	0.0103	0.628	-0.477	0.78	2.0	3695.0	0.0643	1.0
b3[1,21]	2.18	0.00957	0.571	1.15	2.13	3.33	3561.0	0.062	1.0
b3[2,21]	1.99	0.0101	0.62	0.852	1.96	3.22	3779.0	0.0657	1.0
b3[1,22]	1.23	0.0115	0.702	-0.17	1.23	2.58	3698.0	0.0643	1.0
b3[2,22]	0.78	0.0118	0.694	-0.644	0.773	2.1	3450.0	0.06	1.0
b3[1,23]	1.84	0.012	0.737	0.394	1.82	3.29	3756.0	0.0653	1.0
b3[2,23]	1.74	0.0117	0.715	0.324	1.72	3.17	3718.0	0.0647	1.0
b3[1,24]	0.752	0.00918	0.56	-0.359	0.759	1.8	3724.0	0.0648	1.0
b3[2,24]	0.688	0.00809	0.499	-0.314	0.673	1.68	3795.0	0.066	1.0
b3[1,25]	1.15	0.011	0.633	-0.168	1.14	2.38	3310.0	0.0576	1.0
b3[2,25]	1.12	0.0114	0.648	-0.175	1.1	2.39	3236.0	0.0563	1.0
b3[1,26]	1.65	0.00914	0.556	0.606	1.63	2.75	3702.0	0.0644	1.0
b3[2,26]	1.43	0.00985	0.616	0.239	1.41	2.62	3915.0	0.0681	1.0
b3[1,27]	1.36	0.0116	0.668	0.0782	1.32	2.69	3314.0	0.0576	1.0
b3[2,27]	1.12	0.0113	0.691	-0.22	1.09	2.46	3730.0	0.0649	1.0
b3[1,28]	1.24	0.00983	0.561	0.394	1.13	2.56	3256.0	0.0566	1.0
b3[2,28]	0.693	0.00898	0.527	-0.25	0.638	1.85	3444.0	0.0599	0.999
b3[1,29]	1.22	0.00755	0.464	0.335	1.2	2.14	3783.0	0.0658	1.0
b3[2,29]	0.518	0.00752	0.441	-0.31	0.495	1.39	3438.0	0.0598	1.0
b3[1,30]	2.21	0.00939	0.55	1.18	2.17	3.32	3431.0	0.0597	1.0
b3[2,30]	2.09	0.0092	0.513	1.14	2.05	3.12	3117.0	0.0542	1.0
b3[1,31]	0.588	0.00736	0.459	-0.32	0.574	1.48	3890.0	0.0677	1.0
b3[2,31]	0.146	0.00514	0.322	-0.507	0.146	0.765	3914.0	0.0681	1.0
b3[1,32]	1.77	0.0107	0.643	0.529	1.75	3.03	3632.0	0.0632	1.0
b3[2,32]	1.27	0.0104	0.609	0.0851	1.26	2.45	3463.0	0.0602	1.0
b3[1,33]	1.57	0.0122	0.735	0.124	1.55	3.0	3639.0	0.0633	1.0
b3[2,33]	1.31	0.0124	0.737	-0.12	1.29	2.76	3526.0	0.0613	1.0
b3[1,34]	1.96	0.00742	0.469	1.11	1.93	2.95	4003.0	0.0696	1.0
b3[2,34]	1.71	0.0079	0.488	0.78	1.68	2.69	3815.0	0.0664	1.0
b3[1,35]	0.903	0.00992	0.613	-0.322	0.9	2.11	3818.0	0.0664	0.999
b3[2,35]	0.651	0.0104	0.622	-0.605	0.655	1.83	3557.0	0.0619	1.0
b3[1,36]	1.81	0.0111	0.657	0.745	1.72	3.22	3472.0	0.0604	1.0
b3[2,36]	1.12	0.0109	0.656	0.111	0.984	2.67	3618.0	0.0629	1.0
b3[1,37]	2.42	0.0122	0.715	1.04	2.38	3.86	3457.0	0.0601	1.0
b3[2,37]	2.03	0.012	0.725	0.627	1.99	3.45	3649.0	0.0635	1.0
b3[1,38]	1.06	0.0116	0.664	-0.269	1.05	2.36	3276.0	0.057	1.0
b3[2,38]	0.947	0.0119	0.667	-0.339	0.925	2.26	3139.0	0.0546	1.0
b3[1,39]	1.05	0.011	0.678	-0.34	1.05	2.39	3788.0	0.0659	1.0
b3[2,39]	0.61	0.0113	0.664	-0.717	0.603	1.88	3433.0	0.0597	1.0
b3[1,40]	0.262	0.00931	0.543	-0.907	0.262	1.29	3404.0	0.0592	1.0
b3[2,40]	0.181	0.00906	0.52	-0.878	0.178	1.18	3287.0	0.0572	1.0
b3[1,41]	0.71	0.0106	0.602	-0.474	0.689	1.92	3253.0	0.0566	1.0
b3[2,41]	0.346	0.0113	0.644	-0.965	0.333	1.57	3274.0	0.057	1.0
b3[1,42]	0.198	0.00946	0.574	-0.932	0.179	1.34	3686.0	0.0641	1.0
b3[2,42]	-0.0266	0.0107	0.625	-1.27	-0.0581	1.22	3424.0	0.0596	1.0
b3[1,43]	-0.124	0.00669	0.4	-0.95	-0.12	0.639	3579.0	0.0623	1.0
b3[2,43]	0.0718	0.0102	0.554	-1.03	0.0601	1.16	2963.0	0.0516	1.0
b3[1,44]	1.35	0.0066	0.34	0.687	1.33	2.01	2657.0	0.0462	1.0
b3[2,44]	0.236	0.00468	0.262	-0.29	0.241	0.726	3134.0	0.0545	1.0
b3[1,45]	1.92	0.00737	0.446	1.13	1.88	2.87	3666.0	0.0638	1.0
b3[2,45]	1.5	0.00781	0.471	0.617	1.47	2.46	3643.0	0.0634	1.0
b3[1,46]	1.09	0.0118	0.517	0.278	0.994	2.29	1926.0	0.0335	1.0
b3[2,46]	1.08	0.01	0.496	0.294	1.0	2.22	2453.0	0.0427	1.0
b3[1,47]	1.32	0.00868	0.521	0.302	1.3	2.33	3604.0	0.0627	1.0
b3[2,47]	0.8	0.00968	0.589	-0.44	0.797	1.9	3696.0	0.0643	1.0
b3[1,48]	1.88	0.0118	0.678	0.556	1.85	3.23	3326.0	0.0579	1.0
b3[2,48]	1.65	0.0117	0.69	0.34	1.61	3.01	3482.0	0.0606	1.0
b3[1,49]	1.65	0.0113	0.685	0.312	1.63	2.98	3675.0	0.0639	1.0
b3[2,49]	1.36	0.0109	0.663	0.0159	1.34	2.65	3720.0	0.0647	1.0
b3[1,50]	2.02	0.00935	0.529	1.2	1.94	3.27	3204.0	0.0557	1.0
b3[2,50]	1.59	0.00947	0.53	0.832	1.48	2.9	3126.0	0.0544	1.0
b3[1,51]	2.35	0.011	0.593	1.29	2.3	3.54	2917.0	0.0507	1.0
b3[2,51]	1.96	0.0128	0.656	0.821	1.91	3.29	2645.0	0.046	1.0
b3[1,52]	1.15	0.0114	0.668	-0.183	1.14	2.47	3440.0	0.0599	1.0
b3[2,52]	0.737	0.0114	0.66	-0.598	0.727	2.02	3386.0	0.0589	1.0
b3[1,53]	1.03	0.00944	0.573	-0.114	1.01	2.16	3688.0	0.0642	1.0
b3[2,53]	0.611	0.00991	0.603	-0.61	0.599	1.77	3709.0	0.0645	1.0
b3[1,54]	0.58	0.0099	0.583	-0.657	0.574	1.71	3467.0	0.0603	1.0
b3[2,54]	0.0533	0.0105	0.595	-1.2	0.0548	1.15	3217.0	0.056	1.0
b3[1,55]	1.81	0.0124	0.679	0.486	1.79	3.13	2983.0	0.0519	1.0
b3[2,55]	1.62	0.0118	0.68	0.307	1.59	2.94	3348.0	0.0582	1.0
b3[1,56]	1.24	0.0493	1.23	-0.65	1.27	3.46	621.0	0.0108	1.0
b3[2,56]	1.59	0.022	0.794	0.162	1.55	3.15	1306.0	0.0227	1.0
b3[1,57]	1.87	0.012	0.668	0.622	1.84	3.19	3112.0	0.0541	1.0
b3[2,57]	1.65	0.0115	0.655	0.408	1.62	2.93	3273.0	0.0569	1.0
b3[1,58]	1.3	0.00752	0.449	0.453	1.29	2.21	3569.0	0.0621	1.0
b3[2,58]	0.709	0.00926	0.554	-0.43	0.705	1.78	3588.0	0.0624	1.0
b3[1,59]	2.3	0.0116	0.703	0.952	2.28	3.7	3676.0	0.064	1.0
b3[2,59]	2.12	0.0114	0.68	0.85	2.09	3.49	3552.0	0.0618	1.0
b3[1,60]	0.585	0.00902	0.562	-0.615	0.571	1.66	3888.0	0.0676	1.0
b3[2,60]	0.366	0.00857	0.516	-0.667	0.357	1.38	3626.0	0.0631	1.0
b3[1,61]	1.69	0.0171	0.739	0.457	1.59	3.25	1858.0	0.0323	1.0
b3[2,61]	1.2	0.017	0.752	-0.131	1.12	2.78	1954.0	0.034	1.0
b3[1,62]	0.598	0.00716	0.44	-0.281	0.585	1.44	3781.0	0.0658	1.0
b3[2,62]	0.124	0.0078	0.474	-0.87	0.117	1.01	3692.0	0.0642	1.0
b3[1,63]	1.15	0.0118	0.722	-0.305	1.12	2.55	3774.0	0.0656	1.0
b3[2,63]	1.07	0.0118	0.711	-0.337	1.06	2.43	3634.0	0.0632	1.0
b3[1,64]	0.298	0.0106	0.615	-0.936	0.295	1.46	3375.0	0.0587	1.0
b3[2,64]	0.055	0.0113	0.629	-1.26	0.0568	1.27	3118.0	0.0542	0.999
b3[1,65]	0.688	0.0112	0.696	-0.664	0.654	2.07	3841.0	0.0668	1.0
b3[2,65]	0.664	0.0105	0.624	-0.565	0.65	1.88	3532.0	0.0615	1.0
b3[1,66]	0.643	0.0116	0.64	-0.644	0.644	1.87	3071.0	0.0534	1.0
b3[2,66]	0.381	0.0124	0.653	-0.967	0.359	1.64	2791.0	0.0485	1.0
b3[1,67]	1.28	0.0119	0.712	-0.146	1.27	2.63	3569.0	0.0621	1.0
b3[2,67]	0.838	0.0117	0.692	-0.553	0.816	2.18	3482.0	0.0606	1.0
b3[1,68]	0.469	0.00959	0.589	-0.706	0.466	1.6	3777.0	0.0657	1.0
b3[2,68]	0.0727	0.0111	0.642	-1.28	0.0741	1.29	3353.0	0.0583	1.0
b3[1,69]	1.17	0.0114	0.671	-0.163	1.15	2.47	3491.0	0.0607	1.0
b3[2,69]	0.737	0.0112	0.664	-0.594	0.726	2.01	3536.0	0.0615	1.0
b3[1,70]	1.63	0.012	0.717	0.205	1.6	3.04	3550.0	0.0618	1.0
b3[2,70]	1.37	0.0124	0.746	-0.1	1.35	2.81	3643.0	0.0634	0.999
b3[1,71]	1.67	0.0121	0.729	0.257	1.64	3.09	3618.0	0.0629	1.0
b3[2,71]	1.48	0.0117	0.698	0.124	1.46	2.84	3544.0	0.0617	1.0
b3[1,72]	0.946	0.0113	0.67	-0.421	0.943	2.23	3522.0	0.0613	1.0
b3[2,72]	0.691	0.0111	0.672	-0.641	0.687	1.98	3642.0	0.0634	1.0
b3[1,73]	1.81	0.0124	0.759	0.346	1.79	3.26	3744.0	0.0651	1.0
b3[2,73]	1.41	0.0128	0.777	-0.0878	1.4	2.91	3706.0	0.0645	1.0
b3[1,74]	1.81	0.0121	0.733	0.401	1.77	3.27	3682.0	0.0641	1.0
b3[2,74]	1.55	0.0117	0.709	0.162	1.54	2.94	3678.0	0.064	0.999
b3[1,75]	1.29	0.0158	0.881	-0.488	1.27	2.98	3102.0	0.054	1.0
b3[2,75]	0.917	0.015	0.87	-0.807	0.888	2.59	3375.0	0.0587	1.0
b3[1,76]	1.29	0.0101	0.597	0.125	1.26	2.5	3515.0	0.0611	1.0
b3[2,76]	0.888	0.0103	0.631	-0.403	0.881	2.11	3780.0	0.0658	1.0
b3[1,77]	1.43	0.0103	0.63	0.169	1.4	2.68	3755.0	0.0653	1.0
b3[2,77]	0.993	0.0101	0.601	-0.196	0.98	2.21	3539.0	0.0616	1.0
b3[1,78]	1.58	0.013	0.744	0.136	1.56	3.0	3271.0	0.0569	1.0
b3[2,78]	1.27	0.0133	0.748	-0.211	1.25	2.74	3171.0	0.0552	1.0
b3[1,79]	0.102	0.00816	0.482	-0.884	0.0995	1.04	3489.0	0.0607	1.0
b3[2,79]	-0.467	0.00835	0.487	-1.52	-0.46	0.408	3396.0	0.0591	1.0
b3[1,80]	2.12	0.011	0.678	0.825	2.09	3.47	3778.0	0.0657	1.0
b3[2,80]	1.82	0.0117	0.702	0.516	1.78	3.23	3616.0	0.0629	1.0
b3[1,81]	1.27	0.0101	0.615	0.0505	1.25	2.48	3693.0	0.0642	1.0
b3[2,81]	0.955	0.0106	0.64	-0.305	0.931	2.18	3609.0	0.0628	1.0
b3[1,82]	0.664	0.00922	0.528	-0.404	0.656	1.68	3282.0	0.0571	1.0
b3[2,82]	0.227	0.00933	0.558	-0.94	0.231	1.29	3579.0	0.0623	1.0
b3[1,83]	-0.504	0.00773	0.454	-1.47	-0.486	0.287	3459.0	0.0602	1.0
b3[2,83]	-0.14	0.0111	0.582	-1.3	-0.144	0.973	2754.0	0.0479	1.0
b3[1,84]	2.39	0.0087	0.515	1.46	2.36	3.47	3512.0	0.0611	1.0
b3[2,84]	1.76	0.00833	0.502	0.792	1.74	2.75	3638.0	0.0633	1.0
b3[1,85]	-0.529	0.0099	0.581	-1.65	-0.559	0.713	3449.0	0.06	0.999
b3[2,85]	-0.666	0.00979	0.548	-1.77	-0.676	0.372	3131.0	0.0545	1.0
b3[1,86]	1.78	0.0119	0.699	0.429	1.75	3.18	3438.0	0.0598	1.0
b3[2,86]	1.59	0.0121	0.692	0.248	1.56	2.96	3247.0	0.0565	1.0
b3[1,87]	1.17	0.0286	0.878	-0.76	1.19	2.78	946.0	0.0165	1.0
b3[2,87]	0.945	0.0213	0.788	-0.656	0.958	2.45	1371.0	0.0239	1.0
b3[1,88]	2.01	0.0104	0.608	0.863	1.98	3.24	3427.0	0.0596	1.0
b3[2,88]	1.37	0.0109	0.629	0.106	1.36	2.64	3358.0	0.0584	1.0
b3[1,89]	1.7	0.00886	0.5	0.792	1.66	2.76	3187.0	0.0554	1.0
b3[2,89]	1.97	0.00905	0.526	1.0	1.95	3.06	3375.0	0.0587	1.0
b3[1,90]	0.537	0.00854	0.518	-0.489	0.512	1.58	3684.0	0.0641	1.0
b3[2,90]	0.0228	0.00831	0.522	-1.05	0.017	1.04	3949.0	0.0687	1.0
b3[1,91]	1.34	0.0109	0.663	0.0574	1.31	2.62	3696.0	0.0643	1.0
b3[2,91]	1.19	0.0103	0.625	-0.0239	1.16	2.4	3678.0	0.064	1.0
b3[1,92]	0.192	0.0092	0.538	-0.948	0.191	1.21	3413.0	0.0594	1.0
b3[2,92]	0.219	0.0092	0.536	-0.852	0.21	1.25	3392.0	0.059	1.0
b3[1,93]	1.86	0.00871	0.465	1.05	1.82	2.85	2855.0	0.0497	1.0
b3[2,93]	1.88	0.00659	0.411	1.14	1.85	2.73	3888.0	0.0676	1.0
b4[1,1]	1.5	0.0112	0.632	0.283	1.48	2.76	3208.0	0.0558	1.0
b4[2,1]	1.63	0.0112	0.628	0.412	1.61	2.88	3146.0	0.0547	1.0
b4[1,2]	0.359	0.00993	0.586	-0.815	0.346	1.51	3489.0	0.0607	1.0
b4[2,2]	0.392	0.01	0.596	-0.789	0.377	1.57	3534.0	0.0615	1.0
b4[1,3]	1.26	0.00993	0.567	0.231	1.23	2.41	3261.0	0.0567	1.0
b4[2,3]	1.41	0.0101	0.583	0.321	1.38	2.57	3353.0	0.0583	1.0
b4[1,4]	0.861	0.00972	0.565	-0.255	0.845	1.97	3378.0	0.0588	1.0
b4[2,4]	1.12	0.00966	0.568	0.00527	1.1	2.25	3456.0	0.0601	1.0
b4[1,5]	-0.676	0.00882	0.52	-1.84	-0.659	0.25	3482.0	0.0606	1.0
b4[2,5]	-0.485	0.0093	0.536	-1.66	-0.466	0.48	3320.0	0.0578	1.0
b4[1,6]	0.994	0.00937	0.55	0.0288	0.931	2.17	3443.0	0.0599	1.0
b4[2,6]	1.11	0.0102	0.571	0.0434	1.08	2.3	3143.0	0.0547	1.0
b4[1,7]	-0.453	0.00851	0.502	-1.52	-0.45	0.479	3480.0	0.0605	1.0
b4[2,7]	-0.418	0.00876	0.519	-1.53	-0.397	0.517	3520.0	0.0612	1.0
b4[1,8]	-0.343	0.00418	0.256	-0.886	-0.34	0.143	3750.0	0.0652	1.0
b4[2,8]	-0.0657	0.00472	0.281	-0.649	-0.0688	0.478	3558.0	0.0619	1.0
b4[1,9]	0.246	0.0045	0.277	-0.295	0.238	0.782	3797.0	0.066	1.0
b4[2,9]	0.0155	0.011	0.476	-0.923	-0.000425	0.906	1858.0	0.0323	1.0
b4[1,10]	0.929	0.00971	0.572	-0.204	0.907	2.06	3472.0	0.0604	1.0
b4[2,10]	1.03	0.0104	0.596	-0.127	1.02	2.22	3277.0	0.057	1.0
b4[1,11]	0.0587	0.00901	0.527	-0.799	-0.0156	1.25	3416.0	0.0594	1.0
b4[2,11]	0.373	0.00908	0.532	-0.502	0.296	1.6	3430.0	0.0597	1.0
b4[1,12]	0.000448	0.00839	0.48	-1.01	0.0027	0.916	3274.0	0.057	1.0
b4[2,12]	0.108	0.0082	0.487	-0.925	0.118	1.01	3525.0	0.0613	1.0
b4[1,13]	0.4	0.00731	0.416	-0.275	0.348	1.41	3242.0	0.0564	1.0
b4[2,13]	0.635	0.00781	0.448	-0.157	0.585	1.63	3297.0	0.0574	1.0
b4[1,14]	1.11	0.00944	0.512	0.126	1.09	2.12	2939.0	0.0511	1.0
b4[2,14]	1.3	0.00924	0.529	0.318	1.27	2.35	3282.0	0.0571	1.0
b4[1,15]	0.725	0.0089	0.536	-0.315	0.719	1.78	3623.0	0.063	1.0
b4[2,15]	0.858	0.00907	0.546	-0.224	0.847	1.94	3622.0	0.063	1.0
b4[1,16]	0.94	0.00963	0.59	-0.235	0.921	2.11	3752.0	0.0653	1.0
b4[2,16]	1.15	0.00998	0.602	-0.0454	1.13	2.36	3643.0	0.0634	1.0
b4[1,17]	-0.188	0.00915	0.532	-1.32	-0.178	0.794	3380.0	0.0588	1.0
b4[2,17]	0.0887	0.0093	0.543	-1.02	0.0954	1.12	3403.0	0.0592	1.0
b4[1,18]	0.464	0.00921	0.55	-0.73	0.471	1.53	3558.0	0.0619	1.0
b4[2,18]	0.667	0.00938	0.551	-0.481	0.663	1.72	3456.0	0.0601	1.0
b4[1,19]	0.774	0.01	0.558	-0.323	0.754	1.88	3109.0	0.0541	1.0
b4[2,19]	1.03	0.0102	0.567	-0.07	1.02	2.15	3076.0	0.0535	0.999
b4[1,20]	0.121	0.00873	0.5	-0.905	0.13	1.06	3277.0	0.057	1.0
b4[2,20]	0.335	0.00894	0.511	-0.686	0.325	1.3	3262.0	0.0567	1.0
b4[1,21]	0.115	0.00772	0.468	-0.776	0.0895	1.09	3670.0	0.0639	1.0
b4[2,21]	0.435	0.00776	0.467	-0.455	0.413	1.38	3612.0	0.0628	1.0
b4[1,22]	-0.43	0.0103	0.609	-1.73	-0.42	0.664	3518.0	0.0612	1.0
b4[2,22]	-0.304	0.0101	0.606	-1.59	-0.296	0.791	3568.0	0.0621	1.0
b4[1,23]	0.299	0.00989	0.589	-0.848	0.278	1.44	3542.0	0.0616	1.0
b4[2,23]	0.367	0.00996	0.616	-0.872	0.358	1.55	3826.0	0.0666	1.0
b4[1,24]	-0.0974	0.00764	0.454	-1.05	-0.0944	0.745	3523.0	0.0613	1.0
b4[2,24]	0.153	0.00818	0.484	-0.86	0.155	1.06	3499.0	0.0609	1.0
b4[1,25]	0.67	0.00991	0.585	-0.506	0.66	1.8	3492.0	0.0607	1.0
b4[2,25]	0.754	0.0101	0.588	-0.446	0.745	1.88	3379.0	0.0588	1.0
b4[1,26]	-0.222	0.00846	0.492	-1.24	-0.211	0.696	3379.0	0.0588	1.0
b4[2,26]	-0.103	0.0085	0.499	-1.17	-0.0908	0.824	3450.0	0.06	1.0
b4[1,27]	0.972	0.0106	0.623	-0.236	0.953	2.22	3485.0	0.0606	1.0
b4[2,27]	1.11	0.0105	0.623	-0.0792	1.1	2.37	3497.0	0.0608	1.0
b4[1,28]	-0.17	0.00515	0.315	-0.802	-0.169	0.411	3739.0	0.0651	0.999
b4[2,28]	-0.082	0.00552	0.33	-0.757	-0.0837	0.512	3566.0	0.062	1.0
b4[1,29]	0.216	0.00801	0.481	-0.772	0.213	1.14	3600.0	0.0626	0.999
b4[2,29]	0.365	0.00819	0.496	-0.643	0.363	1.32	3674.0	0.0639	1.0
b4[1,30]	0.102	0.0106	0.577	-1.0	0.083	1.2	2972.0	0.0517	1.0
b4[2,30]	0.0773	0.0109	0.604	-1.11	0.0485	1.31	3088.0	0.0537	1.0
b4[1,31]	0.751	0.00805	0.486	-0.196	0.732	1.69	3644.0	0.0634	1.0
b4[2,31]	0.883	0.00795	0.485	-0.0385	0.861	1.84	3718.0	0.0647	1.0
b4[1,32]	1.34	0.00948	0.555	0.28	1.31	2.44	3429.0	0.0597	1.0
b4[2,32]	1.45	0.00961	0.566	0.378	1.42	2.6	3474.0	0.0604	1.0
b4[1,33]	0.228	0.00678	0.4	-0.597	0.224	0.999	3487.0	0.0607	1.0
b4[2,33]	0.482	0.00744	0.438	-0.402	0.479	1.33	3466.0	0.0603	1.0
b4[1,34]	-0.422	0.00401	0.252	-0.947	-0.415	0.0398	3954.0	0.0688	1.0
b4[2,34]	-0.42	0.0043	0.263	-1.0	-0.41	0.0511	3741.0	0.0651	1.0
b4[1,35]	0.419	0.00897	0.516	-0.599	0.414	1.41	3313.0	0.0576	1.0
b4[2,35]	0.496	0.00922	0.518	-0.568	0.491	1.51	3160.0	0.055	1.0
b4[1,36]	-0.224	0.00592	0.338	-0.918	-0.225	0.424	3256.0	0.0567	1.0
b4[2,36]	-0.242	0.00593	0.358	-1.01	-0.239	0.437	3641.0	0.0633	1.0
b4[1,37]	0.23	0.00791	0.48	-0.73	0.229	1.13	3676.0	0.0639	1.0
b4[2,37]	0.489	0.00835	0.503	-0.504	0.475	1.46	3626.0	0.0631	1.0
b4[1,38]	1.43	0.00975	0.571	0.357	1.39	2.55	3432.0	0.0597	1.0
b4[2,38]	1.62	0.00973	0.578	0.526	1.59	2.79	3533.0	0.0615	1.0
b4[1,39]	0.957	0.00974	0.572	-0.156	0.941	2.05	3449.0	0.06	1.0
b4[2,39]	1.08	0.00954	0.574	-0.059	1.06	2.2	3614.0	0.0629	1.0
b4[1,40]	0.716	0.00733	0.427	-0.152	0.707	1.53	3400.0	0.0592	1.0
b4[2,40]	0.797	0.00798	0.468	-0.156	0.785	1.71	3443.0	0.0599	1.0
b4[1,41]	0.141	0.00794	0.479	-0.821	0.137	1.08	3651.0	0.0635	1.0
b4[2,41]	0.275	0.00821	0.501	-0.728	0.266	1.25	3717.0	0.0647	1.0
b4[1,42]	-0.46	0.00828	0.508	-1.52	-0.452	0.472	3765.0	0.0655	1.0
b4[2,42]	-0.429	0.00848	0.518	-1.52	-0.416	0.522	3734.0	0.065	1.0
b4[1,43]	-0.323	0.00622	0.378	-1.14	-0.322	0.372	3688.0	0.0642	0.999
b4[2,43]	0.0443	0.00722	0.424	-0.824	0.0406	0.868	3452.0	0.06	1.0
b4[1,44]	1.33	0.00762	0.466	0.348	1.33	2.23	3738.0	0.065	1.0
b4[2,44]	1.74	0.00613	0.377	1.04	1.72	2.53	3780.0	0.0658	1.0
b4[1,45]	-0.454	0.00788	0.48	-1.39	-0.476	0.479	3715.0	0.0646	1.0
b4[2,45]	-0.183	0.00793	0.483	-1.16	-0.2	0.778	3704.0	0.0644	1.0
b4[1,46]	0.245	0.00887	0.503	-0.682	0.181	1.38	3217.0	0.056	1.0
b4[2,46]	0.381	0.00791	0.491	-0.635	0.326	1.52	3861.0	0.0672	1.0
b4[1,47]	0.486	0.00894	0.541	-0.596	0.485	1.5	3666.0	0.0638	1.0
b4[2,47]	0.551	0.00916	0.546	-0.53	0.55	1.61	3555.0	0.0619	0.999
b4[1,48]	0.329	0.00778	0.467	-0.621	0.323	1.24	3602.0	0.0627	1.0
b4[2,48]	0.402	0.00821	0.491	-0.629	0.401	1.34	3573.0	0.0622	1.0
b4[1,49]	0.864	0.0103	0.62	-0.348	0.839	2.08	3653.0	0.0636	1.0
b4[2,49]	1.02	0.0105	0.622	-0.191	0.998	2.24	3512.0	0.0611	1.0
b4[1,50]	0.544	0.0049	0.281	0.00868	0.53	1.1	3297.0	0.0574	1.0
b4[2,50]	0.871	0.00469	0.287	0.341	0.851	1.44	3748.0	0.0652	1.0
b4[1,51]	1.09	0.00876	0.465	0.283	1.06	2.05	2816.0	0.049	1.0
b4[2,51]	1.11	0.0122	0.597	0.0974	1.07	2.29	2387.0	0.0415	1.0
b4[1,52]	-0.0267	0.00945	0.545	-1.15	-0.0195	0.991	3322.0	0.0578	1.0
b4[2,52]	-0.058	0.00963	0.547	-1.2	-0.0512	0.958	3224.0	0.0561	1.0
b4[1,53]	0.654	0.00838	0.518	-0.376	0.641	1.67	3819.0	0.0664	1.0
b4[2,53]	0.824	0.00836	0.526	-0.248	0.813	1.83	3961.0	0.0689	1.0
b4[1,54]	0.985	0.0107	0.62	-0.215	0.959	2.23	3346.0	0.0582	1.0
b4[2,54]	1.12	0.0107	0.636	-0.124	1.1	2.36	3565.0	0.062	1.0
b4[1,55]	0.827	0.0106	0.616	-0.381	0.801	2.02	3361.0	0.0585	1.0
b4[2,55]	0.968	0.0101	0.614	-0.253	0.945	2.16	3707.0	0.0645	1.0
b4[1,56]	0.187	0.0115	0.561	-1.1	0.211	1.18	2373.0	0.0413	1.0
b4[2,56]	0.324	0.0108	0.547	-0.92	0.352	1.31	2567.0	0.0447	1.0
b4[1,57]	0.758	0.00916	0.575	-0.327	0.73	1.9	3947.0	0.0687	1.0
b4[2,57]	0.906	0.00977	0.589	-0.255	0.882	2.05	3633.0	0.0632	1.0
b4[1,58]	-0.449	0.00747	0.437	-1.38	-0.446	0.338	3420.0	0.0595	1.0
b4[2,58]	-0.195	0.00749	0.463	-1.14	-0.199	0.683	3811.0	0.0663	1.0
b4[1,59]	0.895	0.0106	0.619	-0.304	0.873	2.12	3432.0	0.0597	1.0
b4[2,59]	1.03	0.0108	0.622	-0.159	1.02	2.27	3344.0	0.0582	1.0
b4[1,60]	1.24	0.0103	0.599	0.086	1.22	2.47	3370.0	0.0586	1.0
b4[2,60]	1.39	0.0105	0.619	0.222	1.36	2.66	3464.0	0.0603	1.0
b4[1,61]	-0.377	0.0205	0.692	-1.56	-0.523	1.12	1135.0	0.0197	1.0
b4[2,61]	-0.261	0.0207	0.688	-1.42	-0.389	1.23	1102.0	0.0192	1.0
b4[1,62]	0.527	0.00962	0.526	-0.549	0.522	1.52	2991.0	0.052	1.0
b4[2,62]	0.663	0.00916	0.537	-0.444	0.651	1.68	3435.0	0.0598	1.0
b4[1,63]	0.357	0.0097	0.587	-0.803	0.336	1.47	3658.0	0.0636	1.0
b4[2,63]	0.536	0.00962	0.592	-0.671	0.529	1.67	3788.0	0.0659	1.0
b4[1,64]	0.863	0.00817	0.48	-0.0582	0.844	1.81	3454.0	0.0601	1.0
b4[2,64]	0.876	0.00847	0.502	-0.114	0.856	1.87	3520.0	0.0612	1.0
b4[1,65]	0.118	0.0105	0.639	-1.06	0.0781	1.43	3674.0	0.0639	1.0
b4[2,65]	0.254	0.00964	0.599	-0.864	0.208	1.47	3857.0	0.0671	0.999
b4[1,66]	0.929	0.0112	0.641	-0.298	0.911	2.18	3261.0	0.0567	1.0
b4[2,66]	1.06	0.0111	0.637	-0.182	1.04	2.31	3304.0	0.0575	1.0
b4[1,67]	0.888	0.0098	0.597	-0.279	0.874	2.06	3708.0	0.0645	1.0
b4[2,67]	1.05	0.01	0.614	-0.176	1.03	2.22	3758.0	0.0654	1.0
b4[1,68]	-0.365	0.00885	0.532	-1.48	-0.352	0.593	3616.0	0.0629	1.0
b4[2,68]	-0.0621	0.00909	0.549	-1.18	-0.0633	0.956	3644.0	0.0634	1.0
b4[1,69]	0.992	0.0093	0.549	-0.103	0.978	2.08	3481.0	0.0606	1.0
b4[2,69]	1.13	0.00925	0.554	0.0319	1.11	2.2	3590.0	0.0625	1.0
b4[1,70]	0.256	0.00874	0.529	-0.759	0.233	1.28	3657.0	0.0636	1.0
b4[2,70]	0.378	0.00891	0.537	-0.703	0.371	1.42	3632.0	0.0632	1.0
b4[1,71]	-0.164	0.00709	0.402	-0.984	-0.164	0.586	3219.0	0.056	1.0
b4[2,71]	-0.00519	0.0071	0.416	-0.869	-0.00366	0.781	3437.0	0.0598	1.0
b4[1,72]	0.88	0.0108	0.631	-0.358	0.869	2.13	3389.0	0.059	1.0
b4[2,72]	1.02	0.011	0.64	-0.245	1.0	2.3	3371.0	0.0586	1.0
b4[1,73]	0.719	0.0104	0.615	-0.485	0.7	1.91	3467.0	0.0603	1.0
b4[2,73]	0.881	0.0104	0.618	-0.338	0.866	2.07	3525.0	0.0613	1.0
b4[1,74]	0.623	0.00901	0.536	-0.426	0.611	1.66	3537.0	0.0615	0.999
b4[2,74]	0.717	0.00903	0.553	-0.381	0.695	1.77	3756.0	0.0653	1.0
b4[1,75]	0.0287	0.0122	0.742	-1.48	0.00554	1.48	3730.0	0.0649	1.0
b4[2,75]	0.175	0.0125	0.748	-1.34	0.154	1.63	3558.0	0.0619	1.0
b4[1,76]	0.995	0.00874	0.517	-0.00173	0.97	2.02	3497.0	0.0608	1.0
b4[2,76]	1.04	0.00857	0.52	-0.0139	1.02	2.05	3677.0	0.064	1.0
b4[1,77]	1.25	0.0102	0.596	0.137	1.22	2.42	3384.0	0.0589	1.0
b4[2,77]	1.34	0.0102	0.604	0.176	1.31	2.52	3505.0	0.061	1.0
b4[1,78]	0.978	0.0108	0.652	-0.338	0.964	2.26	3624.0	0.063	1.0
b4[2,78]	1.13	0.0111	0.64	-0.175	1.11	2.41	3334.0	0.058	1.0
b4[1,79]	-0.613	0.00795	0.484	-1.65	-0.593	0.252	3712.0	0.0646	1.0
b4[2,79]	-0.382	0.00821	0.489	-1.47	-0.363	0.527	3552.0	0.0618	1.0
b4[1,80]	1.35	0.00988	0.591	0.194	1.33	2.53	3583.0	0.0623	1.0
b4[2,80]	1.43	0.00991	0.6	0.247	1.41	2.59	3672.0	0.0639	1.0
b4[1,81]	0.646	0.00779	0.465	-0.273	0.637	1.54	3564.0	0.062	1.0
b4[2,81]	0.81	0.00782	0.478	-0.153	0.795	1.76	3729.0	0.0649	1.0
b4[1,82]	0.204	0.00745	0.426	-0.675	0.193	1.01	3273.0	0.0569	1.0
b4[2,82]	0.147	0.00765	0.454	-0.833	0.151	0.979	3531.0	0.0614	1.0
b4[1,83]	-0.274	0.0107	0.614	-1.6	-0.246	0.84	3268.0	0.0568	1.0
b4[2,83]	-0.208	0.0105	0.611	-1.56	-0.182	0.87	3416.0	0.0594	1.0
b4[1,84]	0.179	0.00517	0.31	-0.466	0.181	0.767	3604.0	0.0627	1.0
b4[2,84]	0.585	0.00567	0.345	-0.0899	0.57	1.27	3700.0	0.0644	1.0
b4[1,85]	0.87	0.00901	0.555	-0.0758	0.793	2.07	3789.0	0.0659	1.0
b4[2,85]	0.866	0.00893	0.554	-0.159	0.823	1.99	3842.0	0.0668	1.0
b4[1,86]	0.48	0.00968	0.576	-0.696	0.462	1.62	3542.0	0.0616	1.0
b4[2,86]	0.551	0.00974	0.582	-0.597	0.54	1.69	3572.0	0.0621	1.0
b4[1,87]	0.449	0.00768	0.465	-0.458	0.422	1.38	3665.0	0.0638	1.0
b4[2,87]	0.431	0.00636	0.394	-0.3	0.408	1.24	3835.0	0.0667	1.0
b4[1,88]	0.73	0.0087	0.515	-0.299	0.717	1.72	3510.0	0.0611	1.0
b4[2,88]	0.617	0.00916	0.523	-0.464	0.615	1.59	3262.0	0.0567	1.0
b4[1,89]	0.637	0.00704	0.406	-0.139	0.626	1.46	3325.0	0.0578	1.0
b4[2,89]	0.569	0.00725	0.428	-0.306	0.562	1.4	3487.0	0.0607	1.0
b4[1,90]	0.368	0.00934	0.513	-0.564	0.322	1.46	3016.0	0.0525	1.0
b4[2,90]	0.616	0.01	0.532	-0.298	0.556	1.77	2831.0	0.0493	1.0
b4[1,91]	1.38	0.0106	0.598	0.275	1.34	2.61	3213.0	0.0559	1.0
b4[2,91]	1.55	0.0107	0.611	0.411	1.52	2.78	3277.0	0.057	1.0
b4[1,92]	-0.293	0.00868	0.525	-1.42	-0.284	0.662	3657.0	0.0636	1.0
b4[2,92]	-0.172	0.00905	0.522	-1.26	-0.16	0.782	3327.0	0.0579	1.0
b4[1,93]	0.233	0.00436	0.265	-0.311	0.234	0.742	3688.0	0.0642	1.0
b4[2,93]	0.385	0.00387	0.24	-0.111	0.385	0.84	3846.0	0.0669	1.0
a1[1,1]	0.102	0.000706	0.044	0.0379	0.0941	0.202	3889.0	0.0677	1.0
a1[2,1]	0.184	0.00118	0.0741	0.0619	0.174	0.338	3971.0	0.0691	1.0
a1[1,2]	0.141	0.000923	0.0542	0.0526	0.135	0.259	3444.0	0.0599	1.0
a1[2,2]	0.1	0.000925	0.0554	0.0299	0.0859	0.243	3591.0	0.0625	1.0
a1[1,3]	0.123	0.000934	0.0568	0.0444	0.112	0.257	3697.0	0.0643	1.0
a1[2,3]	0.181	0.00127	0.078	0.064	0.167	0.361	3780.0	0.0658	1.0
a1[1,4]	0.147	0.000989	0.0601	0.0523	0.139	0.279	3691.0	0.0642	1.0
a1[2,4]	0.111	0.000721	0.0467	0.0423	0.103	0.22	4188.0	0.0729	1.0
a1[1,5]	0.126	0.000784	0.0478	0.0463	0.121	0.223	3712.0	0.0646	1.0
a1[2,5]	0.133	0.00118	0.0696	0.0373	0.119	0.296	3470.0	0.0604	1.0
a1[1,6]	0.136	0.00118	0.0701	0.0292	0.124	0.293	3550.0	0.0618	1.0
a1[2,6]	0.132	0.00108	0.0635	0.0411	0.12	0.283	3468.0	0.0603	1.0
a1[1,7]	0.123	0.001	0.0601	0.0292	0.115	0.253	3603.0	0.0627	1.0
a1[2,7]	0.164	0.00114	0.0653	0.0608	0.154	0.303	3261.0	0.0567	1.0
a1[1,8]	0.0692	0.000448	0.0296	0.0257	0.0639	0.136	4377.0	0.0761	1.0
a1[2,8]	0.187	0.00126	0.0769	0.0637	0.176	0.353	3738.0	0.065	1.0
a1[1,9]	0.067	0.000784	0.042	0.0132	0.0576	0.166	2876.0	0.05	0.999
a1[2,9]	0.0952	0.000883	0.0484	0.0232	0.0882	0.202	3008.0	0.0523	1.0
a1[1,10]	0.0866	0.000559	0.0361	0.0341	0.08	0.167	4183.0	0.0728	1.0
a1[2,10]	0.142	0.000805	0.0522	0.0567	0.135	0.256	4194.0	0.073	1.0
a1[1,11]	0.0658	0.000535	0.0329	0.0227	0.059	0.145	3787.0	0.0659	1.0
a1[2,11]	0.146	0.00118	0.0721	0.0392	0.134	0.306	3721.0	0.0647	1.0
a1[1,12]	0.151	0.00102	0.0628	0.0518	0.142	0.287	3810.0	0.0663	1.0
a1[2,12]	0.0973	0.000936	0.0543	0.0305	0.0825	0.239	3364.0	0.0585	1.0
a1[1,13]	0.0984	0.00109	0.0697	0.0154	0.0817	0.275	4087.0	0.0711	1.0
a1[2,13]	0.149	0.00127	0.0757	0.0349	0.136	0.32	3570.0	0.0621	1.0
a1[1,14]	0.135	0.000944	0.0552	0.048	0.127	0.255	3418.0	0.0595	1.0
a1[2,14]	0.15	0.000954	0.0594	0.053	0.142	0.273	3869.0	0.0673	1.0
a1[1,15]	0.0633	0.000457	0.0295	0.0225	0.0576	0.13	4174.0	0.0726	1.0
a1[2,15]	0.153	0.000947	0.0562	0.0555	0.148	0.269	3523.0	0.0613	1.0
a1[1,16]	0.155	0.00108	0.0662	0.0558	0.143	0.305	3763.0	0.0655	1.0
a1[2,16]	0.115	0.000798	0.0497	0.0423	0.106	0.23	3873.0	0.0674	1.0
a1[1,17]	0.0809	0.000728	0.0385	0.0255	0.0744	0.168	2800.0	0.0487	1.0
a1[2,17]	0.0685	0.000587	0.0322	0.0227	0.0631	0.14	3002.0	0.0522	1.0
a1[1,18]	0.0906	0.00177	0.0761	0.0119	0.0655	0.28	1843.0	0.0321	1.0
a1[2,18]	0.17	0.00115	0.0708	0.0578	0.161	0.324	3761.0	0.0654	1.0
a1[1,19]	0.107	0.000705	0.0459	0.0391	0.0992	0.212	4246.0	0.0739	1.0
a1[2,19]	0.158	0.00107	0.0612	0.0583	0.151	0.289	3236.0	0.0563	1.0
a1[1,20]	0.144	0.00103	0.0616	0.0508	0.135	0.279	3592.0	0.0625	1.0
a1[2,20]	0.171	0.00145	0.0807	0.0563	0.156	0.357	3113.0	0.0542	1.0
a1[1,21]	0.0583	0.000556	0.0339	0.0153	0.0512	0.137	3709.0	0.0645	1.0
a1[2,21]	0.131	0.00102	0.064	0.0384	0.121	0.269	3917.0	0.0682	1.0
a1[1,22]	0.142	0.00102	0.0633	0.0488	0.131	0.288	3811.0	0.0663	1.0
a1[2,22]	0.149	0.00101	0.0585	0.0532	0.141	0.272	3363.0	0.0585	1.0
a1[1,23]	0.155	0.0011	0.0669	0.0529	0.145	0.305	3674.0	0.0639	1.0
a1[2,23]	0.0983	0.000735	0.0481	0.0352	0.0887	0.213	4280.0	0.0745	1.0
a1[1,24]	0.12	0.000871	0.0526	0.0397	0.112	0.231	3647.0	0.0634	1.0
a1[2,24]	0.0579	0.000457	0.0276	0.02	0.0524	0.119	3661.0	0.0637	1.0
a1[1,25]	0.118	0.00066	0.0415	0.0464	0.114	0.204	3957.0	0.0688	1.0
a1[2,25]	0.143	0.0009	0.0564	0.0533	0.136	0.268	3927.0	0.0683	1.0
a1[1,26]	0.0562	0.000437	0.0278	0.0188	0.0505	0.121	4043.0	0.0703	1.0
a1[2,26]	0.144	0.000936	0.0584	0.0524	0.136	0.273	3894.0	0.0678	1.0
a1[1,27]	0.104	0.000876	0.0548	0.0305	0.0901	0.231	3915.0	0.0681	1.0
a1[2,27]	0.16	0.000895	0.057	0.0629	0.155	0.277	4065.0	0.0707	1.0
a1[1,28]	0.0641	0.000816	0.0443	0.00959	0.0541	0.17	2944.0	0.0512	1.0
a1[2,28]	0.121	0.0012	0.0671	0.0268	0.108	0.274	3130.0	0.0545	1.0
a1[1,29]	0.104	0.000903	0.0539	0.0282	0.0931	0.232	3559.0	0.0619	1.0
a1[2,29]	0.104	0.000899	0.058	0.0245	0.0933	0.234	4165.0	0.0725	1.0
a1[1,30]	0.239	0.00173	0.0951	0.0716	0.23	0.434	3028.0	0.0527	1.0
a1[2,30]	0.122	0.00116	0.0586	0.0369	0.112	0.259	2534.0	0.0441	1.0
a1[1,31]	0.124	0.00129	0.0567	0.0363	0.116	0.247	1928.0	0.0335	1.0
a1[2,31]	0.0233	0.00031	0.015	0.00673	0.0196	0.0603	2336.0	0.0406	1.0
a1[1,32]	0.0996	0.000688	0.0437	0.0342	0.0922	0.198	4039.0	0.0703	1.0
a1[2,32]	0.11	0.000603	0.0381	0.045	0.107	0.189	3982.0	0.0693	1.0
a1[1,33]	0.153	0.00113	0.068	0.0521	0.141	0.31	3605.0	0.0627	1.0
a1[2,33]	0.167	0.00138	0.074	0.0582	0.154	0.335	2876.0	0.05	1.0
a1[1,34]	0.0949	0.00107	0.0652	0.0149	0.078	0.25	3711.0	0.0646	0.999
a1[2,34]	0.176	0.00132	0.0823	0.0455	0.164	0.364	3877.0	0.0675	1.0
a1[1,35]	0.13	0.000826	0.051	0.0468	0.126	0.238	3812.0	0.0663	1.0
a1[2,35]	0.14	0.000953	0.0538	0.0527	0.133	0.256	3191.0	0.0555	1.0
a1[1,36]	0.0898	0.00103	0.0538	0.0163	0.0799	0.222	2759.0	0.048	1.0
a1[2,36]	0.0729	0.000721	0.0429	0.0154	0.0645	0.171	3546.0	0.0617	1.0
a1[1,37]	0.0905	0.000637	0.0402	0.0334	0.0828	0.186	3980.0	0.0692	1.0
a1[2,37]	0.136	0.000868	0.0551	0.0494	0.127	0.261	4024.0	0.07	1.0
a1[1,38]	0.162	0.00133	0.0783	0.0496	0.147	0.343	3444.0	0.0599	1.0
a1[2,38]	0.174	0.00141	0.0723	0.0605	0.164	0.333	2626.0	0.0457	1.0
a1[1,39]	0.132	0.00104	0.0637	0.0348	0.123	0.276	3747.0	0.0652	1.0
a1[2,39]	0.143	0.00087	0.0503	0.0537	0.14	0.24	3340.0	0.0581	1.0
a1[1,40]	0.112	0.000788	0.0483	0.0369	0.104	0.218	3753.0	0.0653	1.0
a1[2,40]	0.0714	0.000497	0.0308	0.0257	0.0662	0.141	3845.0	0.0669	1.0
a1[1,41]	0.0731	0.000662	0.0408	0.024	0.0631	0.174	3791.0	0.066	1.0
a1[2,41]	0.19	0.00123	0.0774	0.0567	0.186	0.345	3956.0	0.0688	1.0
a1[1,42]	0.141	0.00122	0.0679	0.0404	0.13	0.288	3111.0	0.0541	1.0
a1[2,42]	0.21	0.00183	0.0974	0.0641	0.195	0.423	2824.0	0.0491	1.0
a1[1,43]	0.0353	0.000344	0.0209	0.0109	0.0299	0.0856	3686.0	0.0641	1.0
a1[2,43]	0.175	0.0014	0.0813	0.0534	0.161	0.352	3374.0	0.0587	1.0
a1[1,44]	0.0973	0.00103	0.06	0.0155	0.0858	0.237	3407.0	0.0593	1.0
a1[2,44]	0.115	0.00121	0.0715	0.0141	0.101	0.285	3511.0	0.0611	1.0
a1[1,45]	0.0582	0.00102	0.0547	0.00424	0.0405	0.197	2876.0	0.05	1.0
a1[2,45]	0.138	0.0011	0.0638	0.0327	0.13	0.278	3389.0	0.059	1.0
a1[1,46]	0.102	0.00127	0.0729	0.0109	0.0854	0.276	3313.0	0.0576	1.0
a1[2,46]	0.117	0.00126	0.0759	0.0171	0.101	0.293	3636.0	0.0633	1.0
a1[1,47]	0.0441	0.000344	0.0211	0.0156	0.0398	0.0922	3754.0	0.0653	1.0
a1[2,47]	0.149	0.000934	0.0564	0.0536	0.143	0.266	3643.0	0.0634	1.0
a1[1,48]	0.123	0.000754	0.0489	0.0464	0.115	0.233	4206.0	0.0732	1.0
a1[2,48]	0.126	0.000864	0.0519	0.0465	0.117	0.241	3609.0	0.0628	1.0
a1[1,49]	0.142	0.0009	0.0581	0.0493	0.134	0.271	4166.0	0.0725	1.0
a1[2,49]	0.111	0.000745	0.0456	0.0422	0.104	0.217	3752.0	0.0653	1.0
a1[1,50]	0.104	0.00112	0.0657	0.0153	0.0898	0.259	3420.0	0.0595	1.0
a1[2,50]	0.118	0.00134	0.0768	0.0145	0.104	0.298	3269.0	0.0569	1.0
a1[1,51]	0.124	0.00113	0.0641	0.0246	0.115	0.264	3240.0	0.0564	1.0
a1[2,51]	0.0842	0.000813	0.0522	0.0169	0.0722	0.209	4120.0	0.0717	1.0
a1[1,52]	0.15	0.00116	0.0656	0.0532	0.139	0.303	3190.0	0.0555	1.0
a1[2,52]	0.158	0.00114	0.0627	0.0583	0.149	0.297	3016.0	0.0525	1.0
a1[1,53]	0.0613	0.000586	0.0333	0.0208	0.0548	0.131	3227.0	0.0561	1.0
a1[2,53]	0.152	0.000979	0.0566	0.0566	0.145	0.269	3341.0	0.0581	1.0
a1[1,54]	0.0979	0.000668	0.0426	0.0344	0.0911	0.193	4070.0	0.0708	1.0
a1[2,54]	0.115	0.000798	0.049	0.0401	0.108	0.226	3769.0	0.0656	1.0
a1[1,55]	0.161	0.0011	0.0661	0.0588	0.151	0.309	3589.0	0.0624	1.0
a1[2,55]	0.129	0.00122	0.0739	0.0347	0.11	0.308	3648.0	0.0635	1.0
a1[1,56]	0.0939	0.00208	0.0634	0.0155	0.0806	0.235	926.0	0.0161	1.0
a1[2,56]	0.0984	0.000869	0.0471	0.0298	0.09	0.206	2938.0	0.0511	1.0
a1[1,57]	0.109	0.000755	0.0495	0.0378	0.0989	0.222	4308.0	0.075	1.0
a1[2,57]	0.15	0.000984	0.0604	0.056	0.142	0.287	3771.0	0.0656	1.0
a1[1,58]	0.0327	0.000389	0.0219	0.0104	0.0271	0.084	3160.0	0.055	1.0
a1[2,58]	0.155	0.000989	0.0564	0.0552	0.15	0.267	3255.0	0.0566	1.0
a1[1,59]	0.125	0.000714	0.0476	0.0513	0.117	0.231	4448.0	0.0774	1.0
a1[2,59]	0.0987	0.000618	0.0404	0.0399	0.0924	0.192	4288.0	0.0746	1.0
a1[1,60]	0.142	0.000924	0.0525	0.0509	0.138	0.249	3230.0	0.0562	1.0
a1[2,60]	0.0568	0.000443	0.0281	0.02	0.0509	0.122	4028.0	0.0701	1.0
a1[1,61]	0.0556	0.0009	0.0509	0.00728	0.0398	0.184	3193.0	0.0556	1.0
a1[2,61]	0.175	0.00141	0.0785	0.0495	0.166	0.349	3117.0	0.0542	1.0
a1[1,62]	0.0668	0.000641	0.0372	0.0183	0.0594	0.153	3357.0	0.0584	1.0
a1[2,62]	0.0967	0.000771	0.0452	0.0297	0.09	0.2	3445.0	0.0599	1.0
a1[1,63]	0.146	0.00103	0.0626	0.0507	0.135	0.287	3682.0	0.0641	1.0
a1[2,63]	0.142	0.00126	0.0742	0.0379	0.127	0.315	3497.0	0.0608	1.0
a1[1,64]	0.123	0.000961	0.0552	0.037	0.115	0.246	3297.0	0.0574	1.0
a1[2,64]	0.168	0.0013	0.0759	0.0566	0.155	0.343	3417.0	0.0595	1.0
a1[1,65]	0.133	0.00126	0.0757	0.0284	0.118	0.32	3609.0	0.0628	1.0
a1[2,65]	0.131	0.00113	0.0675	0.0378	0.117	0.292	3552.0	0.0618	1.0
a1[1,66]	0.119	0.000707	0.0438	0.0447	0.114	0.209	3839.0	0.0668	1.0
a1[2,66]	0.129	0.000734	0.0458	0.0522	0.126	0.223	3889.0	0.0677	1.0
a1[1,67]	0.136	0.000903	0.0553	0.0489	0.128	0.257	3748.0	0.0652	1.0
a1[2,67]	0.145	0.000953	0.0559	0.051	0.139	0.261	3439.0	0.0598	1.0
a1[1,68]	0.0943	0.000625	0.0383	0.0348	0.088	0.178	3749.0	0.0652	1.0
a1[2,68]	0.151	0.000839	0.0539	0.0551	0.146	0.255	4126.0	0.0718	1.0
a1[1,69]	0.143	0.000995	0.0564	0.0507	0.136	0.264	3215.0	0.0559	1.0
a1[2,69]	0.15	0.00096	0.0564	0.0529	0.146	0.267	3459.0	0.0602	1.0
a1[1,70]	0.147	0.00108	0.0628	0.0517	0.136	0.288	3365.0	0.0585	1.0
a1[2,70]	0.155	0.0012	0.068	0.0497	0.144	0.305	3188.0	0.0555	1.0
a1[1,71]	0.154	0.00102	0.0633	0.0548	0.144	0.297	3879.0	0.0675	1.0
a1[2,71]	0.0961	0.000699	0.044	0.0357	0.0873	0.2	3953.0	0.0688	1.0
a1[1,72]	0.171	0.00121	0.0738	0.0533	0.16	0.308	3725.0	0.0648	1.0
a1[2,72]	0.171	0.00133	0.0731	0.0571	0.158	0.333	3026.0	0.0526	1.0
a1[1,73]	0.115	0.000881	0.0516	0.041	0.105	0.235	3432.0	0.0597	1.0
a1[2,73]	0.162	0.00108	0.0668	0.0526	0.155	0.3	3861.0	0.0672	1.0
a1[1,74]	0.142	0.000946	0.0581	0.0527	0.133	0.274	3768.0	0.0656	1.0
a1[2,74]	0.154	0.00104	0.0624	0.0563	0.144	0.29	3612.0	0.0628	1.0
a1[1,75]	0.106	0.00117	0.0712	0.0198	0.089	0.277	3674.0	0.0639	1.0
a1[2,75]	0.14	0.00133	0.0782	0.0314	0.123	0.322	3469.0	0.0603	1.0
a1[1,76]	0.0762	0.000486	0.0319	0.0277	0.071	0.151	4316.0	0.0751	1.0
a1[2,76]	0.173	0.00116	0.0735	0.0598	0.162	0.34	3997.0	0.0695	1.0
a1[1,77]	0.147	0.00095	0.0611	0.0537	0.137	0.284	4132.0	0.0719	1.0
a1[2,77]	0.101	0.000672	0.0418	0.0385	0.0945	0.197	3868.0	0.0673	0.999
a1[1,78]	0.128	0.00109	0.0634	0.0413	0.115	0.274	3389.0	0.059	1.0
a1[2,78]	0.176	0.00129	0.0758	0.0593	0.165	0.349	3426.0	0.0596	1.0
a1[1,79]	0.079	0.000613	0.0372	0.026	0.0726	0.164	3679.0	0.064	1.0
a1[2,79]	0.08	0.000593	0.0378	0.0266	0.0727	0.167	4079.0	0.071	1.0
a1[1,80]	0.107	0.000751	0.0478	0.0379	0.0986	0.222	4060.0	0.0706	1.0
a1[2,80]	0.132	0.000807	0.0508	0.049	0.125	0.245	3959.0	0.0689	1.0
a1[1,81]	0.114	0.000859	0.0496	0.0402	0.106	0.227	3329.0	0.0579	1.0
a1[2,81]	0.176	0.00128	0.0755	0.0637	0.161	0.353	3469.0	0.0603	1.0
a1[1,82]	0.0643	0.000485	0.0309	0.0219	0.0578	0.135	4043.0	0.0703	0.999
a1[2,82]	0.145	0.000899	0.0542	0.0527	0.14	0.259	3629.0	0.0631	1.0
a1[1,83]	0.0351	0.000448	0.0244	0.00893	0.0287	0.0952	2967.0	0.0516	1.0
a1[2,83]	0.134	0.00116	0.0608	0.0394	0.126	0.265	2742.0	0.0477	1.0
a1[1,84]	0.155	0.00174	0.1	0.0246	0.132	0.384	3323.0	0.0578	1.0
a1[2,84]	0.223	0.00205	0.1	0.0596	0.208	0.434	2410.0	0.0419	1.0
a1[1,85]	0.0695	0.000877	0.0468	0.0155	0.0578	0.184	2845.0	0.0495	1.0
a1[2,85]	0.0906	0.000705	0.0408	0.0277	0.0852	0.18	3348.0	0.0582	1.0
a1[1,86]	0.17	0.00115	0.0704	0.058	0.159	0.331	3781.0	0.0658	1.0
a1[2,86]	0.135	0.0011	0.0631	0.0478	0.122	0.281	3266.0	0.0568	1.0
a1[1,87]	0.14	0.0016	0.0858	0.0291	0.121	0.343	2892.0	0.0503	1.0
a1[2,87]	0.178	0.00137	0.0809	0.0541	0.164	0.356	3504.0	0.061	1.0
a1[1,88]	0.0549	0.000392	0.0256	0.0206	0.0498	0.114	4262.0	0.0741	1.0
a1[2,88]	0.17	0.00105	0.0666	0.0591	0.162	0.315	4020.0	0.0699	1.0
a1[1,89]	0.11	0.00113	0.0719	0.0153	0.0949	0.278	4067.0	0.0708	1.0
a1[2,89]	0.121	0.000952	0.0575	0.0329	0.111	0.249	3643.0	0.0634	1.0
a1[1,90]	0.153	0.00171	0.0852	0.0372	0.134	0.355	2472.0	0.043	1.0
a1[2,90]	0.198	0.00262	0.122	0.0406	0.164	0.479	2164.0	0.0376	1.0
a1[1,91]	0.149	0.00101	0.0626	0.0515	0.14	0.288	3855.0	0.0671	1.0
a1[2,91]	0.124	0.000883	0.0533	0.043	0.115	0.245	3654.0	0.0636	1.0
a1[1,92]	0.101	0.000672	0.0434	0.0343	0.0946	0.197	4180.0	0.0727	1.0
a1[2,92]	0.143	0.000889	0.0567	0.046	0.139	0.254	4072.0	0.0708	1.0
a1[1,93]	0.152	0.00137	0.0818	0.0279	0.14	0.336	3570.0	0.0621	1.0
a1[2,93]	0.123	0.00136	0.083	0.0194	0.104	0.326	3716.0	0.0646	1.0
a2[1,1]	0.0982	0.000636	0.0424	0.0362	0.0911	0.195	4451.0	0.0774	1.0
a2[2,1]	0.139	0.000813	0.0536	0.0553	0.131	0.263	4349.0	0.0757	1.0
a2[1,2]	0.142	0.000798	0.048	0.0579	0.138	0.239	3615.0	0.0629	1.0
a2[2,2]	0.188	0.000931	0.0543	0.0828	0.188	0.288	3402.0	0.0592	1.0
a2[1,3]	0.111	0.000772	0.0497	0.0383	0.102	0.226	4146.0	0.0721	1.0
a2[2,3]	0.139	0.000833	0.0548	0.053	0.13	0.26	4329.0	0.0753	1.0
a2[1,4]	0.13	0.00081	0.0505	0.0506	0.123	0.238	3879.0	0.0675	1.0
a2[2,4]	0.165	0.000912	0.0575	0.0676	0.159	0.285	3972.0	0.0691	0.999
a2[1,5]	0.0889	0.00055	0.0346	0.0345	0.0842	0.165	3943.0	0.0686	1.0
a2[2,5]	0.125	0.000729	0.0453	0.0494	0.119	0.223	3853.0	0.067	1.0
a2[1,6]	0.164	0.00193	0.108	0.0261	0.137	0.421	3113.0	0.0542	1.0
a2[2,6]	0.218	0.00226	0.119	0.0506	0.191	0.495	2773.0	0.0482	1.0
a2[1,7]	0.0882	0.000612	0.0343	0.034	0.0835	0.163	3137.0	0.0546	1.0
a2[2,7]	0.111	0.000632	0.0371	0.0452	0.108	0.185	3447.0	0.06	1.0
a2[1,8]	0.0496	0.000925	0.0393	0.00551	0.0395	0.144	1808.0	0.0314	1.0
a2[2,8]	0.07	0.0011	0.0474	0.0104	0.06	0.179	1851.0	0.0322	1.0
a2[1,9]	0.139	0.00142	0.08	0.0182	0.123	0.325	3163.0	0.055	1.0
a2[2,9]	0.201	0.00169	0.0963	0.0466	0.187	0.413	3248.0	0.0565	1.0
a2[1,10]	0.112	0.000684	0.0453	0.0442	0.105	0.216	4384.0	0.0763	1.0
a2[2,10]	0.166	0.000962	0.0594	0.0695	0.157	0.296	3814.0	0.0664	1.0
a2[1,11]	0.111	0.00129	0.0795	0.0189	0.0929	0.311	3794.0	0.066	1.0
a2[2,11]	0.152	0.00163	0.0993	0.0252	0.132	0.397	3721.0	0.0647	1.0
a2[1,12]	0.0768	0.000526	0.0295	0.0308	0.0724	0.142	3148.0	0.0548	1.0
a2[2,12]	0.111	0.00062	0.0371	0.0472	0.107	0.188	3585.0	0.0624	1.0
a2[1,13]	0.0905	0.00103	0.0605	0.0087	0.0794	0.233	3439.0	0.0598	1.0
a2[2,13]	0.134	0.00125	0.071	0.0288	0.124	0.301	3238.0	0.0563	1.0
a2[1,14]	0.0793	0.00055	0.0348	0.0294	0.0729	0.158	4011.0	0.0698	1.0
a2[2,14]	0.121	0.000744	0.0472	0.0492	0.114	0.227	4019.0	0.0699	1.0
a2[1,15]	0.135	0.000833	0.0512	0.0538	0.128	0.247	3773.0	0.0656	1.0
a2[2,15]	0.18	0.001	0.0596	0.0786	0.173	0.304	3542.0	0.0616	1.0
a2[1,16]	0.13	0.000899	0.0526	0.0513	0.122	0.254	3420.0	0.0595	1.0
a2[2,16]	0.162	0.000944	0.0601	0.066	0.152	0.298	4047.0	0.0704	1.0
a2[1,17]	0.161	0.00126	0.0723	0.0523	0.148	0.32	3319.0	0.0577	1.0
a2[2,17]	0.226	0.0022	0.113	0.0645	0.201	0.483	2665.0	0.0464	1.0
a2[1,18]	0.0878	0.00115	0.054	0.0217	0.0742	0.219	2202.0	0.0383	1.0
a2[2,18]	0.138	0.00131	0.0659	0.0441	0.126	0.294	2530.0	0.044	1.0
a2[1,19]	0.132	0.000879	0.0548	0.049	0.122	0.254	3884.0	0.0676	1.0
a2[2,19]	0.163	0.000932	0.0605	0.0669	0.154	0.293	4215.0	0.0733	1.0
a2[1,20]	0.0883	0.000511	0.0308	0.0356	0.0857	0.152	3636.0	0.0633	1.0
a2[2,20]	0.136	0.000732	0.0449	0.0554	0.131	0.228	3757.0	0.0654	1.0
a2[1,21]	0.0738	0.000742	0.0434	0.0193	0.064	0.175	3418.0	0.0595	1.0
a2[2,21]	0.108	0.00104	0.059	0.0308	0.0956	0.244	3224.0	0.0561	1.0
a2[1,22]	0.14	0.000897	0.0543	0.0548	0.132	0.261	3668.0	0.0638	1.0
a2[2,22]	0.184	0.00106	0.0617	0.0766	0.179	0.309	3367.0	0.0586	1.0
a2[1,23]	0.13	0.00114	0.0665	0.0357	0.118	0.283	3413.0	0.0594	1.0
a2[2,23]	0.161	0.0013	0.0803	0.0442	0.148	0.346	3809.0	0.0663	1.0
a2[1,24]	0.0703	0.000488	0.0303	0.0257	0.065	0.14	3858.0	0.0671	1.0
a2[2,24]	0.111	0.000739	0.0448	0.0418	0.104	0.209	3668.0	0.0638	1.0
a2[1,25]	0.138	0.000882	0.0524	0.0538	0.13	0.253	3536.0	0.0615	1.0
a2[2,25]	0.181	0.00102	0.0601	0.0757	0.175	0.304	3489.0	0.0607	1.0
a2[1,26]	0.0866	0.000523	0.0336	0.0337	0.0821	0.162	4133.0	0.0719	0.999
a2[2,26]	0.122	0.000683	0.0418	0.0494	0.117	0.21	3749.0	0.0652	1.0
a2[1,27]	0.149	0.00105	0.0612	0.0564	0.139	0.284	3387.0	0.0589	1.0
a2[2,27]	0.197	0.00118	0.0716	0.0778	0.188	0.35	3666.0	0.0638	1.0
a2[1,28]	0.0776	0.00108	0.0554	0.00578	0.0671	0.203	2652.0	0.0461	1.0
a2[2,28]	0.114	0.00151	0.0713	0.014	0.103	0.28	2240.0	0.039	1.0
a2[1,29]	0.0861	0.000619	0.0397	0.0291	0.0791	0.177	4119.0	0.0717	1.0
a2[2,29]	0.126	0.000847	0.0526	0.0462	0.118	0.246	3858.0	0.0671	1.0
a2[1,30]	0.28	0.00267	0.1	0.0947	0.28	0.47	1419.0	0.0247	1.0
a2[2,30]	0.371	0.00363	0.129	0.115	0.373	0.607	1259.0	0.0219	1.0
a2[1,31]	0.0891	0.000692	0.0398	0.0304	0.0827	0.178	3299.0	0.0574	1.0
a2[2,31]	0.112	0.000761	0.049	0.0391	0.104	0.221	4139.0	0.072	1.0
a2[1,32]	0.112	0.000915	0.0599	0.0323	0.099	0.253	4291.0	0.0747	1.0
a2[2,32]	0.158	0.00106	0.0706	0.0557	0.144	0.32	4398.0	0.0765	1.0
a2[1,33]	0.0907	0.000802	0.0511	0.0234	0.0804	0.212	4050.0	0.0705	1.0
a2[2,33]	0.142	0.00106	0.0649	0.0428	0.134	0.283	3768.0	0.0655	1.0
a2[1,34]	0.1	0.00134	0.0755	0.0053	0.0868	0.278	3161.0	0.055	1.0
a2[2,34]	0.147	0.00189	0.0994	0.00908	0.133	0.378	2762.0	0.048	1.0
a2[1,35]	0.127	0.000805	0.0484	0.0488	0.12	0.233	3612.0	0.0628	1.0
a2[2,35]	0.164	0.000867	0.0544	0.0706	0.158	0.277	3927.0	0.0683	1.0
a2[1,36]	0.0517	0.0008	0.0379	0.00767	0.0422	0.137	2238.0	0.0389	1.0
a2[2,36]	0.0791	0.00116	0.0543	0.0143	0.0668	0.203	2205.0	0.0384	1.0
a2[1,37]	0.118	0.000755	0.0465	0.0467	0.111	0.221	3803.0	0.0662	1.0
a2[2,37]	0.166	0.000939	0.0567	0.0691	0.159	0.288	3643.0	0.0634	1.0
a2[1,38]	0.109	0.000783	0.0497	0.035	0.101	0.221	4029.0	0.0701	1.0
a2[2,38]	0.145	0.000953	0.0586	0.0531	0.137	0.277	3781.0	0.0658	1.0
a2[1,39]	0.111	0.000732	0.0438	0.0443	0.104	0.211	3581.0	0.0623	1.0
a2[2,39]	0.165	0.00102	0.0583	0.0725	0.156	0.289	3246.0	0.0565	1.0
a2[1,40]	0.0898	0.000645	0.0369	0.027	0.087	0.165	3266.0	0.0568	1.0
a2[2,40]	0.146	0.00103	0.0562	0.0522	0.14	0.264	2996.0	0.0521	1.0
a2[1,41]	0.09	0.000634	0.0393	0.0303	0.0846	0.18	3843.0	0.0669	1.0
a2[2,41]	0.122	0.000757	0.0486	0.0439	0.115	0.225	4128.0	0.0718	1.0
a2[1,42]	0.0926	0.000714	0.0442	0.0308	0.0846	0.19	3839.0	0.0668	1.0
a2[2,42]	0.112	0.000712	0.0441	0.0419	0.107	0.209	3849.0	0.067	1.0
a2[1,43]	0.0496	0.000549	0.0272	0.0142	0.0433	0.113	2461.0	0.0428	1.0
a2[2,43]	0.0881	0.000834	0.0413	0.0298	0.0805	0.181	2455.0	0.0427	1.0
a2[1,44]	0.19	0.0015	0.0766	0.0702	0.179	0.359	2622.0	0.0456	1.0
a2[2,44]	0.227	0.00242	0.0968	0.0392	0.217	0.426	1596.0	0.0278	1.0
a2[1,45]	0.101	0.000885	0.054	0.0244	0.0908	0.226	3720.0	0.0647	1.0
a2[2,45]	0.137	0.00109	0.0654	0.038	0.128	0.284	3572.0	0.0621	1.0
a2[1,46]	0.105	0.000979	0.0605	0.023	0.0939	0.249	3818.0	0.0664	0.999
a2[2,46]	0.141	0.00129	0.0783	0.0208	0.129	0.315	3693.0	0.0642	1.0
a2[1,47]	0.126	0.000794	0.0475	0.0488	0.121	0.227	3581.0	0.0623	1.0
a2[2,47]	0.169	0.00088	0.0519	0.0739	0.166	0.269	3485.0	0.0606	1.0
a2[1,48]	0.0752	0.000528	0.0325	0.0282	0.0688	0.149	3796.0	0.066	1.0
a2[2,48]	0.126	0.000856	0.0477	0.0509	0.119	0.231	3103.0	0.054	1.0
a2[1,49]	0.147	0.000919	0.0544	0.058	0.14	0.268	3502.0	0.0609	1.0
a2[2,49]	0.194	0.00106	0.0631	0.0872	0.187	0.326	3567.0	0.0621	1.0
a2[1,50]	0.077	0.000975	0.0577	0.00384	0.0646	0.212	3505.0	0.061	1.0
a2[2,50]	0.109	0.00131	0.0743	0.00665	0.0967	0.283	3229.0	0.0562	1.0
a2[1,51]	0.0524	0.000821	0.0352	0.0106	0.0436	0.138	1841.0	0.032	1.0
a2[2,51]	0.0695	0.00104	0.0456	0.0117	0.0594	0.175	1914.0	0.0333	1.0
a2[1,52]	0.142	0.00098	0.0569	0.0503	0.134	0.264	3375.0	0.0587	1.0
a2[2,52]	0.182	0.00105	0.0605	0.0756	0.178	0.308	3330.0	0.0579	1.0
a2[1,53]	0.0895	0.000733	0.049	0.0275	0.0791	0.203	4479.0	0.0779	1.0
a2[2,53]	0.141	0.000992	0.0612	0.0503	0.131	0.276	3802.0	0.0661	1.0
a2[1,54]	0.15	0.00107	0.06	0.0569	0.139	0.287	3154.0	0.0549	1.0
a2[2,54]	0.196	0.00119	0.0702	0.0802	0.187	0.347	3472.0	0.0604	0.999
a2[1,55]	0.147	0.000923	0.0538	0.0599	0.14	0.262	3393.0	0.059	0.999
a2[2,55]	0.194	0.00106	0.0616	0.0845	0.188	0.319	3358.0	0.0584	1.0
a2[1,56]	0.216	0.00231	0.0918	0.0672	0.209	0.403	1574.0	0.0274	1.0
a2[2,56]	0.29	0.00273	0.106	0.0966	0.294	0.472	1500.0	0.0261	1.0
a2[1,57]	0.132	0.000881	0.0556	0.0444	0.124	0.258	3987.0	0.0694	1.0
a2[2,57]	0.185	0.00104	0.0653	0.0768	0.178	0.321	3927.0	0.0683	1.0
a2[1,58]	0.0625	0.000617	0.0345	0.0176	0.0549	0.143	3127.0	0.0544	1.0
a2[2,58]	0.113	0.000924	0.0495	0.0383	0.105	0.224	2873.0	0.05	1.0
a2[1,59]	0.15	0.000973	0.0565	0.0584	0.142	0.273	3371.0	0.0586	1.0
a2[2,59]	0.197	0.00124	0.0667	0.082	0.19	0.335	2902.0	0.0505	1.0
a2[1,60]	0.149	0.000961	0.0561	0.0604	0.141	0.269	3401.0	0.0592	1.0
a2[2,60]	0.196	0.00117	0.0671	0.0841	0.187	0.339	3295.0	0.0573	1.0
a2[1,61]	0.11	0.0017	0.068	0.0112	0.1	0.261	1606.0	0.0279	1.0
a2[2,61]	0.155	0.00204	0.083	0.0263	0.145	0.334	1657.0	0.0288	1.0
a2[1,62]	0.14	0.001	0.0643	0.0452	0.127	0.288	4107.0	0.0714	1.0
a2[2,62]	0.176	0.00116	0.0741	0.0622	0.163	0.341	4050.0	0.0705	1.0
a2[1,63]	0.141	0.000958	0.0578	0.0509	0.131	0.273	3643.0	0.0634	1.0
a2[2,63]	0.184	0.0012	0.0693	0.0733	0.175	0.336	3357.0	0.0584	1.0
a2[1,64]	0.0753	0.000657	0.0397	0.021	0.0669	0.169	3645.0	0.0634	1.0
a2[2,64]	0.124	0.00084	0.0502	0.0445	0.117	0.234	3574.0	0.0622	1.0
a2[1,65]	0.13	0.00111	0.0686	0.0281	0.12	0.279	3818.0	0.0664	1.0
a2[2,65]	0.193	0.00135	0.0816	0.0522	0.188	0.359	3665.0	0.0638	1.0
a2[1,66]	0.144	0.000906	0.0566	0.0539	0.135	0.265	3901.0	0.0679	1.0
a2[2,66]	0.19	0.00111	0.0659	0.0786	0.181	0.33	3536.0	0.0615	1.0
a2[1,67]	0.144	0.000823	0.0493	0.06	0.139	0.246	3584.0	0.0624	1.0
a2[2,67]	0.189	0.00094	0.0556	0.085	0.186	0.294	3501.0	0.0609	1.0
a2[1,68]	0.118	0.000759	0.0491	0.043	0.11	0.23	4181.0	0.0727	1.0
a2[2,68]	0.17	0.00106	0.0661	0.0693	0.161	0.321	3866.0	0.0673	1.0
a2[1,69]	0.114	0.000669	0.0425	0.0463	0.108	0.209	4026.0	0.07	1.0
a2[2,69]	0.141	0.000777	0.0486	0.0604	0.136	0.245	3905.0	0.0679	1.0
a2[1,70]	0.0983	0.000638	0.0405	0.0313	0.0947	0.182	4034.0	0.0702	1.0
a2[2,70]	0.136	0.000785	0.0481	0.0485	0.134	0.23	3752.0	0.0653	1.0
a2[1,71]	0.069	0.000621	0.036	0.0213	0.0615	0.153	3351.0	0.0583	1.0
a2[2,71]	0.0962	0.000791	0.0479	0.0307	0.0865	0.205	3659.0	0.0637	1.0
a2[1,72]	0.145	0.000978	0.0552	0.0537	0.138	0.263	3189.0	0.0555	1.0
a2[2,72]	0.192	0.00118	0.0666	0.0798	0.184	0.33	3192.0	0.0555	1.0
a2[1,73]	0.0996	0.000659	0.0396	0.0343	0.0946	0.183	3612.0	0.0628	1.0
a2[2,73]	0.139	0.000773	0.0474	0.0523	0.137	0.23	3756.0	0.0653	1.0
a2[1,74]	0.108	0.000612	0.0398	0.0439	0.103	0.197	4232.0	0.0736	1.0
a2[2,74]	0.16	0.000874	0.0556	0.0676	0.153	0.278	4049.0	0.0704	1.0
a2[1,75]	0.0988	0.00103	0.064	0.0171	0.0842	0.247	3841.0	0.0668	1.0
a2[2,75]	0.137	0.00132	0.079	0.0274	0.123	0.321	3583.0	0.0623	1.0
a2[1,76]	0.0906	0.00058	0.0374	0.0346	0.0851	0.178	4160.0	0.0724	1.0
a2[2,76]	0.116	0.000696	0.0459	0.0453	0.109	0.217	4348.0	0.0756	1.0
a2[1,77]	0.119	0.000679	0.0438	0.0495	0.113	0.214	4161.0	0.0724	1.0
a2[2,77]	0.169	0.000889	0.0555	0.0742	0.163	0.286	3895.0	0.0678	1.0
a2[1,78]	0.126	0.000974	0.0603	0.0437	0.115	0.264	3829.0	0.0666	1.0
a2[2,78]	0.17	0.00103	0.0638	0.0686	0.161	0.311	3864.0	0.0672	1.0
a2[1,79]	0.0846	0.000599	0.0356	0.0312	0.0784	0.165	3533.0	0.0615	1.0
a2[2,79]	0.106	0.000662	0.0425	0.0396	0.1	0.201	4132.0	0.0719	1.0
a2[1,80]	0.119	0.000728	0.0472	0.0474	0.111	0.222	4198.0	0.073	1.0
a2[2,80]	0.167	0.000949	0.0595	0.07	0.159	0.297	3930.0	0.0684	1.0
a2[1,81]	0.0751	0.000528	0.0321	0.0268	0.0694	0.147	3698.0	0.0643	1.0
a2[2,81]	0.115	0.00076	0.0449	0.0453	0.108	0.217	3496.0	0.0608	1.0
a2[1,82]	0.0644	0.000557	0.0325	0.0204	0.0578	0.141	3415.0	0.0594	1.0
a2[2,82]	0.104	0.000814	0.0436	0.0373	0.0974	0.2	2875.0	0.05	1.0
a2[1,83]	0.12	0.000822	0.0504	0.0397	0.113	0.231	3757.0	0.0654	1.0
a2[2,83]	0.16	0.000845	0.0517	0.0672	0.156	0.265	3748.0	0.0652	1.0
a2[1,84]	0.0626	0.000963	0.0443	0.0108	0.0507	0.165	2121.0	0.0369	1.0
a2[2,84]	0.0887	0.00122	0.0568	0.0167	0.0769	0.219	2171.0	0.0378	1.0
a2[1,85]	0.0818	0.000908	0.0519	0.0129	0.0725	0.206	3264.0	0.0568	1.0
a2[2,85]	0.136	0.00106	0.0661	0.0341	0.128	0.286	3875.0	0.0674	1.0
a2[1,86]	0.156	0.00115	0.0649	0.0603	0.143	0.31	3166.0	0.0551	1.0
a2[2,86]	0.192	0.001	0.0601	0.0874	0.187	0.311	3596.0	0.0626	1.0
a2[1,87]	0.0822	0.00111	0.0613	0.00377	0.0706	0.228	3020.0	0.0525	1.0
a2[2,87]	0.116	0.00145	0.0795	0.00534	0.104	0.3	3008.0	0.0523	1.0
a2[1,88]	0.0941	0.000563	0.0358	0.0371	0.0889	0.173	4042.0	0.0703	1.0
a2[2,88]	0.13	0.000707	0.0452	0.0526	0.125	0.224	4095.0	0.0712	1.0
a2[1,89]	0.057	0.000648	0.032	0.0159	0.0495	0.132	2434.0	0.0424	1.0
a2[2,89]	0.0842	0.000895	0.044	0.0252	0.075	0.185	2413.0	0.042	1.0
a2[1,90]	0.162	0.00173	0.0887	0.036	0.145	0.358	2643.0	0.046	1.0
a2[2,90]	0.197	0.00202	0.1	0.045	0.179	0.413	2461.0	0.0428	1.0
a2[1,91]	0.114	0.000723	0.0451	0.045	0.107	0.214	3887.0	0.0676	1.0
a2[2,91]	0.149	0.000846	0.0541	0.0619	0.142	0.266	4085.0	0.0711	1.0
a2[1,92]	0.116	0.000737	0.046	0.0425	0.11	0.216	3888.0	0.0676	1.0
a2[2,92]	0.163	0.00094	0.0575	0.0654	0.157	0.287	3740.0	0.0651	1.0
a2[1,93]	0.0976	0.00122	0.0678	0.00853	0.0855	0.26	3114.0	0.0542	1.0
a2[2,93]	0.125	0.00157	0.083	0.00964	0.111	0.319	2806.0	0.0488	1.0
c1[1,1]	0.0281	0.000313	0.0216	8.42e-05	0.023	0.0802	4783.0	0.0832	1.0
c1[2,1]	0.00589	0.000138	0.00887	3.06e-06	0.00247	0.0298	4115.0	0.0716	1.0
c1[1,2]	0.0195	0.000287	0.0177	3.96e-05	0.0145	0.0629	3782.0	0.0658	1.0
c1[2,2]	0.0158	0.000273	0.018	4.48e-06	0.00984	0.0616	4339.0	0.0755	1.0
c1[1,3]	0.0141	0.000212	0.015	1.28e-06	0.00944	0.0509	4992.0	0.0868	1.0
c1[2,3]	0.00463	0.000118	0.0078	4.87e-08	0.00164	0.0255	4370.0	0.076	1.0
c1[1,4]	0.00765	0.000166	0.0102	1.61e-05	0.00389	0.0346	3788.0	0.0659	1.0
c1[2,4]	0.0124	0.00021	0.0134	0.000147	0.00807	0.0469	4078.0	0.0709	1.0
c1[1,5]	0.0228	0.000315	0.0202	0.000281	0.0175	0.0719	4084.0	0.0711	1.0
c1[2,5]	0.0236	0.000312	0.0202	0.000464	0.0181	0.0726	4185.0	0.0728	1.0
c1[1,6]	0.212	0.00283	0.117	0.000314	0.222	0.414	1698.0	0.0295	1.0
c1[2,6]	0.136	0.00129	0.0614	0.000425	0.136	0.255	2251.0	0.0392	1.0
c1[1,7]	0.0187	0.000341	0.022	6.27e-08	0.011	0.0738	4152.0	0.0722	1.0
c1[2,7]	0.00442	0.000117	0.00759	9.97e-09	0.00124	0.0242	4237.0	0.0737	1.0
c1[1,8]	0.00596	0.00022	0.0128	4.05e-09	0.000912	0.0404	3408.0	0.0593	1.0
c1[2,8]	0.00318	0.000151	0.0087	1.5e-10	0.000305	0.0216	3315.0	0.0577	1.0
c1[1,9]	0.0492	0.00107	0.0592	2.59e-07	0.0282	0.197	3077.0	0.0535	1.0
c1[2,9]	0.0597	0.00141	0.0654	2.03e-08	0.0364	0.207	2151.0	0.0374	1.0
c1[1,10]	0.003	0.000101	0.00638	3.67e-09	0.000535	0.0184	3993.0	0.0695	1.0
c1[2,10]	0.00154	6.07e-05	0.00393	1.3e-10	0.000154	0.0112	4194.0	0.073	1.0
c1[1,11]	0.0627	0.00101	0.0526	0.000683	0.0504	0.187	2704.0	0.047	1.0
c1[2,11]	0.174	0.00149	0.0814	0.0217	0.17	0.329	2977.0	0.0518	1.0
c1[1,12]	0.00435	0.00013	0.0082	6.44e-09	0.00107	0.0258	3976.0	0.0692	1.0
c1[2,12]	0.0041	0.000133	0.00827	6.79e-10	0.000515	0.028	3836.0	0.0667	1.0
c1[1,13]	0.137	0.00357	0.154	4.11e-06	0.0771	0.514	1854.0	0.0323	1.0
c1[2,13]	0.0747	0.00108	0.059	6.64e-07	0.0695	0.2	2995.0	0.0521	1.0
c1[1,14]	0.00295	0.000107	0.00644	1.6e-09	0.000498	0.0197	3633.0	0.0632	1.0
c1[2,14]	0.00162	6.99e-05	0.00411	1.68e-10	0.000139	0.0119	3454.0	0.0601	1.0
c1[1,15]	0.00364	0.000127	0.00787	1.59e-09	0.000554	0.0247	3818.0	0.0664	1.0
c1[2,15]	0.00179	7.56e-05	0.00445	1.31e-10	0.000174	0.0133	3470.0	0.0604	1.0
c1[1,16]	0.00276	0.000107	0.00607	1.29e-09	0.00043	0.0183	3235.0	0.0563	1.0
c1[2,16]	0.00159	6.22e-05	0.00385	1.06e-10	0.000159	0.0109	3826.0	0.0666	1.0
c1[1,17]	0.00367	0.000121	0.00726	3.39e-09	0.000645	0.0227	3626.0	0.0631	1.0
c1[2,17]	0.00303	0.000119	0.00789	2.3e-10	0.000232	0.0213	4377.0	0.0762	1.0
c1[1,18]	0.07	0.00196	0.0688	1.01e-07	0.0581	0.207	1235.0	0.0215	1.0
c1[2,18]	0.00713	0.00019	0.0106	1.44e-08	0.00267	0.0354	3093.0	0.0538	1.0
c1[1,19]	0.00288	9.75e-05	0.00608	2.98e-09	0.000473	0.0188	3896.0	0.0678	1.0
c1[2,19]	0.00172	7.32e-05	0.00479	9.86e-11	0.00013	0.0126	4276.0	0.0744	1.0
c1[1,20]	0.0029	9.7e-05	0.00618	1.72e-09	0.00048	0.0186	4056.0	0.0706	1.0
c1[2,20]	0.00156	5.98e-05	0.00384	7.82e-11	0.000136	0.0123	4129.0	0.0718	0.999
c1[1,21]	0.017	0.000426	0.027	5.44e-09	0.00352	0.0892	3998.0	0.0696	0.999
c1[2,21]	0.00475	0.000162	0.0101	4.7e-10	0.000767	0.0313	3854.0	0.0671	1.0
c1[1,22]	0.00264	8.91e-05	0.00565	2.3e-09	0.000421	0.0173	4023.0	0.07	1.0
c1[2,22]	0.00148	5.68e-05	0.0036	1.51e-10	0.000138	0.0113	4029.0	0.0701	1.0
c1[1,23]	0.147	0.000711	0.0484	0.063	0.143	0.247	4642.0	0.0808	0.999
c1[2,23]	0.069	0.000599	0.0386	0.00874	0.0642	0.15	4146.0	0.0721	1.0
c1[1,24]	0.00382	0.000127	0.00792	3.69e-09	0.000639	0.0256	3880.0	0.0675	1.0
c1[2,24]	0.00203	8.6e-05	0.00515	5.29e-10	0.000198	0.0145	3588.0	0.0624	1.0
c1[1,25]	0.00266	9.69e-05	0.00579	2.77e-09	0.000454	0.0172	3563.0	0.062	1.0
c1[2,25]	0.00145	6.04e-05	0.00378	3.48e-10	0.000132	0.0107	3907.0	0.068	1.0
c1[1,26]	0.00381	0.00013	0.00811	5.62e-09	0.000583	0.0261	3901.0	0.0679	1.0
c1[2,26]	0.00185	7.91e-05	0.00455	3.17e-10	0.000171	0.0141	3312.0	0.0576	1.0
c1[1,27]	0.00774	0.000187	0.0121	6.99e-09	0.00257	0.0397	4179.0	0.0727	1.0
c1[2,27]	0.00261	8.72e-05	0.00562	6.17e-10	0.000445	0.0171	4154.0	0.0723	1.0
c1[1,28]	0.135	0.00385	0.167	3.4e-07	0.0537	0.537	1878.0	0.0327	1.0
c1[2,28]	0.0429	0.00133	0.0619	5.14e-08	0.012	0.207	2177.0	0.0379	1.0
c1[1,29]	0.00587	0.000181	0.0115	1.54e-08	0.00132	0.0356	4022.0	0.07	1.0
c1[2,29]	0.00729	0.000261	0.0161	7.17e-10	0.000619	0.0512	3818.0	0.0664	1.0
c1[1,30]	0.011	0.000467	0.0215	1.07e-08	0.00182	0.0748	2110.0	0.0367	1.0
c1[2,30]	0.00834	0.000322	0.0177	1.22e-09	0.000777	0.0592	3035.0	0.0528	1.0
c1[1,31]	0.00339	0.000114	0.007	2.67e-09	0.00057	0.0226	3743.0	0.0651	1.0
c1[2,31]	0.00291	0.000146	0.00838	2.73e-10	0.00021	0.0228	3297.0	0.0574	1.0
c1[1,32]	0.0404	0.000439	0.0294	0.000697	0.035	0.109	4493.0	0.0782	1.0
c1[2,32]	0.00733	0.000158	0.0102	4.29e-06	0.00348	0.034	4138.0	0.072	1.0
c1[1,33]	0.0053	0.000171	0.0108	4.06e-09	0.00104	0.0329	3953.0	0.0688	1.0
c1[2,33]	0.00441	0.000134	0.00871	4.21e-10	0.000578	0.0277	4202.0	0.0731	1.0
c1[1,34]	0.0321	0.000991	0.0595	1.41e-08	0.00515	0.199	3598.0	0.0626	1.0
c1[2,34]	0.0141	0.000523	0.03	1.71e-09	0.00156	0.0965	3292.0	0.0573	1.0
c1[1,35]	0.00757	0.000153	0.00982	7.56e-06	0.00403	0.0327	4115.0	0.0716	1.0
c1[2,35]	0.0117	0.000212	0.013	7.23e-05	0.00739	0.0435	3739.0	0.0651	1.0
c1[1,36]	0.128	0.00174	0.104	2.28e-06	0.119	0.341	3540.0	0.0616	1.0
c1[2,36]	0.0597	0.00109	0.0664	6.4e-07	0.0356	0.222	3737.0	0.065	1.0
c1[1,37]	0.00303	9.93e-05	0.00617	1.36e-09	0.000512	0.0195	3865.0	0.0672	1.0
c1[2,37]	0.00154	6.59e-05	0.0039	7.73e-11	0.000149	0.0111	3493.0	0.0608	1.0
c1[1,38]	0.0247	0.000373	0.0248	4.29e-07	0.0182	0.0834	4402.0	0.0766	0.999
c1[2,38]	0.00501	0.000126	0.00777	6.72e-08	0.00183	0.0255	3782.0	0.0658	1.0
c1[1,39]	0.0156	0.000238	0.0163	1.36e-06	0.0103	0.0576	4690.0	0.0816	1.0
c1[2,39]	0.00404	0.00011	0.00684	6.29e-08	0.00129	0.0223	3852.0	0.067	1.0
c1[1,40]	0.00679	0.00022	0.0141	7.22e-09	0.00112	0.0436	4083.0	0.071	1.0
c1[2,40]	0.00276	0.000108	0.00669	5.62e-10	0.000314	0.0194	3807.0	0.0662	1.0
c1[1,41]	0.0261	0.000437	0.0255	0.000287	0.0183	0.0894	3404.0	0.0592	1.0
c1[2,41]	0.0893	0.000693	0.0404	0.021	0.0845	0.178	3403.0	0.0592	1.0
c1[1,42]	0.0285	0.000515	0.0301	1.47e-07	0.0203	0.0986	3411.0	0.0593	1.0
c1[2,42]	0.0139	0.000324	0.0182	1.94e-08	0.00636	0.062	3152.0	0.0548	1.0
c1[1,43]	0.00634	0.000252	0.0148	3.47e-09	0.000796	0.0444	3443.0	0.0599	1.0
c1[2,43]	0.00244	0.000102	0.00589	2.8e-10	0.000241	0.0174	3314.0	0.0577	1.0
c1[1,44]	0.0112	0.000308	0.0199	1.09e-08	0.00233	0.0688	4144.0	0.0721	1.0
c1[2,44]	0.00977	0.000391	0.0255	9.35e-10	0.000826	0.0749	4254.0	0.074	1.0
c1[1,45]	0.069	0.00106	0.0645	4.64e-07	0.0569	0.213	3737.0	0.065	1.0
c1[2,45]	0.0304	0.000565	0.0337	9.32e-08	0.0198	0.112	3559.0	0.0619	1.0
c1[1,46]	0.177	0.00538	0.163	1.59e-06	0.148	0.513	921.0	0.016	1.01
c1[2,46]	0.23	0.00865	0.245	1.03e-07	0.105	0.687	804.0	0.014	1.01
c1[1,47]	0.00371	0.000142	0.00867	1.84e-09	0.000543	0.0244	3703.0	0.0644	1.0
c1[2,47]	0.00163	6.49e-05	0.00404	1.88e-10	0.000161	0.012	3877.0	0.0675	0.999
c1[1,48]	0.00323	0.00011	0.00679	2e-09	0.000494	0.0212	3801.0	0.0661	1.0
c1[2,48]	0.00167	6.95e-05	0.00435	2.01e-10	0.000154	0.0125	3919.0	0.0682	1.0
c1[1,49]	0.0726	0.000513	0.0337	0.0222	0.0672	0.147	4321.0	0.0752	1.0
c1[2,49]	0.00958	0.000184	0.0117	4.36e-05	0.00547	0.0409	4066.0	0.0707	1.0
c1[1,50]	0.0756	0.00192	0.103	5.63e-08	0.0235	0.34	2877.0	0.0501	1.0
c1[2,50]	0.0693	0.0021	0.109	5.25e-09	0.0101	0.35	2681.0	0.0466	1.0
c1[1,51]	0.0403	0.000725	0.0441	4.42e-06	0.0256	0.153	3711.0	0.0646	1.0
c1[2,51]	0.177	0.00298	0.127	3.79e-07	0.186	0.409	1827.0	0.0318	1.0
c1[1,52]	0.0203	0.000312	0.021	2.11e-07	0.015	0.0697	4542.0	0.079	1.0
c1[2,52]	0.00452	0.000121	0.00764	1.71e-08	0.00144	0.0258	3982.0	0.0693	1.0
c1[1,53]	0.00541	0.000196	0.0121	5.13e-09	0.000719	0.039	3793.0	0.066	1.0
c1[2,53]	0.0019	7.83e-05	0.00484	3.02e-10	0.000205	0.0137	3812.0	0.0663	1.0
c1[1,54]	0.00315	0.000119	0.00693	2.12e-09	0.000483	0.0206	3397.0	0.0591	1.0
c1[2,54]	0.00178	7.63e-05	0.0047	1.09e-10	0.000155	0.0132	3797.0	0.0661	1.0
c1[1,55]	0.00354	0.000113	0.00702	4.59e-09	0.000735	0.0227	3881.0	0.0675	1.0
c1[2,55]	0.00335	0.000114	0.00731	1.01e-09	0.000333	0.0232	4130.0	0.0718	1.0
c1[1,56]	0.0793	0.0027	0.0702	2.53e-07	0.0795	0.214	676.0	0.0118	1.0
c1[2,56]	0.0379	0.00123	0.0407	1.78e-08	0.0261	0.131	1094.0	0.019	1.0
c1[1,57]	0.00642	0.00018	0.0116	1.95e-09	0.00123	0.0384	4165.0	0.0725	1.0
c1[2,57]	0.00242	8.88e-05	0.00562	1.87e-10	0.000304	0.0166	4001.0	0.0696	1.0
c1[1,58]	0.0109	0.000405	0.0248	8.56e-09	0.00138	0.0766	3749.0	0.0652	1.0
c1[2,58]	0.00264	0.000104	0.00605	5.67e-10	0.000334	0.0179	3368.0	0.0586	1.0
c1[1,59]	0.00732	0.000158	0.01	4.31e-06	0.00349	0.0339	4024.0	0.07	0.999
c1[2,59]	0.0115	0.000192	0.0129	6.55e-06	0.00712	0.0429	4482.0	0.078	1.0
c1[1,60]	0.00295	0.000104	0.00601	1.49e-09	0.00051	0.0189	3324.0	0.0578	1.0
c1[2,60]	0.00185	7.07e-05	0.00444	1.18e-10	0.000163	0.0138	3954.0	0.0688	1.0
c1[1,61]	0.341	0.009	0.23	2.04e-05	0.397	0.681	650.0	0.0113	1.0
c1[2,61]	0.0996	0.00231	0.0684	4.38e-06	0.102	0.227	880.0	0.0153	1.0
c1[1,62]	0.0181	0.00035	0.0229	9.01e-08	0.00969	0.0751	4266.0	0.0742	1.0
c1[2,62]	0.00588	0.000178	0.0111	8.87e-09	0.00137	0.0347	3884.0	0.0676	1.0
c1[1,63]	0.0979	0.000642	0.0399	0.0325	0.0923	0.183	3860.0	0.0671	1.0
c1[2,63]	0.152	0.000777	0.0488	0.0663	0.147	0.254	3940.0	0.0685	1.0
c1[1,64]	0.0345	0.000463	0.0298	9.66e-06	0.0276	0.104	4142.0	0.0721	1.0
c1[2,64]	0.0062	0.000149	0.00929	5.37e-07	0.00261	0.031	3871.0	0.0673	1.0
c1[1,65]	0.12	0.0012	0.0634	0.00027	0.119	0.243	2771.0	0.0482	1.0
c1[2,65]	0.0433	0.000531	0.0301	0.00017	0.0383	0.11	3208.0	0.0558	1.0
c1[1,66]	0.00267	9.57e-05	0.00584	4.93e-09	0.000447	0.017	3724.0	0.0648	1.0
c1[2,66]	0.00156	6.4e-05	0.00402	2.64e-10	0.000146	0.0113	3938.0	0.0685	1.0
c1[1,67]	0.00267	0.000104	0.00591	1.49e-09	0.00046	0.0177	3206.0	0.0558	1.0
c1[2,67]	0.00149	5.95e-05	0.00365	1.64e-10	0.000137	0.0115	3767.0	0.0655	1.0
c1[1,68]	0.00319	0.00011	0.00681	2.1e-09	0.000529	0.0202	3837.0	0.0668	1.0
c1[2,68]	0.00163	6.52e-05	0.00401	1.73e-10	0.000155	0.0122	3776.0	0.0657	1.0
c1[1,69]	0.00262	8.68e-05	0.00538	4.23e-09	0.000431	0.0174	3838.0	0.0668	1.0
c1[2,69]	0.0015	5.94e-05	0.00391	1.17e-10	0.000143	0.0108	4327.0	0.0753	0.999
c1[1,70]	0.0445	0.000466	0.0292	0.00196	0.0398	0.112	3946.0	0.0687	1.0
c1[2,70]	0.0578	0.000506	0.0318	0.0102	0.0526	0.128	3939.0	0.0685	1.0
c1[1,71]	0.00364	0.000124	0.00741	4.39e-09	0.000637	0.0232	3561.0	0.0619	1.0
c1[2,71]	0.00236	9.25e-05	0.00608	2.16e-10	0.000228	0.0178	4311.0	0.075	1.0
c1[1,72]	0.0542	0.00046	0.0294	0.0115	0.0492	0.119	4080.0	0.071	1.0
c1[2,72]	0.00766	0.000151	0.00959	2.21e-05	0.00424	0.0326	4038.0	0.0703	1.0
c1[1,73]	0.0386	0.000385	0.0249	0.00385	0.0339	0.0987	4188.0	0.0729	1.0
c1[2,73]	0.039	0.000372	0.0245	0.00309	0.0349	0.0928	4315.0	0.0751	1.0
c1[1,74]	0.00279	9.98e-05	0.00593	3.52e-09	0.000489	0.0177	3526.0	0.0614	1.0
c1[2,74]	0.00153	6.49e-05	0.00403	1.55e-10	0.000136	0.0111	3848.0	0.067	1.0
c1[1,75]	0.595	0.00164	0.102	0.387	0.595	0.779	3840.0	0.0668	1.0
c1[2,75]	0.659	0.0014	0.0895	0.474	0.661	0.823	4063.0	0.0707	1.0
c1[1,76]	0.00307	0.000103	0.00649	2.22e-09	0.000507	0.0199	3981.0	0.0693	1.0
c1[2,76]	0.00183	7.83e-05	0.00482	1.03e-10	0.000168	0.0137	3795.0	0.066	1.0
c1[1,77]	0.00279	9.36e-05	0.00577	1.56e-09	0.000478	0.0177	3807.0	0.0662	1.0
c1[2,77]	0.00164	6.9e-05	0.00406	6.01e-11	0.00015	0.0121	3466.0	0.0603	1.0
c1[1,78]	0.319	0.000997	0.0662	0.192	0.315	0.453	4407.0	0.0767	1.0
c1[2,78]	0.0774	0.000537	0.0342	0.0238	0.0727	0.153	4064.0	0.0707	1.0
c1[1,79]	0.00355	0.000123	0.00754	4.59e-09	0.000604	0.0227	3753.0	0.0653	1.0
c1[2,79]	0.00223	9.71e-05	0.00619	1.9e-10	0.000183	0.0168	4059.0	0.0706	1.0
c1[1,80]	0.00281	0.000105	0.00618	1.86e-09	0.000471	0.0192	3499.0	0.0609	1.0
c1[2,80]	0.0016	7.16e-05	0.0043	1.28e-10	0.000166	0.0116	3602.0	0.0627	1.0
c1[1,81]	0.00313	0.000102	0.0065	5.01e-09	0.000507	0.021	4094.0	0.0712	1.0
c1[2,81]	0.00169	6.78e-05	0.00417	3.8e-10	0.000163	0.0124	3789.0	0.0659	1.0
c1[1,82]	0.00783	0.00024	0.0149	6.88e-09	0.00136	0.0481	3895.0	0.0678	1.0
c1[2,82]	0.00247	8.8e-05	0.00568	3.55e-10	0.000368	0.0159	4167.0	0.0725	1.0
c1[1,83]	0.0686	0.000835	0.0491	2.76e-05	0.0604	0.179	3459.0	0.0602	1.0
c1[2,83]	0.00983	0.000217	0.0128	2.78e-06	0.00508	0.0419	3506.0	0.061	1.0
c1[1,84]	0.0111	0.000386	0.0237	7.26e-09	0.00178	0.0732	3777.0	0.0657	0.999
c1[2,84]	0.00712	0.000363	0.018	3.48e-10	0.000632	0.0532	2463.0	0.0429	1.0
c1[1,85]	0.126	0.00191	0.103	3.89e-06	0.115	0.333	2914.0	0.0507	1.0
c1[2,85]	0.0247	0.000386	0.0248	8.31e-07	0.0177	0.0868	4132.0	0.0719	1.0
c1[1,86]	0.0495	0.000469	0.0285	0.00927	0.0447	0.116	3705.0	0.0645	1.0
c1[2,86]	0.0345	0.00037	0.0224	0.00488	0.0296	0.0874	3656.0	0.0636	1.0
c1[1,87]	0.622	0.00831	0.159	0.00864	0.638	0.849	366.0	0.00638	1.01
c1[2,87]	0.267	0.00404	0.116	0.00394	0.256	0.519	823.0	0.0143	1.0
c1[1,88]	0.00357	0.000125	0.00738	3.31e-09	0.000584	0.0236	3513.0	0.0611	1.0
c1[2,88]	0.00212	8.89e-05	0.00561	1.28e-10	0.000178	0.0156	3981.0	0.0693	1.0
c1[1,89]	0.0155	0.000518	0.032	7.63e-09	0.00247	0.107	3819.0	0.0664	1.0
c1[2,89]	0.00597	0.000202	0.0127	9.04e-10	0.000812	0.0415	3973.0	0.0691	1.0
c1[1,90]	0.0412	0.00123	0.048	7.86e-08	0.0197	0.153	1529.0	0.0266	1.0
c1[2,90]	0.0394	0.00122	0.0498	5.04e-09	0.0134	0.159	1665.0	0.029	1.0
c1[1,91]	0.0273	0.000306	0.0208	4.2e-05	0.0225	0.0762	4616.0	0.0803	1.0
c1[2,91]	0.00611	0.000142	0.00885	5.29e-07	0.00274	0.0309	3868.0	0.0673	1.0
c1[1,92]	0.0287	0.000372	0.0254	1.5e-05	0.0225	0.0904	4665.0	0.0811	1.0
c1[2,92]	0.0112	0.000217	0.0143	1.75e-06	0.00571	0.0476	4326.0	0.0753	1.0
c1[1,93]	0.051	0.0013	0.0822	3.29e-08	0.00996	0.279	3966.0	0.069	1.0
c1[2,93]	0.0207	0.000674	0.0419	2.91e-09	0.00284	0.136	3871.0	0.0673	1.0
